"true_ci","corr_disadv_error","gs_ci","se_gs_ci","mb_ci","se_mb_ci","nv_ci","se_nv_ci"
0.5,-0.5,0.486526269809799,0.0245193461402936,0.469526318890468,0.0429634320015297,0.346981793942969,0.0252433762603049
0.5,-0.5,0.509583305279435,0.025605668185899,0.494601902969133,0.0459032005540089,0.374572945642781,0.0263376739709891
0.5,-0.5,0.507801182090986,0.0258338187007555,0.48359487896095,0.04613562710562,0.339704652167322,0.0264350789010132
0.5,-0.5,0.490462570253708,0.0241819611223195,0.442457860580937,0.0391289124753105,0.329869758613012,0.0250138943305617
0.5,-0.5,0.514252906970977,0.0249442347579732,0.552559765167173,0.0522173442568781,0.385358410910067,0.0258747433752432
0.5,-0.5,0.457776817625066,0.0229849350886008,0.517873436802912,0.061992926911915,0.326281091176472,0.0237557364841164
0.5,-0.5,0.50023220336976,0.025255847276704,0.530383688549377,0.0532497698175903,0.371760780319345,0.0259662855073349
0.5,-0.5,0.500647240975366,0.023935986390008,0.526995829133801,0.0596977809722661,0.347750321044031,0.0249569914961065
0.5,-0.5,0.489767486901582,0.0242868598992833,0.491719302178102,0.0469319890071939,0.335916147709834,0.0250912753698292
0.5,-0.5,0.473620169204658,0.0229058399434663,0.490136411852031,0.0476480753018986,0.347710361361204,0.0238458483403985
0.5,-0.5,0.509777599608835,0.0238059001389376,0.522562516390646,0.0520303467329373,0.341768772490759,0.024973632092063
0.5,-0.5,0.473161716592847,0.0254040310333251,0.499978622395079,0.0456444011751543,0.347540605050323,0.0258217427286779
0.5,-0.5,0.494623940103264,0.0237561346164159,0.485056749830613,0.041715311667565,0.360241980110569,0.024741623721182
0.5,-0.5,0.491137687321347,0.0240120766650548,0.465645128539835,0.0420090214250556,0.331152183014206,0.0248960102188808
0.5,-0.5,0.50026831849439,0.0257736199393429,0.489842262929151,0.0432332385896545,0.361780389729969,0.0263637407347159
0.5,-0.5,0.493199954253306,0.0234235984247863,0.550526044367774,0.0670589929110343,0.337957506488266,0.0244851872672173
0.5,-0.5,0.506740194643175,0.0233319380543749,0.452056111230854,0.0382322053976036,0.35477754834263,0.0245837467240372
0.5,-0.5,0.452986359113001,0.0230053344289952,0.469973350936735,0.0438981908227054,0.327368025656154,0.0237227262504682
0.5,-0.5,0.476867892117661,0.0249590265702812,0.491364044915616,0.0470743707786424,0.348060562110288,0.0254977332712451
0.5,-0.5,0.509015505553733,0.0253601601241137,0.477551683864067,0.0488353926366681,0.324763294413207,0.0260594196761824
0.5,-0.5,0.5457469682941,0.0252354736942451,0.515199667472237,0.0409190563194248,0.399753738352463,0.0264989071103619
0.5,-0.5,0.514471462908805,0.0254253942641711,0.493791813409405,0.04378510174467,0.362526907059693,0.0262416614198302
0.5,-0.5,0.539355592471276,0.0258488143491858,0.563949605247542,0.0535912806791536,0.364929165477571,0.0268435461644571
0.5,-0.5,0.466542188570792,0.0230285470906578,0.47322228470811,0.0409564104536441,0.347398826436956,0.0238615164937602
0.5,-0.5,0.504882512756173,0.0248006978327272,0.451113937372913,0.0412896706595331,0.358539447968257,0.0256601390573989
0.5,-0.5,0.515483491401687,0.0244231264823389,0.513179883483086,0.042567048487212,0.380017086411653,0.0254939790110157
0.5,-0.5,0.466052156523784,0.0225055253267719,0.487153858083389,0.0527445968197327,0.314464373433366,0.023482598612144
0.5,-0.5,0.504045373873495,0.0252623839600139,0.482154804409195,0.0400155880480602,0.351275545828652,0.0259939023238942
0.5,-0.5,0.508083561229584,0.0245488815242329,0.524023134303706,0.0509960474705477,0.377158024402205,0.0255006899482766
0.5,-0.5,0.453561404504307,0.0224762747858747,0.417333974997064,0.0357864117171288,0.327131864122387,0.0233106133201861
0.5,-0.5,0.472691785393022,0.0214564271918111,0.532126679342501,0.0491057796061182,0.346161564727574,0.0227128211787397
0.5,-0.5,0.512725483903115,0.02480826644391,0.509399024743677,0.0469699439570705,0.351114051574293,0.0257491931982422
0.5,-0.5,0.525180633512108,0.0253059005071993,0.511125296715672,0.0464497144456573,0.376971836550355,0.0262860346254191
0.5,-0.5,0.500553500165416,0.0234480521319711,0.454561604449767,0.0423256141383403,0.318358856066945,0.0245834063740086
0.5,-0.5,0.524595295199378,0.024289000051827,0.528229248524374,0.0462064753430512,0.378318877535675,0.0255167105061191
0.5,-0.5,0.513100525893332,0.0255163454413057,0.548939201855632,0.0568989521535881,0.382999070338957,0.0263081452190058
0.5,-0.5,0.462763502841458,0.022283534618636,0.41834823289687,0.0357683825709766,0.329274391792217,0.0232617566740494
0.5,-0.5,0.477417317664761,0.022547958608644,0.503953756704186,0.0462398202223437,0.350043319213418,0.0236093757038684
0.5,-0.5,0.545576107051048,0.0267970801856212,0.544787108996253,0.0556681579961228,0.388571027744861,0.0276539923978005
0.5,-0.5,0.502067617007004,0.0245264391611794,0.570876846092766,0.0610562321953493,0.35852553154095,0.0254198489492895
0.5,-0.5,0.496039316902287,0.0235677080536168,0.469813689064739,0.043114091655419,0.349167411853291,0.024624337079093
0.5,-0.5,0.511736796681622,0.0255199423835219,0.554145139872671,0.0502887392270753,0.380962785167636,0.026295977476446
0.5,-0.5,0.548931497250177,0.0261777507227411,0.50870652956688,0.0436998289828323,0.395129221128965,0.0272425925686494
0.5,-0.5,0.502948112947345,0.0235287252838003,0.497960253277413,0.0404813388294911,0.370803214020312,0.0246580677010088
0.5,-0.5,0.514969430976657,0.0253486417415629,0.572504267211824,0.0612624782323352,0.363428671065369,0.0261903216225244
0.5,-0.5,0.53735179343485,0.0248150820177238,0.545631668292582,0.0555597093989628,0.372226060539783,0.0260805925265645
0.5,-0.5,0.490307859454527,0.0251591342991379,0.516948175032854,0.0447808511050354,0.359384447555202,0.0257868972096664
0.5,-0.5,0.520681872774899,0.0251820265678535,0.533219758255171,0.0569284988348039,0.345219608993053,0.0261050213253536
0.5,-0.5,0.507975462884781,0.0268964035659048,0.524844891283958,0.0548176962386742,0.347447527900936,0.0272571347122539
0.5,-0.5,0.495538490073779,0.0247440981129536,0.476733260476382,0.0417679607942341,0.33012912771088,0.0254850764321655
0.5,-0.5,0.441752978923893,0.0233597471762515,0.432750791867225,0.0409993879248,0.292187503654557,0.0238868849598426
0.5,-0.5,0.493422314510051,0.0237242209377707,0.454500722754131,0.0402026802596356,0.345202748744174,0.0247118048153233
0.5,-0.5,0.489033258147441,0.0223410956820946,0.514304192162695,0.0469438980059943,0.368299533843873,0.0235546761411597
0.5,-0.5,0.516998694921939,0.0258074812124321,0.474737027295322,0.0429990830269785,0.353601453842826,0.0265396899727119
0.5,-0.5,0.499896331871853,0.023836844887613,0.471305842690394,0.0502883100320558,0.332117489296814,0.0248680822722044
0.5,-0.5,0.515917473810045,0.0237822861775477,0.580852626193916,0.0507380535583539,0.379166631793662,0.0250137317149037
0.5,-0.5,0.499137561756627,0.0237056284511683,0.557503111338449,0.056026533333228,0.380438533466159,0.0247243038248768
0.5,-0.5,0.498304813176999,0.025884118513397,0.432554114381764,0.0403570717371897,0.351620269374825,0.0264141502178291
0.5,-0.5,0.500087807105618,0.0246709862663786,0.494820791858875,0.0450350816926973,0.352565327227336,0.0255053912140842
0.5,-0.5,0.529417392253088,0.0266554835546017,0.531572739492429,0.0505462081104854,0.36625648438273,0.027326271443389
0.5,-0.5,0.461425424758315,0.0243597659094944,0.433433992925165,0.0375726779219675,0.342425002306633,0.0248818992056075
0.5,-0.5,0.48310987191484,0.0243897303466607,0.502442477763162,0.0537430391106159,0.333241744246668,0.025098640231671
0.5,-0.5,0.509711082711762,0.0245140524363399,0.534856442687903,0.0568496998367044,0.344821968449957,0.0254909753905236
0.5,-0.5,0.483940898030084,0.0232188033916822,0.448131695723494,0.0420906652487746,0.323309268049276,0.0242213426730744
0.5,-0.5,0.550804615101543,0.0276914242597215,0.542362600632478,0.0612591035224061,0.356853306893224,0.0282608260431654
0.5,-0.5,0.466040844632399,0.0237759240148126,0.476714766856053,0.0468450690477073,0.330450431448707,0.024456641656653
0.5,-0.5,0.509771806948925,0.0246407518993829,0.494447461204639,0.0538941233200323,0.334223030214797,0.0255694590121596
0.5,-0.5,0.484957688120733,0.0233417594542076,0.474798953326439,0.044234497769387,0.32464466489683,0.0243246159294271
0.5,-0.5,0.501036018075779,0.0235085688874126,0.52298226033797,0.0483158243149714,0.360080300760752,0.0246338883053749
0.5,-0.5,0.512041277445315,0.0241826269399622,0.509394301136815,0.048368882894851,0.367359598632339,0.0252783757459446
0.5,-0.5,0.509228736883988,0.0248645057767839,0.522430969307858,0.0491858961022177,0.368528070434647,0.0257608470338614
0.5,-0.5,0.503732637392246,0.0239314201815016,0.543250809062906,0.057211569182131,0.356416221312204,0.0249899703899619
0.5,-0.5,0.532261374960092,0.0252543266770938,0.518625850216277,0.0478287532635516,0.357462494603954,0.0263163708012638
0.5,-0.5,0.498585246707152,0.0239168847521665,0.424217079677132,0.03595858406147,0.334822422158065,0.0249132176120588
0,0.5,-0.000237181957585858,0.00597677747277112,-0.00352833473211451,0.00685125996702331,-0.00319936419991334,0.00597601516912431
0,0.5,-0.00173770150082667,0.00592574424006977,-0.00139980009743315,0.00631143839473534,-0.00132164158000313,0.00592584056544018
0,0.5,-0.00481698410304458,0.00615569483525012,-0.00778226573276351,0.00695139634688713,-0.00669335857752378,0.00615413561032097
0,0.5,-0.00195274510362334,0.00608718382611589,-0.00130190772170282,0.00662956094182548,-0.00122209912947528,0.00608735360707521
0,0.5,0.00209846153104312,0.00605707145930604,0.00333789390650254,0.00646636328019148,0.00307295882670143,0.00605670029335657
0,0.5,0.0015808482968051,0.00601190667824473,0.00112211574277907,0.00649356480508953,0.00107721690302933,0.00601200618921226
0,0.5,-0.00406438857492795,0.00605856780926692,-0.00571511925662708,0.00655339130935995,-0.00533893340776757,0.00605768528130012
0,0.5,-0.00752317162575201,0.00630944526891901,-0.0121732923807319,0.00715527352877544,-0.0109067317743669,0.00630507929243963
0,0.5,0.0014195913486327,0.00605503163733972,0.000346257399812017,0.00690933940052604,0.000299669439438929,0.00605517349637424
0,0.5,0.00434279935729134,0.00597609449006298,0.00208891455463294,0.00695838196766876,0.00184586266131852,0.00597725162250405
0,0.5,-0.00387781822709098,0.00664307095766993,-0.00420777879879611,0.00723374040324434,-0.00385080942827812,0.00664308462524674
0,0.5,0.0062250110778405,0.00634847990380361,0.012031774991331,0.0069432442829063,0.0113211732327252,0.00634226725837934
0,0.5,0.0092732171567962,0.00613361646683604,0.00862584648298085,0.00691716445580451,0.00760732568230379,0.00613565535617721
0,0.5,0.00147243856903617,0.00597977687045979,0.00232386825948077,0.00625164763574914,0.00223313630949962,0.00597956592779932
0,0.5,0.0117260496099435,0.00615121660603243,0.0147724328129625,0.00634243279096818,0.0142755570530002,0.00614642235984196
0,0.5,-0.00118495516091076,0.00621596549156606,0.00138796081081985,0.00726701526801122,0.00119841807313461,0.00621596320393537
0,0.5,-0.00156855682000666,0.00609742770189437,0.00225299369752902,0.0068890483890436,0.00198001422630214,0.00609732105733065
0,0.5,-0.0153058548374559,0.00613876415253809,-0.0067790802936302,0.00656342155261366,-0.00645203653867426,0.00615270314304041
0,0.5,-0.000968875205084425,0.00594948855831651,-0.00305064338820473,0.00654903846725242,-0.00281768109675091,0.00594896135504032
0,0.5,-0.000993096338206494,0.00619018547600901,-0.00068738441771217,0.00709356717871447,-0.00060226425179344,0.00619023016231982
0,0.5,-0.000738554334630253,0.0063514153951806,0.000666601189446278,0.0069764865832052,0.000620824198660457,0.00635142649751565
0,0.5,-0.004127654293059,0.00603103107850052,-0.00439578967409453,0.00618902743267671,-0.00418914046318208,0.00603099321309592
0,0.5,0.000654165929215672,0.00598993195743247,0.00308408096862094,0.00623072244557842,0.0030591842460055,0.00598926501237443
0,0.5,-0.0069034332577299,0.0062800770532739,-0.0103075670499936,0.00716273727055935,-0.0090472267206675,0.00627766940585239
0,0.5,0.00155524512181211,0.00622721740684759,-0.001488979818166,0.00697080638459233,-0.00133752843857096,0.00622726220593408
0,0.5,0.0188503623909995,0.00608031596122547,0.0202125863094233,0.00684027069953954,0.0180253152764829,0.00608254822748107
0,0.5,-0.00321896435621129,0.0061325410712931,0.00386480031458482,0.00683452263844709,0.00350650035215561,0.00613240083241478
0,0.5,0.0031734138343593,0.00595135978517605,0.00179200284282311,0.00653665279588578,0.00165747193936643,0.00595191102083099
0,0.5,0.00370947090904247,0.00619395794847518,3.05842495254546e-05,0.00731296063139779,2.60901515523311e-05,0.00619494323710433
0,0.5,0.00680159958320361,0.00614097382654517,0.00508060559297821,0.00703726174170902,0.00453241595131989,0.0061428355126986
0,0.5,-0.00233427035172233,0.00599492744534486,-0.00116837953786461,0.00680210436995987,-0.00102972030034092,0.00599525480479491
0,0.5,0.00246349798901917,0.00607816897540817,0.000331450003434641,0.00667108368377056,0.000300078757956852,0.0060786073689393
0,0.5,-0.00318677172400557,0.00607605016179862,-0.000713565352957058,0.0066106193510349,-0.000652456038211243,0.00607676389647368
0,0.5,-0.0058410556545501,0.00630303149913294,-0.00946053459079747,0.00695144947266071,-0.00848405324407421,0.00630037806810187
0,0.5,-0.00112426289322259,0.00601467234815693,0.000475076495055877,0.0068665135077802,0.000437124087563304,0.0060147520555361
0,0.5,-0.00700312069387781,0.006084840125108,-0.00495633875336348,0.0069354539487021,-0.00430145826984078,0.00608707633391048
0,0.5,-0.00717372783170285,0.00585718235932469,-0.00856346907765091,0.00627624363565327,-0.00804742556196646,0.00585616111641062
0,0.5,-0.00356842628364497,0.00617483763387287,-0.00713394510004159,0.00686534319514062,-0.00626456880311911,0.00617293112919231
0,0.5,0.00324044439870641,0.00624665074104221,0.00186425730263126,0.00670250213106468,0.00171340235679305,0.00624718670235874
0,0.5,0.0140635354372843,0.00604115487994018,0.0144484712735688,0.00678920539994318,0.0130309037311843,0.00604322313266744
0,0.5,0.00169697374688465,0.00610480317592134,0.0016844819642735,0.00710339576404014,0.00148320156107562,0.00610485275496834
0,0.5,0.000934244784764559,0.00629702125074073,7.10486474789012e-05,0.00701279117165144,6.27619737058285e-05,0.00629708218903861
0,0.5,-0.00564422518566865,0.00596791885137779,-0.00525416501556585,0.00655985761973047,-0.00492588905085172,0.0059684884595544
0,0.5,0.0149301763701324,0.00584299327579275,0.0182384889615797,0.00629102870385481,0.0165222126310977,0.00583913269750314
0,0.5,-0.00854445137503383,0.00635702407352575,-0.010836154690418,0.00663605828226006,-0.0104482944159817,0.00635451694585113
0,0.5,0.000110480117792101,0.00618421009188935,0.000515083876821212,0.00694648809983014,0.000462160372714818,0.00618419564132079
0,0.5,0.00323274922910716,0.0059945465873416,0.00786854657010729,0.00634203239877647,0.00718055211153309,0.00599147837908022
0,0.5,0.00583091518038098,0.00611967903789958,0.00935040314934093,0.00645579889555387,0.00897329995252534,0.00611629480947001
0,0.5,0.00654348580401105,0.00619573657844338,0.00092767065116743,0.00657160714396262,0.000881581695005783,0.00619874543909704
0,0.5,-0.000410879657057554,0.00578857186243361,-0.00173191067770769,0.00588994137993319,-0.00170121104903644,0.00578835959759983
0,0.5,-0.0112079701929099,0.00619534051646191,-0.0117305855719985,0.00713047134257998,-0.0103259039678257,0.00619670078486216
0,0.5,-0.00261838316190203,0.00632586486962251,-0.00248716036186811,0.00754137563961662,-0.00215655216780887,0.00632601863821777
0,0.5,-0.00588599676700803,0.00619902400210536,-0.000778849416259638,0.00662535912782974,-0.000707009780370834,0.00620146628238951
0,0.5,0.00117606937109167,0.00614530973581142,0.000474965984794946,0.00745476367305687,0.000414438119151323,0.00614539735001556
0,0.5,-0.00633660361057791,0.00583091105452563,-0.00651107174437407,0.00652843671337974,-0.00589747605143967,0.00583132579826542
0,0.5,0.00536117873182619,0.0061180606735187,0.00169285015447824,0.00711794645149302,0.00147062887567387,0.00611999353649479
0,0.5,0.00134152607087307,0.00587607392555263,-0.00580572034152316,0.00650805298595202,-0.00522049246033071,0.00587412709995577
0,0.5,0.0026309079396854,0.00583813506234101,0.0065408071336622,0.00694285397093589,0.00566846968046349,0.00583619145727334
0,0.5,-0.000486666209804694,0.00609555188890138,-0.000750282874191764,0.00669495807464001,-0.000677374968358287,0.00609553566864606
0,0.5,-0.00182350458431841,0.00612743338752335,-0.003964207132927,0.00675217923160707,-0.0035690789382337,0.00612675000906063
0,0.5,-0.00321201274414845,0.00604053038608215,-0.00458351642119195,0.00657489278641269,-0.00421270165513855,0.00603998128140888
0,0.5,-0.00291824015568416,0.00627241815623017,-0.00456591494188577,0.00654402016104542,-0.00432894216579548,0.00627169746538752
0,0.5,-0.00915578839319307,0.00617822018701911,-0.0114951040415748,0.0067235330631892,-0.0105433647779766,0.00617625531590193
0,0.5,0.00155492867980374,0.00609818126923181,0.000889705317438645,0.00689714567330791,0.000834350854274877,0.00609830699610206
0,0.5,-0.00242531266080534,0.00576132646458854,-0.00416182217298141,0.00648159717606794,-0.00365499275868593,0.00576074071190001
0,0.5,-0.00072833819943107,0.00607656713429577,-0.00664735498714642,0.0063597904603588,-0.00643000407452829,0.00607357217370502
0,0.5,0.00249871658733322,0.00622753612737917,0.00320029740667473,0.00667222684231249,0.00299635633808016,0.00622734161687958
0,0.5,-0.000329567216189866,0.00610984887417124,0.00180623330659254,0.0067592223925516,0.00159534220243433,0.0061096713644927
0,0.5,0.000338589909815476,0.00626037436500055,0.0052604816960894,0.00692219084840914,0.00474654161655344,0.00625879029536027
0,0.5,-0.00912941755051626,0.00602223155919101,-0.00951268392169107,0.00682464443249158,-0.00852196329159763,0.00602302707838221
0,0.5,-0.000297466140013806,0.00598615575303139,0.000184327852144734,0.00660470641674395,0.000165668270414586,0.00598616031469046
0,0.5,-0.000380518095576591,0.00606973163263888,0.00319525747247932,0.00665642464248181,0.00284799962438274,0.0060691464261492
0,0.5,-0.00293957809905701,0.00593959342731606,-0.00728514181681604,0.00665737940481784,-0.00666026253943737,0.00593689720141319
0,0.5,0.000821232247570942,0.0061333929043485,3.81840104592685e-06,0.00655673761727054,3.53683171944474e-06,0.00613344180064266
0,0.5,-0.000262558839865704,0.00582956316503347,0.00059173480192332,0.00612062215864484,0.000556085967214103,0.00582954461071274
0,0.5,-0.000326558052729684,0.00619420560154688,0.00420300684308969,0.00680063759405034,0.00377348903555899,0.00619319344141914
0,0.5,-0.00360782898530743,0.00619208245592805,-0.00519779464571858,0.00700225996041959,-0.00465939438682683,0.0061914595668974
0,0.5,-0.00356890105855182,0.0061318141451314,-0.00322289393945151,0.0069065138053756,-0.00292417438504922,0.00613211776046489
0,0.5,0.00117946102221182,0.00599022579418073,0.00487000386944704,0.00689248305139805,0.00426795647378576,0.00598896932629794
0,0.5,-0.0101566210365103,0.00617209905157583,-0.00975260848762167,0.00672460078452349,-0.00906353211813784,0.00617361059807671
0,0.5,0.00431965799204973,0.00613950617443163,0.00542555942406868,0.00687826158746062,0.00488888653438931,0.00613912656197066
0,0.5,0.00101167029063413,0.00593960025153435,0.00260391798269716,0.00663372337521983,0.00237822051942471,0.00593925067933493
0,0.5,-0.00295456196263063,0.00616381823650477,-0.00519971446216431,0.00656937065371453,-0.0048356821813881,0.00616276215407196
0,0.5,-0.00651698954469667,0.00606004145425243,-0.007921705618966,0.00717412712204403,-0.00667614203181435,0.00605988688494689
0,0.5,-0.00033581952146161,0.00614051886109629,0.00191850981962418,0.00663367543969072,0.00181583588462371,0.0061402883065471
0,0.5,0.00870912917957618,0.00580927342086651,0.0135666176133677,0.00625021830798012,0.0122827257028797,0.00580345026367093
0,0.5,-0.000554455543711235,0.00599574799757058,0.00464866972826309,0.00683034797468355,0.00411812999242234,0.00599450585885782
0,0.5,0.00868993773341518,0.00634075799238803,0.0167876378840028,0.00722204173844191,0.0149517458782775,0.00633044962620683
0,0.5,0.00779237762071372,0.00624010683807979,0.00850919192034916,0.00687299877714816,0.00771317309922092,0.00624019398653016
0,0.5,-0.0109476412028868,0.00623007467685053,-0.0148936458018023,0.00718713067107421,-0.0130729726092045,0.00622644206346782
0,0.5,0.00221780213979012,0.0059603183342918,0.00990695786345176,0.00647111001701294,0.00909821893959287,0.00595446400168221
0,0.5,0.00202481236103693,0.00631302003990123,0.00622798447777686,0.00708793736102523,0.00554392288974068,0.00631115751275536
0,0.5,0.00599972920693812,0.00601142949677053,0.00862371218245233,0.00724755274899508,0.00726035746165503,0.00601018642084923
0,0.5,-0.00140931863735802,0.00601381372774467,-0.000500094777562289,0.00627367513090692,-0.000476689369560383,0.00601394442649215
0,0.5,-0.00146456977694116,0.00607989437855185,-0.00107402017350227,0.00653221535576731,-0.000965817129510899,0.00607998323148582
0,0.5,0.00123479505932261,0.00630798649963524,-0.000223763257525831,0.00685566916315122,-0.000209059086925008,0.00630809014070733
0,0.5,0.00927508700229344,0.00589068667088425,0.00454871399182009,0.00650760163196156,0.0041174604511338,0.00589595036848263
0,0.5,-0.000401869738649855,0.0062860165366157,0.000458873868426296,0.00711667474729942,0.000414777666885469,0.00628601579566347
0,0.5,-0.00305603195865548,0.00603665133011439,-0.00301748653013237,0.00633810939602844,-0.0027929293379109,0.00603676514234156
0,0.5,-0.0145790492772577,0.00586497273063777,-0.0113488481681505,0.00645881906655088,-0.0101306086675631,0.00587339472247693
0,0.5,0.00307153778849053,0.00601579304903634,0.000160469413890641,0.00696296356425187,0.000139693292776997,0.00601649230171056
0,0.5,0.0102288272784507,0.00605529860085928,0.0137623399096673,0.00666900767891831,0.0123055497526411,0.00605184800699696
0,0.5,0.00638415476199694,0.00618746353091603,0.00643050720551562,0.00647251410371805,0.00611145273721216,0.00618770791083766
0,0.5,0.000799797669687905,0.00615382682313783,0.00110389937644942,0.00691961015231673,0.000991985037588611,0.00615380196008112
0,0.5,-0.00327178561329639,0.006403748679377,-0.000267948619179013,0.00697386401997131,-0.000246420748165717,0.00640447933458553
0,0.5,0.00352340513301121,0.00632876444574332,0.00448737059532918,0.00730557062962507,0.00396942849919587,0.00632853153027664
0,0.5,-0.00188520602433931,0.00631129189468225,-0.000627901184111393,0.00748402678845915,-0.000525763498370699,0.00631152110438157
0,0.5,-0.00310665277617591,0.00594235346291615,-0.00436117982620534,0.00666651494285615,-0.00395454924676022,0.00594190190040636
0,0.5,-0.0011483445097833,0.0061948063906469,0.0032119106747836,0.00690650780764154,0.00289075375509276,0.00619430244570129
0,0.5,-0.00111702420986227,0.00603864523303521,-0.00239497000458219,0.00661587280880142,-0.0021358390607012,0.00603840022829728
0,0.5,-0.00223206996259609,0.00624501974606532,0.00134355317231248,0.00682584919357127,0.00124885595784543,0.00624526231393804
0,0.5,0.00268996642722061,0.00597939933158598,0.00877754911594652,0.00631880939039583,0.00819139649166824,0.00597491667020303
0,0.5,-0.011027717867117,0.00611605031867836,-0.00839368113113966,0.00728579121980789,-0.00726786479768568,0.00612105447115914
0,0.5,-0.00121896216360329,0.00588574987997055,-0.00179854395091325,0.00638853813962678,-0.00162451752263361,0.00588566187845284
0,0.5,0.00185915775112443,0.0058148424238689,0.00589944493065162,0.0067588267569158,0.00516081704966416,0.0058130467824061
0,0.5,-0.0131886992477586,0.00621381991612958,-0.0102385488873511,0.00683119175779564,-0.00937320784796379,0.0062199591171875
0,0.5,-0.00258280804321728,0.00634395511311416,-0.004569047490332,0.0068893900007012,-0.0042219234739691,0.00634318009701413
0,0.5,-0.000434946090891542,0.00609022477847744,-0.00309700900837794,0.00693405384270961,-0.00274283218559232,0.0060896882904944
0,0.5,0.00633169880608504,0.00586683889255192,0.0072787480651307,0.00614057216105724,0.00701654064535551,0.00586613837446974
0,0.5,-0.00974815831818305,0.00595657423202829,-0.0143053448522093,0.00662371052697279,-0.0127182324809365,0.00595155189742076
0,0.5,0.00252394493881741,0.0061561853763997,0.00651278200775212,0.00730867861688703,0.00561536308172952,0.00615436906792643
0,0.5,0.00443709401186432,0.00617904589355972,0.00306711269856205,0.00666428386817281,0.00293071935283734,0.00617984309839466
0,0.5,0.00127019414913709,0.00627283230193163,-0.0102154684307945,0.00693072177296434,-0.0089041632099982,0.0062673543486313
0,0.5,-0.00167786049889227,0.00616751512751162,-0.000195497866154543,0.00665057759073937,-0.000181636285951595,0.00616771544352893
0,0.5,0.00268704456281758,0.00612414896280972,0.00541876736971482,0.00674676410423043,0.00503815402870878,0.0061228293639022
0,0.5,0.00382591987599492,0.00632634679859034,0.00287137869611004,0.00665015734991978,0.00272742352101923,0.00632684871349684
0,0.5,0.00141069643881522,0.00627361661316399,-0.000377866931310234,0.00730155675512496,-0.000325386934819194,0.00627374938485896
0,0.5,0.00375586189089852,0.00588497202430493,0.00628182305812203,0.00626665800764217,0.00582750991092797,0.00588345638853302
0,0.5,-0.00458714822382239,0.00613611015789464,-0.00529592883408537,0.00692073592678862,-0.00470259652132816,0.0061360324361652
0,0.5,-0.00278991538812112,0.0058154334067115,-0.00105454490897723,0.00632344767718483,-0.000962483713048422,0.00581596444335511
0,0.5,-0.0123400743481798,0.00597172253750101,-0.00855921926272754,0.00683949840830352,-0.00743231003537205,0.00597899345231068
0,0.5,0.000369217838439661,0.00597159104456581,-0.00262120764146703,0.00684071803116898,-0.00237890026823749,0.0059711770404846
0,0.5,-0.00364764120793478,0.00612532722501654,-0.00383141380983906,0.00693799066945029,-0.003369029827542,0.00612546920051336
0,0.5,-0.0135727700615259,0.00634793289236988,-0.0133686107660108,0.00696185933523014,-0.0119427155626296,0.00635082117808057
0,0.5,0.00208838152144711,0.00606047223425012,-0.00426475227426906,0.00737094674240135,-0.0036039453150344,0.00605983726530676
0,0.5,0.00360339014320047,0.0063496224837226,0.00730104648867345,0.00731325677314712,0.00639207499336972,0.00634768751683606
0,0.5,-0.00326942938717459,0.0061977451794768,0.00010728095221639,0.00677682292627025,0.000100070600954018,0.00619850931588875
0,0.5,-0.00408648363959656,0.00580411276012927,-0.000246164331030204,0.00673821441777225,-0.000213806849493961,0.0058054054398704
0,0.5,-0.00390236225952372,0.00589380874173985,-0.00353514467576727,0.00641534485668024,-0.00326678476836044,0.00589415587154364
0,0.5,-0.00260312028335074,0.00604368968589833,0.000644815197236937,0.0068543383645964,0.000570159659395511,0.00604416608191188
0,0.5,-0.0016699581282124,0.00595510706786848,-0.00602632137646959,0.00630322138910965,-0.00556416315499349,0.00595298757594277
0,0.5,0.00851236177350662,0.00605652707637216,0.00873356093791664,0.00697314066465712,0.00777558184656045,0.00605741111392929
0,0.5,0.00553974973780273,0.00630071422041528,-0.00230356827195528,0.00693774942900136,-0.00212106475762867,0.00630254946948059
0,0.5,-0.00310685020439275,0.0060654131994888,0.00039655323235692,0.00657399958191503,0.000364176771528356,0.00606611306327677
0,0.5,-0.00268140940393801,0.00600645454143943,-0.000803230719781826,0.00657418528217933,-0.000728207632079261,0.00600695012864356
0,0.5,-0.00899043483694547,0.00609653909230389,-0.0156715975247483,0.0070489808372324,-0.0133841278521534,0.00608934882516642
0,0.5,-0.000442968646796382,0.00587778082524234,-0.00173870979030396,0.00655287101978849,-0.00154397175458491,0.00587761360466106
0,0.5,-0.0081343718370876,0.00622115201638912,-0.00841475113787955,0.00708657590874102,-0.00744740383692866,0.00622191447308122
0,0.5,0.00473000194974534,0.00598771859196047,-0.00022594017788205,0.00732005427184847,-0.000186029998377445,0.00598938722292568
0,0.5,-0.00439392790430593,0.00600264798780898,7.258271008473e-05,0.00658910765252771,6.54876953083894e-05,0.00600408541415018
0,0.5,-0.0053261465235013,0.00611849206126429,-0.00608690713221566,0.00702749893213273,-0.00543030322020882,0.00611841057513231
0,0.5,0.0105388402744135,0.00583467908152923,0.0130400238230134,0.00649604296180489,0.0115607864909304,0.00583293598830493
0,0.5,-0.00612103335895864,0.00580932046288624,-0.00835204379190992,0.00649672534161037,-0.00729480688915438,0.00580809899726277
0,0.5,-0.00569013473298303,0.00620714908044136,-0.00718878897676019,0.00684773141985165,-0.00652982913885724,0.00620641606278423
0,0.5,-0.00771109751617276,0.00610950594978258,-0.00130628402856813,0.00703086552453386,-0.00112660686583017,0.00611374431402518
0,0.5,-1.63234417406535e-05,0.00629767474599025,0.000848435026880842,0.00664762928524189,0.000797238458527169,0.00629763019319058
0,0.5,-0.000174846308307678,0.006011649237062,0.000443800176752467,0.0065093875597487,0.000409376740765362,0.00601163905125027
0,0.5,0.000890414511452632,0.00622940933828993,0.00412026314109655,0.00683623026251934,0.00364513882461393,0.00622852089915906
0,0.5,-0.00442177697004455,0.00609319087187606,-0.0065204290918146,0.00629450660232292,-0.00619120294317365,0.00609181776109415
0,0.5,-0.000448396648989473,0.00594851620088229,0.00436730645120717,0.0072040387592825,0.00377436094924931,0.0059474582334252
0,0.5,0.00733292628015413,0.00584478313998826,0.00437995224490905,0.0065552421090521,0.00413244456674701,0.00584760699428884
0,0.5,-0.00565614588981662,0.005988731354404,-0.0040416806897847,0.0064762152279003,-0.00373788550049293,0.0059900772518125
0,0.5,-0.00536569531017467,0.00568587702995799,-0.00368224078914583,0.00625105388254142,-0.00332345704143338,0.005687289475662
0,0.5,-0.00419385782791014,0.00608018010947159,-0.00619408298670012,0.00663803538894183,-0.00544398927032682,0.00607929682510467
0,0.5,0.00627123410427575,0.00611648506646117,0.00667003411992889,0.00633024049935002,0.00647914609332322,0.00611629216629343
0,0.5,0.00723624409155433,0.00612460139917701,0.00507555774231567,0.00712939825883946,0.0044395971982601,0.00612697284560765
0,0.5,-0.00566044063386769,0.00609509350476626,-0.0022036180724038,0.00679456225285267,-0.00196535085084234,0.00609715226449683
0,0.5,0.00567951006987954,0.00586184796547901,0.00525514935476435,0.00646496203235373,0.00483887436078071,0.00586252611674829
0,0.5,0.00139770024358971,0.00598978063148086,0.00935546848512979,0.00662030329797686,0.00837515927433938,0.0059846851214117
0,0.5,0.00108909277700034,0.00604426130332613,0.000739568058120678,0.00662060128500317,0.000677433111971826,0.00604431500062511
0,0.5,0.00848450943064948,0.00593017345914253,0.0111081154034255,0.0067076956276629,0.00969220394759322,0.00592851296542971
0,0.5,-0.00102902030934135,0.0060612356487761,-0.000429057328137342,0.00695257019928646,-0.000379141593840805,0.00606130298685049
0,0.5,0.0062595276624375,0.00618568120042253,0.00666746125852887,0.00681767959519937,0.00602014466599908,0.00618589209070418
0,0.5,-0.00737788579022524,0.00593154854799122,-0.00711011246412982,0.00606151169804245,-0.00671189976542968,0.0059322578798659
0,0.5,0.0141364867780394,0.00611793326296461,0.012511542364956,0.00638115501970657,0.0115443913876389,0.0061227754691035
0,0.5,-0.00837832820152722,0.00615880992516747,-0.00970712335742036,0.00675959039072585,-0.0088047389994967,0.00615828126881786
0,0.5,-0.00269624499997965,0.00597467426563235,-0.000758694964941003,0.00703513915171793,-0.000654242184723347,0.00597518675897551
0,0.5,-0.00829841254125432,0.00582532557874353,-0.00907442666534576,0.00656329210654428,-0.00779853894049018,0.00582594754387517
0,0.5,-0.00170244577454205,0.00610884986239898,-0.00287521475200326,0.00689746642932959,-0.00258193611862734,0.0061085752796396
0,0.5,-0.00185463274272518,0.00609472387691914,-0.0007027473382215,0.00679010173680955,-0.000645526597361316,0.00609494478752226
0,0.5,-0.00727631067628187,0.00606881715552184,-0.00462568894593262,0.00678389593819936,-0.00410693073180604,0.00607146736040873
0,0.5,-0.00527491714737144,0.00618205435206033,-0.00574639351076032,0.00689051950229202,-0.00513794425049862,0.00618215674949794
0,0.5,0.00169520554422772,0.00592409706871899,0.00529598028078816,0.00659237799374258,0.00469833691017538,0.00592264325799744
0,0.5,0.00067592903102487,0.00609044273301114,-0.000295408049945832,0.0073512855609595,-0.0002454247137603,0.00609047174486645
0,0.5,0.00368286754011674,0.00626027843872933,0.000616068962184813,0.0071262183629873,0.000554118179115938,0.00626121503754459
0,0.5,-0.00487244027202735,0.00611793514593775,-0.00582788761744445,0.0064328618192867,-0.005384710298124,0.00611755292725543
0,0.5,0.000826350493222329,0.00597955599543698,-0.00154860752410024,0.00629159238860406,-0.00141273737058044,0.00597945773848665
0,0.5,-0.00179076996986021,0.00619074282099265,0.00331515334032392,0.00669462614670855,0.00296771042537858,0.00619034146716131
0,0.5,-0.00889521948778568,0.0063400750014415,-0.00675664819407742,0.0071852823618535,-0.00593917075988812,0.00634312372097265
0,0.5,-0.0106891263275698,0.00598304820341847,-0.00982904044448238,0.00644136650027641,-0.00922290581757423,0.00598523175927687
0,0.5,-0.00780208795840753,0.00597373877346291,-0.0145171333954903,0.0064748548163468,-0.0129065156183848,0.00596580895791856
0,0.5,0.00301372869774933,0.00597974796430515,0.00419681393993944,0.00683496817341281,0.00376545879544125,0.0059793665828851
0,0.5,-0.00967850554819239,0.00612339252107405,-0.00748111815612702,0.00694918771963919,-0.0067053312094975,0.00612693113514529
0,0.5,0.00117865314278233,0.00604720365261138,-0.000592429819538572,0.00691662546885357,-0.000529776079297231,0.00604728545935483
0,0.5,0.00750737938217761,0.00589910576490087,0.00808343185945261,0.00672166503057517,0.00718023088623786,0.00589947147439377
0,0.5,0.0069161970151335,0.00610627583413545,0.0020865501316601,0.00695045160258218,0.00187713020556459,0.00610950555094855
0,0.5,-0.00411088331118365,0.00598935194837099,-0.00450761332097345,0.00678482029969086,-0.00389240095792649,0.00598948254279038
0,0.5,0.00307798782917215,0.00617054008260308,0.00100574391444436,0.00676345730693758,0.000890996517370911,0.00617116463619864
0,0.5,-0.00825444734661923,0.00619976792411665,-0.00837616965280908,0.00646446792899867,-0.00811516944347889,0.00619993104281468
0,0.5,-0.01965057089686,0.00613045414797467,-0.0187831460734671,0.00648054931952911,-0.0184581453998767,0.00613375415821993
0,0.5,0.0123692047159865,0.00624179192253616,0.0113157523200635,0.00632309936882912,0.0113591680668908,0.00624349228464479
0,0.5,-0.00646082534869187,0.00595643497193124,-0.00399426715284933,0.00638853443466741,-0.00369080329702391,0.00595854920449407
0,0.5,0.00388720795109148,0.00617615807132055,0.00482069032194169,0.00714567432343594,0.00422815236092947,0.0061759591905323
0,0.5,-0.00752302964585145,0.00633572791713365,-0.00883835632439311,0.0068578053196801,-0.00863670460266767,0.00633447503736438
0,0.5,0.00929065433162238,0.00610358170528986,0.00330665722695448,0.00661760911398676,0.0029974377011742,0.00610922050205434
0,0.5,-0.00431846377199934,0.00625262003062231,-0.00671522573634166,0.00695891820935576,-0.00609835881261702,0.00625130764591565
0,0.5,-0.00103765438652393,0.00590976022157531,0.000954870979107354,0.00691120961287208,0.000832978341486829,0.0059097892925792
0,0.5,-0.0076615967360266,0.00611186800145488,-0.00776910295363102,0.00673753793609607,-0.0070239980006522,0.00611254996661118
0,0.5,0.00276866010556979,0.00635516522380516,0.00393320836848193,0.0072716664545048,0.00341216559380793,0.00635488949248093
0,0.5,0.00758011507419793,0.00617734149228382,0.00378569544563959,0.00691520306971187,0.00331469955273943,0.00618067998678633
0,0.5,0.00084592626254347,0.00630927472241703,0.00248488136320824,0.00696609687372282,0.00228295218345435,0.00630896013920851
0,0.5,-0.00308297219508959,0.0060600209755398,-0.00385786693396797,0.00678751738220779,-0.0033989306168916,0.00605987023065866
0,0.5,-0.000558350243883826,0.00618893845495228,0.00623608873579428,0.00659801989092106,0.00592668696491359,0.00618644197623695
0,0.5,-0.0010827425891788,0.00627482593126716,-0.00411995215169039,0.00681168811722454,-0.00377177782516995,0.00627390616980711
0,0.5,0.00247705696168838,0.00612519816434613,0.00403232348842614,0.00706261681147982,0.0035781295326277,0.00612471392340063
0,0.5,0.00030638354747286,0.00614234144693512,0.00635261357278653,0.00718940906519672,0.0055147360347131,0.0061401466775178
0,0.5,-0.013586762366337,0.00604562969329753,-0.0182204870543226,0.0067053337352831,-0.0157794990656599,0.00604087008075029
0,0.5,-0.00531030654314685,0.00614230787826034,-0.00794013952708166,0.00704505659702369,-0.00701536909360005,0.00614078647471838
0,0.5,-0.00584435932824864,0.00630563065144078,-0.00416310693627522,0.00744669059368339,-0.0034926748302146,0.00630716788999251
0,0.5,0.0037129547177448,0.0060580211263414,0.00593197766845063,0.00695285092221171,0.00519100737813374,0.00605705192389162
0,0.5,-0.00454609145265057,0.00596664948468432,-0.00522092314014285,0.00651927860773216,-0.00473685311338765,0.00596651659807405
0,0.5,-0.00385230242659773,0.00600986380834512,-0.00286482662108354,0.00710383183589011,-0.00246633787809178,0.00601051504792444
0,0.5,0.00146203420523418,0.00604124605686302,-0.000535887422251565,0.00639166455156589,-0.000513322685031745,0.00604138452200916
0,0.5,0.00128847749143028,0.0062919139147146,-0.0031181601569898,0.00759310129649416,-0.00267691723780174,0.00629152735194691
0,0.5,0.00332206764081453,0.00619215821112704,0.00142462147413104,0.00668428408278096,0.00134532951285983,0.00619281914400062
0,0.5,0.00606222786597314,0.00621103805528571,0.00953804659620809,0.00704941414381118,0.00845245691130541,0.00620856102344765
0,0.5,0.0149365272193353,0.0059538837343361,0.0175969540603911,0.006105029266732,0.0163751889641683,0.00595049038754528
0,0.5,-0.00407207281272455,0.00622085100606434,-0.00445457122435087,0.00704350568087517,-0.00400120112681062,0.0062208917599898
0,0.5,-0.00634905453287492,0.00596007792679047,-0.00682715347291235,0.00666109710521779,-0.00614097010532825,0.00596027323158956
0,0.5,-0.0153267049318037,0.00619504761373581,-0.0160040058445329,0.00692631853063423,-0.0147456613443329,0.00619629956731426
0,0.5,0.00628677525937513,0.00634365311937808,0.000576752279179161,0.00697432024225217,0.0005195733126919,0.0063463799357695
0,0.5,-0.000805842517531859,0.00619530646363917,-0.00170203941980445,0.0065760868958522,-0.00163206650427718,0.00619516225257587
0,0.5,-0.00122260029758514,0.00615941055570216,0.00149757744104189,0.00728693276559228,0.00127220272883331,0.00615940163108535
0,0.5,0.013170717077235,0.00605687862154505,0.0126799405767895,0.00654029410699853,0.0119051585932896,0.00605921668483649
0,0.5,0.00823323295928696,0.00613984830530365,0.007388396138827,0.00657326513133816,0.0068422548360359,0.00614136674896189
0,0.5,-0.00421757688446235,0.00607168088361678,-0.00379941454521575,0.00665422268642103,-0.00348753417145447,0.00607209391049509
0,0.5,0.000418657659608276,0.00605273230438581,6.3964909355711e-06,0.0065351211464336,5.9536971963388e-06,0.00605274522155842
0,0.5,0.00200520537275008,0.00601257642994842,0.00137591136889659,0.00661612585937626,0.00122450992138651,0.00601276383266362
0,0.5,0.00676257431239665,0.00594492248213071,0.00446967808476908,0.00654774081787117,0.00409101419307373,0.0059471077944711
0,0.5,0.00196940104676709,0.00613022344745422,0.00192405908292592,0.00685057679718588,0.00173127456555536,0.00613028738064982
0,0.5,0.00121469096124454,0.00638241048430481,0.00222103169476961,0.0067251927887965,0.0020562732203072,0.00638222069385633
0,0.5,0.00492134995602857,0.00580598878037259,0.00463252080170562,0.00620724372511263,0.00432200883491833,0.00580641868718141
0,0.5,-0.00383507377156963,0.00620979474066353,-0.00528656585354072,0.00690122043860464,-0.00479689974733179,0.00620920200662353
0,0.5,0.0139005531812374,0.00648290403572322,0.00968828126249984,0.00736715586587922,0.00864211711816722,0.00649091215586013
0,0.5,0.00650961232380236,0.00599940364520388,0.00787024629436269,0.00668039245233104,0.00707969410146792,0.00599882614569766
0,0.5,-0.0011257582804852,0.00612969432625666,-0.00612770880179933,0.00707287341105669,-0.00524645076197662,0.0061277886454309
0,0.5,-0.0057553472289289,0.00620225260861671,-0.000639629859491468,0.00684039143344972,-0.000581953268599231,0.00620459610998175
0,0.5,-0.00752730448422853,0.00629286942608934,-0.00899961787257603,0.00695987990250154,-0.0082022322177455,0.00629212399631865
0,0.5,0.00302509616659178,0.00597334812616264,-0.0013783299076482,0.00673766397309833,-0.00124992636028299,0.00597391674541683
0,0.5,0.00452193600030507,0.00632552732454987,0.00859750457189353,0.00720983826506815,0.00774357777551929,0.0063227705989472
0,0.5,-0.00754361166783164,0.00593568535126653,-0.0078935976521564,0.00654250677882705,-0.00734257957670879,0.00593591139161175
0,0.5,0.00238270493382761,0.00608508052173799,0.00274662210116009,0.00618631433998637,0.00272160887611491,0.00608495384976889
0,0.5,0.0154508775361978,0.0060110569918853,0.0123557654978487,0.00633280981638864,0.011458239289223,0.00601904374254477
0,0.5,-0.0039608537134465,0.00609975398023726,-0.00273657679701876,0.00627747980386545,-0.00259990614876757,0.00610040580084665
0,0.5,-0.0129178668925889,0.00593234505124724,-0.0145122978113694,0.00699783101565522,-0.012576391741333,0.00593300330417179
0,0.5,0.00354671482578653,0.00611603433208667,0.00279726573068239,0.00667301125675084,0.00256130489496316,0.00611647226616639
0,0.5,-0.00426050434005747,0.00596200574674396,0.000160820021923246,0.0067440489920257,0.000144526955036726,0.005963367371631
0,0.5,-0.00699034713139363,0.00584265743112317,-0.00804908205523447,0.00631535397539231,-0.00731580858125061,0.00584229881858372
0,0.5,-0.0057297484419656,0.00604355598817892,-0.00206580784691657,0.00633078938365002,-0.00193769449262066,0.00604570291343465
0,0.5,0.00503516360058048,0.00620482496479981,0.00427980810113236,0.00733996897320076,0.00367397078426231,0.00620567204306915
0,0.5,0.0114066403179743,0.00608957364828977,0.0079378512317224,0.00651575004438548,0.00747707037900677,0.00609500104500935
0,0.5,0.00362083596651691,0.00643121075717589,0.00502223957666875,0.00739073131750325,0.0044276549482715,0.00643076735978354
0,0.5,-0.0023168619740854,0.00626246269934534,-0.00651495815308942,0.00752818561180844,-0.00552606812481896,0.00626068463555729
0,0.5,-0.00675168081902013,0.00626227291565047,-0.00731476230253082,0.00674608677977037,-0.00664969549578965,0.00626236946229675
0,0.5,0.00171769414521006,0.0062709802013959,0.00295611948895533,0.00695746048059566,0.00275011654824369,0.00627065497057893
0,0.5,0.0107218370626117,0.00615582592964202,0.0162473294611805,0.00678794872290648,0.0143718351007882,0.0061492071631183
0,0.5,-0.00454081445772137,0.00591828601738185,-0.00025568014280935,0.0068503593906488,-0.000218411617952845,0.00591984499449609
0,0.5,-0.00941427449543625,0.00588713099849379,-0.00761619549686245,0.00639979003252002,-0.00708083776191383,0.00589006720231573
0,0.5,0.00541993358643789,0.00614676864047256,-7.15604774130457e-06,0.00698517134435834,-6.1711101016871e-06,0.00614889229833744
0,0.5,-0.000803417069388781,0.00592761975666427,0.00039836293710576,0.0066343781927982,0.000354700695274771,0.00592765906738189
0,0.5,-0.00103638310929506,0.00587471823021151,-0.0035740903686234,0.0058041827220074,-0.00359105085886961,0.00587381393122102
0,0.5,0.00614896437986827,0.00596813251117974,0.0114434991553852,0.00632906345992029,0.0107326215507628,0.00596232299063574
0,0.5,0.00243662074302998,0.00597812177018919,0.00431617106915711,0.00648849953208511,0.00405109277517724,0.00597733760798472
0,0.5,-0.000955894307519799,0.00589583614726655,0.00145369689192438,0.00622957925961393,0.00132738504534347,0.00589577155521855
0,0.5,-0.00346409904174135,0.00613419008429504,-0.00275157432860972,0.00674753335308605,-0.0025740684278003,0.00613457965911807
0,0.5,-0.00113085108439378,0.00591386715373845,-0.00390698391738135,0.00634291114838481,-0.00358534714904586,0.00591298886398252
0,0.5,-0.00343789577778173,0.00613089864489439,-0.00197703367324767,0.00675385272112797,-0.00178536084589333,0.00613152475606593
0,0.5,-0.00478756274541655,0.00646656199631905,-0.00358835865325506,0.00689477857272847,-0.00335904997946589,0.00646735095724003
0,0.5,-0.0062924547703795,0.00598602504923111,-0.00906426855276116,0.00664921469125941,-0.00812110383962677,0.00598405446715255
0,0.5,0.00476798657747329,0.00599588192419922,0.00376745168494094,0.00698489223179525,0.00326451715828523,0.00599678259282857
0,0.5,4.30029862761137e-05,0.00600827955401452,0.00319208664982045,0.00691656450475173,0.00278109162750816,0.00600770427521789
0,0.5,-0.00960478413381289,0.00618466771378689,-0.00658910092493749,0.00708583088015083,-0.00600957382608158,0.00618869478393406
0,0.5,0.00314456600010765,0.0062553095752134,-0.000672944441569374,0.00767999777743293,-0.00056533325864623,0.00625598631715368
0,0.5,0.000945646023545407,0.00622983587968105,0.000215828085359899,0.00739535348290736,0.000184110284658957,0.00622989704485394
0,0.5,0.00119379126006066,0.00623374367111526,-0.000404818982441771,0.00717869472817822,-0.00035523844966857,0.00623383594411054
0,0.5,-0.00381312178624296,0.00622070918235059,-0.00366723089566043,0.00680623694113693,-0.00336934308058572,0.00622093621366158
0,0.5,0.00949293390388758,0.0060112672105232,0.00876043352999101,0.00621143940998466,0.00841466324672089,0.0060127029711329
0,0.5,0.0105219275980362,0.006181006033563,0.0111117800441355,0.00662879462111213,0.0104554927225121,0.00618110613973182
0,0.5,0.0110431054191649,0.00594017282510353,0.00793188138611499,0.00673319933305966,0.00708013475572015,0.00594559037514174
0,0.5,-0.00467888702483949,0.00601288935436353,-0.00199799768870627,0.00706257076590085,-0.00175511171358785,0.00601428729356663
0,0.5,0.00467277570259993,0.006008611806054,0.00683576996444085,0.00651168550768548,0.00634656412141247,0.00600723947907446
0,0.5,0.000934848315598964,0.00592387283088493,0.00295215414771642,0.00664701800112191,0.00263189515318761,0.0059234145632595
0,0.5,-0.00896913504168737,0.00590129583343611,-0.0078401425358556,0.00657180273682327,-0.00733016306602077,0.00590332785103184
0,0.5,0.00313548954893193,0.00618293221860161,0.00553458812669841,0.00677760109678757,0.0049145416551181,0.00618190413976641
0,0.5,-0.00661711497792824,0.00624460345161603,-0.01073710394981,0.00670826801399272,-0.00972304751615843,0.00624100386594998
0,0.5,-0.00394926708103389,0.00635168144185828,-0.00148396365832215,0.007419388156883,-0.00126700807769616,0.00635265194286607
0,0.5,-0.00315968803514543,0.00601669273923018,0.000736570636295793,0.00666665410182693,0.000671214910131685,0.00601740064501175
0,0.5,-0.00341292386416913,0.00596897912981254,-0.00257423750118191,0.00682966701616388,-0.00229094052750648,0.00596945908573521
0,0.5,0.000151154371479271,0.0060751607209557,0.00169738014643323,0.00755706449568638,0.00138530173660831,0.00607502158808134
0,0.5,-0.00889919851570634,0.00623317248015659,-0.00930096799797557,0.00659222637318908,-0.00867108498679967,0.00623345730737382
0,0.5,-0.00970979378305057,0.00590541813245245,-0.00823179713797114,0.00627652995693891,-0.00758697296957127,0.00590820856407534
0,0.5,-0.00253570164035588,0.0060070091890792,-0.00249214294692517,0.00687144558053128,-0.00216044670349799,0.00600714031993255
0,0.5,0.00945025954359261,0.00626314383671332,0.00896973567788307,0.00695384310765437,0.00811974923720993,0.00626479484607652
0,0.5,-0.0140390988715004,0.00608666817618871,-0.00917113611339685,0.00655438740260551,-0.0085239100842074,0.00609577316797913
0,0.5,-0.00255876699877224,0.00632628971881434,-0.000885573368245414,0.00689180332372588,-0.000818490658833105,0.00632669949590869
0,0.5,0.00234240301926128,0.00621912409220763,0.00399892858735603,0.00643400490828416,0.00381816972576402,0.00621847626685271
0,0.5,0.00543177605167331,0.00635967799317085,0.00555611065756141,0.00704183406659404,0.00507754180327568,0.00635993584252907
0,0.5,-0.0050646520535278,0.00608326335477681,-0.00515716239662629,0.00679305526997618,-0.00468251144728046,0.00608353621494244
0,0.5,0.0050537358437137,0.00616554070782505,0.00353918591319733,0.00721099093427205,0.00310343237264297,0.00616668654905826
0,0.5,0.00855126186517955,0.00616061921918611,0.00437030385234547,0.0065760946136309,0.00394548219841139,0.00616476808335854
0,0.5,0.000230928679220751,0.00592484657768993,0.00338876487670577,0.00640249039961536,0.00317407350732693,0.00592408798291466
0,0.5,0.00574992168823648,0.00598920571706899,0.00456396530994962,0.00603195343643209,0.00438915820507606,0.00599023612749052
0,0.5,-0.0134438468532205,0.00618580982057195,-0.012507692091865,0.0067218399533135,-0.0114096104172157,0.00618943721731869
0,0.5,0.00292324832473011,0.00595961577089666,0.00876991937691486,0.00678268935433864,0.00753716201754326,0.00595598722918019
0,0.5,-0.00213044427381616,0.00605515100111688,-0.00067338994444726,0.00648433424390271,-0.000638824353851873,0.00605545532436852
0,0.5,0.00672517690511088,0.00559153417472718,0.0104980346732793,0.00622876512459524,0.0093037241624739,0.00558817483768767
0,0.5,-0.0128839976303333,0.00607455247411772,-0.0097115258926522,0.00679968533270788,-0.00866157847998419,0.00608122678366164
0,0.5,-0.00580075494844799,0.00599119320850514,-0.00454246171473002,0.00657980973034729,-0.00418944273400097,0.0059923949070493
0,0.5,0.00576554843779033,0.00589951298764845,0.00131645582975597,0.00670761409312804,0.00116669376504592,0.00590193833821325
0,0.5,0.010210147794207,0.00617667668236165,0.00708701740903519,0.00703365752675884,0.00636543550927149,0.00618125565931841
0,0.5,-0.00120748831452657,0.00619995701872056,-0.00576033279264103,0.00711460940351122,-0.00506353197356226,0.00619822703317707
0,0.5,0.00679476031218886,0.00636238172275601,0.00209466021999455,0.00748320267320515,0.00183581325504818,0.00636534363582305
0,0.5,0.00606446295173221,0.00605634915242986,0.00691181763722468,0.0067897599886185,0.00608958978083456,0.00605632665494152
0,0.5,0.00179536594951704,0.00594010227797501,0.00107387959403085,0.00701769837708684,0.00091954338224647,0.00594028167931792
0,0.5,-0.00828028877632767,0.00620132082746922,-0.00816357421528864,0.00694495353037369,-0.00732317726527191,0.00620238884916532
0,0.5,-0.000685856901507844,0.00585597987104769,0.00246083710294442,0.00590294386544702,0.00249569074079637,0.00585553769712319
0,0.5,-0.00392166660830143,0.00605296013256095,-0.00280611595163552,0.00676300828751155,-0.00249251308591511,0.00605363578692551
0,0.5,0.00446428736062916,0.00617689513535852,0.000412592515167793,0.00640970353490631,0.000395403411158395,0.00617831595218859
0,0.5,-0.000529575532966948,0.0059912701067047,-0.0040574015391626,0.00594744779781239,-0.00401335994934526,0.00599008842163072
0,0.5,0.00102060306069945,0.00603393757463169,-0.000750197732253936,0.00689796319141283,-0.000662240380303465,0.00603398220031682
0,0.5,0.00322335132471955,0.00603860538768093,0.00276694789605337,0.00681613430661843,0.0024708446488369,0.00603892215709785
0,0.5,0.00897172133084479,0.00614681552023255,0.00858731994081262,0.00648573146577155,0.00831532760439962,0.0061476361251769
0,0.5,-0.00349632033781051,0.00607798453512116,0.00381129372439205,0.00671529522824366,0.00349570834765902,0.00607798484891932
0,0.5,0.00564456841270045,0.00617869424603391,0.000847093301675406,0.00665963743034166,0.000799503357409349,0.00618093672795304
0,0.5,0.000860464590574278,0.0062971624831786,0.00249276770871579,0.00748763725957655,0.00221765089730673,0.00629686948505285
0,0.5,0.000885819465134759,0.0057733073045089,0.000920295822274731,0.00662277869075049,0.000795674748187696,0.00577331914826554
0,0.5,0.00101074533649367,0.00619844827705307,0.00348691778387315,0.00669596176317316,0.00319734703345156,0.00619778987656793
0,0.5,0.0138407493692467,0.00635312468473181,0.0162553289173521,0.00731072433011922,0.0144461887161079,0.00635193597210181
0,0.5,-0.0118609031368253,0.00623403840554017,-0.0107140463481092,0.00670532233295746,-0.0101468071516179,0.00623671852043071
0,0.5,-0.0120361476582161,0.00593589707502967,-0.010728040030011,0.00675334653519115,-0.00937973452758578,0.00594019306750926
0,0.5,0.00893996426894272,0.00612946532760056,0.00903062193570422,0.00651147213589485,0.00839998636301373,0.00613014487300702
0,0.5,-0.00289553194138951,0.00599655839491877,-0.0112120842229619,0.00653238906352946,-0.010321521989086,0.00598923212128982
0,0.5,0.00678291566289145,0.00609279868515864,0.00480009469023963,0.00682440230369427,0.00425688172907771,0.00609483724845224
0,0.5,0.00204616182920978,0.00614539388709018,0.00576917819050226,0.00700114067775178,0.00508646331043974,0.00614382515313257
0,0.5,-0.00534949981390035,0.00629036717753609,-0.00325867172110983,0.00708180313464568,-0.00301968860521061,0.00629173645992746
0,0.5,0.00761089037244568,0.00604094564575506,0.00722418450441149,0.00663964201495142,0.00661511517068677,0.00604199246472737
0,0.5,0.000265553398624731,0.00583736949284093,-0.00109247651219333,0.0064932791502119,-0.000961077710735571,0.00583730372440667
0,0.5,0.00439687714252047,0.00620006488433381,0.00555750516377997,0.00683599480976157,0.00499755676869565,0.0061996612185766
0,0.5,0.00666203053080947,0.00636746382960126,0.00597614232178596,0.00735541818502563,0.00540834945027656,0.00636851026467605
0,0.5,-0.00214090449920698,0.00587817822857609,-0.00356042908678509,0.00655302830163718,-0.00317595052950043,0.00587775758342138
0,0.5,0.0118611922116586,0.00598010195717387,0.012999711659813,0.00611146287927813,0.0119401406034305,0.00597996127754016
0,0.5,0.00327529927386506,0.00622188607409193,0.00758863994794407,0.00713489712019436,0.00670365308031945,0.00621944908016974
0,0.5,0.0070424741777682,0.00624480711850447,0.00498634305667945,0.0064222122693947,0.00466125014134309,0.00624678231615
0,0.5,0.0150771340220627,0.00625070643221539,0.0104636087432385,0.00660464019395476,0.0100488776916002,0.00625964801007096
0,0.5,0.00713741237267462,0.00626966929658285,0.00823599274758778,0.00676662050723429,0.00757310798892348,0.00626921717863555
0,0.5,-0.00781856998756978,0.00600492197062819,-0.00573583436273492,0.00677654193110419,-0.00525967584166192,0.00600741302175499
0,0.5,-0.00102343480959536,0.00613286332618298,-0.00231984500668518,0.00696657860665782,-0.00203322611246714,0.00613263950887266
0,0.5,-8.70504583785077e-06,0.00622849642362745,0.00311660070275395,0.00676086747346155,0.00280240205691828,0.006227937906273
0,0.5,-0.00114084417937892,0.00584534138984669,-0.0023441945725055,0.00662817596815708,-0.00208174069183438,0.0058451080324865
0,0.5,0.00435301852199608,0.00611953683282677,0.0100531060360218,0.00730784047175162,0.00883116902600388,0.00611524141129729
0,0.5,0.00179789108659226,0.00600822371219611,0.00530619976019326,0.00668942870603588,0.00474216089719471,0.0060067909687093
0,0.5,0.000925421847199996,0.00616029644220181,0.00114790767298493,0.00706124121406436,0.00100284787417357,0.00616028567691172
0,0.5,0.00404831901306751,0.0061076997340435,0.00067247113654516,0.00640979796336208,0.00062444513830381,0.00610886571036397
0,0.5,-0.0102115380731356,0.00617925420215247,-0.0110564805761812,0.00679806709547527,-0.00990145470392339,0.0061797023205286
0,0.5,-0.00182001137541172,0.00634720183808764,-0.00613635878082117,0.00709551912471736,-0.00530744921386685,0.00634547561973716
0,0.5,0.00607491452525107,0.00600958787861205,0.0052042790216877,0.00664326485434104,0.00470869674123202,0.00601068356133709
0,0.5,-0.00313641630492113,0.00613452867984911,-0.00448360965929563,0.00665380360249736,-0.00426749663403604,0.00613392158382618
0,0.5,0.00550041693331322,0.00596426756160132,0.0027717091914325,0.0060736289411158,0.00260107678502171,0.00596603072663896
0,0.5,0.0067429184745615,0.00607753797507907,0.00800873011050643,0.00667643460724532,0.00731712295975696,0.00607694575562555
0,0.5,0.00153926949853818,0.00616451233829175,0.00237786491731269,0.0066396624061872,0.00222836430819993,0.0061643252882789
0,0.5,0.00510111084855403,0.00618198777255593,0.00272097505335753,0.00719105542236662,0.00239327159462737,0.00618344447471472
0,0.5,0.00476950466030228,0.00587769199156791,0.00237067621731167,0.00612671138784428,0.00220119117364905,0.00587906034661864
0,0.5,-0.00628799181472722,0.00599274103995307,-0.00774088600202183,0.00701264910277589,-0.00655090905360513,0.005992489075045
0,0.5,-0.00359889020271767,0.00605263055711265,-0.00544773707131093,0.00662024630219974,-0.00510962617505688,0.00605166059564377
0,0.5,-0.00450230209893751,0.00592601813739646,-0.00224873981647633,0.00661176003627412,-0.0019631851082402,0.00592726030305494
0,0.5,0.00206762614570878,0.00617105136292818,0.00294856074457272,0.00637389845866424,0.0028051069401318,0.00617079280255109
0,0.5,-0.0102271164849916,0.00562543370738122,-0.0103616507464295,0.00686113317458045,-0.00840856832617777,0.00562816661409966
0,0.5,-0.00150316673170296,0.00627244448988182,0.000467054475492627,0.00716508595354186,0.000419401760610536,0.00627259134892064
0,0.5,-0.00218001425899125,0.0062783281321659,-0.00213536701956894,0.00718009756737555,-0.0018770067300896,0.00627841467599245
0,0.5,0.0026887401868942,0.00600812224860871,0.00481697327272111,0.00647201440790118,0.00442310376774169,0.00600720451030013
0,0.5,-0.00802880632070983,0.00576489923063507,-0.00792469031212308,0.00663435449957238,-0.00691470991410487,0.00576620248962858
0,0.5,0.0105310205033999,0.00612253507334245,0.00960657039298934,0.00664951477044854,0.00896780658947803,0.00612475021708312
0,0.5,0.0061367170564387,0.00580679380370802,0.00551413979960622,0.00617935215614228,0.00495560447117752,0.00580781028410462
0,0.5,0.00323507845125965,0.00597653834401667,-0.000667549888799861,0.00652323780776635,-0.000605273162085128,0.00597729455369878
0,0.5,-0.00202832644613465,0.00607685267550265,-0.00281817696796701,0.00675208476718157,-0.00262745463260069,0.00607664807144629
0,0.5,0.0039151123389272,0.00630756412247523,0.00336149765075563,0.00681059261329768,0.00307087324457679,0.0063079768930115
0,0.5,0.00169113530058206,0.00587896473611844,-4.20356115668988e-05,0.00601537808563761,-3.98756190702541e-05,0.00587918316326756
0,0.5,0.000990432279333611,0.00594494890147687,0.00134006127776476,0.00662585060426543,0.00120551982337953,0.00594491330041266
0,0.5,0.00398669292360331,0.00615864941816822,0.00302911065657072,0.00671349892502187,0.00280936085211181,0.00615922653595212
0,0.5,-0.0101267550660783,0.0062924443481557,-0.0132587948965119,0.00733540951560487,-0.0115858527288347,0.00629021886211271
0,0.5,-0.00799471797607719,0.00609039444094729,-0.0106842347001844,0.00674408804519429,-0.00960974596155542,0.00608831379020317
0,0.5,0.00923696143164727,0.00614358186359913,0.0112216536127335,0.0066686134878865,0.0100267805417516,0.00614248053104554
0,0.5,0.00447525424631492,0.00597764614626962,0.00507414003877123,0.00690020013386399,0.00446306557371046,0.00597765430302329
0,0.5,-0.00196632052939091,0.00613853313756577,-0.00633770368426151,0.00700275108850879,-0.00566925177945785,0.006136484783556
0,0.5,-0.00935474997735956,0.00619644736331138,-0.00796571357147925,0.00692979683147954,-0.00698170678428804,0.00619922212780132
0,0.5,0.00953544205695372,0.00596421831865142,0.00895901794793337,0.00649699510116882,0.00814179074988251,0.00596606798910826
0,0.5,-0.00632842022095718,0.00607470720636477,-0.00324822455650274,0.00671794579849373,-0.00295972987652411,0.0060770028410313
0,0.5,-0.000330725230029172,0.00598585975527537,-0.00618328959489594,0.00705151040745457,-0.00525316525002479,0.00598380497120181
0,0.5,-0.0116736539866755,0.00601673352281504,-0.014235795416294,0.00635743630682589,-0.0134490524096988,0.00601341818305574
0,0.5,-0.0083285615130622,0.00600254808668218,-0.00973951041166059,0.00611323054648315,-0.00917951852146017,0.0060014380071176
0,0.5,-0.000153929046871857,0.00631531100934411,0.0014982724201705,0.0068434344628271,0.00139429584423898,0.00631517681701053
0,0.5,-0.0032240728349964,0.00611402325134939,-0.00756238667087242,0.00660883249023023,-0.00694541536978136,0.00611126748140592
0,0.5,-0.00145365477356938,0.00600746388116086,-0.00084737869334619,0.00655524789984066,-0.000760210339657687,0.0060075781039193
0,0.5,-0.00937749014393748,0.00606002495755369,-0.0118665713943085,0.00638506279935473,-0.010931238695556,0.00605770103687635
0,0.5,-0.00125429010018043,0.00623446436034785,-0.00216295174250705,0.00691462938133003,-0.00190731786062851,0.00623431771299529
0,0.5,0.00126268137391881,0.00591119389452572,-0.00343587294158421,0.00669356589793019,-0.00303474863628311,0.00591061580067943
0,0.5,0.000798838298167582,0.00606288118590903,0.00533066270525003,0.00640432328875313,0.00492591815484778,0.00606114287063519
0,0.5,0.013102360737092,0.00629991218974068,0.0147539265043775,0.00715657244867118,0.0129819504053401,0.00630013248059524
0,0.5,0.00592549140782761,0.00596601233095104,0.0100163938795342,0.00669808292999463,0.00898849288660192,0.00596258220684115
0,0.5,-0.00145088258960752,0.00591656085522838,-0.00399482186299428,0.00613561656300918,-0.00381061339403911,0.00591561936453922
0,0.5,-0.00467040829000538,0.00623110368442611,-0.003064146404472,0.00712195199083685,-0.00266995397565404,0.00623214730704041
0,0.5,-0.000889757914646478,0.0060828493546477,-0.000721449806666501,0.00629792184311066,-0.00069337014609671,0.00608287213076265
0,0.5,0.0148665701548657,0.00615900089536601,0.0129898372206673,0.00702786216869242,0.0115824284323894,0.00616526598610128
0,0.5,-0.00100396071706508,0.00613961280848008,-0.00470256447505341,0.00670974353061713,-0.00446978303942988,0.00613823885948933
0,0.5,0.00541189329879772,0.00618255319077385,0.00722063002667991,0.00683567086716494,0.0064015841104004,0.00618171378431826
0,0.5,-0.00088542620993973,0.00619006835157345,-0.00284357641872904,0.0071007102248468,-0.00260304837039078,0.00618963888933112
0,0.5,0.00780220088932221,0.00611063679234446,0.00375347064376009,0.00621111257856699,0.00347923594549963,0.00611418838138064
0,0.5,0.00691644296909758,0.0058275641959472,0.00436087474313343,0.00623346205888172,0.00411235342628857,0.00582995280598624
0,0.5,-0.0053967165142881,0.006080460326968,-0.00208363415910965,0.00684566106056208,-0.00187607920266774,0.00608233673662637
0,0.5,0.0106892540533266,0.00604446975959176,0.0103915297527955,0.00663937779355394,0.0094166753201537,0.00604635933871453
0,0.5,-0.00783302826302391,0.00637238111104488,-0.00391449221032314,0.00747727855865623,-0.00341369931387528,0.00637581396057148
0,0.5,-0.00358549671597017,0.00601695602470778,-0.00889206398796519,0.00669956182971519,-0.0080149615044365,0.00601313833230436
0,0.5,-0.00788905238145737,0.00620689868827888,-0.00595367364243494,0.00665012304998722,-0.00557662381090917,0.00620912264574249
0,0.5,-0.00311509604962433,0.00571453883710645,-0.00100733698629425,0.00662736035125514,-0.000892450808073573,0.00571524351902424
0,0.5,-0.00263203657295639,0.00578646260410031,-0.00152082977994972,0.00617800500708563,-0.0014219561156628,0.00578684484074835
0,0.5,0.00121294552424095,0.00603027577198516,0.00363832325629378,0.00697273090794393,0.00322030281579144,0.0060296166997727
0,0.5,-0.000122846840869896,0.00608391400993865,0.000668380119359598,0.00660743316778084,0.000617335389967852,0.00608388720278824
0,0.5,-0.00362132312542403,0.0062411534931935,-0.00578089458960272,0.00702181613210326,-0.00526726109214683,0.00624011558050632
0,0.5,0.00185825746513499,0.00600051113787902,0.00719200662948963,0.00677163812173008,0.00655653477828155,0.00599756421350488
0,0.5,0.0103604664631026,0.00618344805077625,0.00940889268673526,0.00705684396731551,0.00808655595034915,0.006186458486201
0,0.5,-0.00649077721460691,0.00605158427438136,-0.00904353228249714,0.00669783355234058,-0.00807390402153919,0.00604988360498787
0,0.5,0.000253055723615015,0.00608093961658452,0.00136928440945484,0.00698565572918717,0.00119827831126263,0.00608083907943285
0,0.5,0.0146612586757939,0.00606628467265851,0.0157289824845071,0.00675290186360195,0.014002823736728,0.00606767286295903
0,0.5,-0.00374236272510885,0.00608732272603857,-0.0055580236831291,0.00676700537896921,-0.00486449373835742,0.00608661575657705
0,0.5,-0.00194002621942959,0.00637786276537155,3.04051583784276e-05,0.00689740460643013,2.75584123288622e-05,0.00637812242456041
0,0.5,-0.00911543609532349,0.00590926497219343,-0.00657571376183214,0.00628186729283473,-0.00618480113251522,0.00591266946306286
0,0.5,0.00372629507617251,0.0060380361847965,-0.000992885882806085,0.00643611283109229,-0.000934195753848128,0.00603899820382796
0,0.5,-0.000595340868768177,0.00629738710869426,-0.00631655653286267,0.00717981287295048,-0.00570059851784707,0.0062951323125993
0,0.5,0.00623087572272314,0.00597267768291449,0.00168876162253647,0.00717463678685766,0.00143462409758509,0.00597543236778509
0,0.5,0.00259811749905022,0.00627735392866759,-0.000191838252622767,0.00718073331015962,-0.000167222426857246,0.00627782725139473
0,0.5,0.00227787603105812,0.00612141102764912,0.0049597443576848,0.00642780833632774,0.00459838974061857,0.00612025110974812
0,0.5,-0.0113268196733745,0.00605011340344109,-0.0119133765287229,0.00704090299526138,-0.010547951103942,0.00605137035124462
0,0.5,0.00447701300393805,0.00592193594331944,0.00246125109551227,0.00627514636663463,0.00235020168701844,0.00592303556941649
0,0.5,-0.00066352471423151,0.00587054772966307,4.09759742825851e-05,0.00666418502528274,3.70499092748372e-05,0.00587058132826683
0,0.5,0.00258765338446036,0.0062604802593521,0.00142341031750675,0.00677248674098683,0.00128509465811809,0.00626083666583162
0,0.5,0.00775949775033196,0.0061611212015006,0.00824424406398279,0.00730851280341152,0.00704833895884023,0.00616188049603811
0,0.5,-0.0147850003296713,0.00591664639565787,-0.016493838814767,0.00695519567913531,-0.0142375413927769,0.00591785185009174
0,0.5,0.00839839958899543,0.00589165084087967,0.00776972450271941,0.00675623581259685,0.00692104894776946,0.00589337584453599
0,0.5,-0.00449018841416257,0.00612764501265671,-0.000827312365088436,0.00668992342422216,-0.000743350476964263,0.00612906825185893
0,0.5,-0.00352158789836403,0.00618088172774756,-0.00395061081272419,0.00665216161998091,-0.00360909182493858,0.00618083692244537
0,0.5,-3.6850172534514e-05,0.00616580039791062,-0.000881814374906323,0.0070807297606512,-0.000749950858298205,0.0061657599868873
0,0.5,-0.00176339624333477,0.00612090488090822,-0.00142738962014386,0.00683545480252329,-0.00129476970372865,0.00612100905258675
0,0.5,0.00456681083888133,0.00592390110872169,0.00589872175602662,0.00658664702853263,0.00533492457637354,0.00592332523614454
0,0.5,0.00579525283639204,0.00596915221772904,0.00239855437234898,0.00625234634648372,0.00223466621843591,0.00597129612199394
0,0.5,-0.00516410527804751,0.0061901032138791,-0.00660309947904627,0.0067296161493669,-0.00597635792066582,0.00618945456805469
0,0.5,-0.00838943508582082,0.00594154201493085,-0.00595293792904462,0.00616085861341841,-0.005684811617333,0.00594441288687781
0,0.5,0.00466417680634143,0.00612130836916466,0.00325985304139287,0.00685822522588763,0.00291454328302814,0.00612227209032722
0,0.5,-0.00117738257108026,0.00609595659908168,-0.00077465012367878,0.00669483474400439,-0.000695597117642317,0.006096022526598
0,0.5,0.00704138166539686,0.00606467492271273,0.0073082861717526,0.00704562074252713,0.00625652975851072,0.00606544242464519
0,0.5,-0.015491298959525,0.00626038410750985,-0.0189646488319426,0.00647081531684673,-0.0181532103172442,0.00625404540563725
0,0.5,-0.000270996487693268,0.00597614480214185,0.00448709083018837,0.0063846950380491,0.00417146066783068,0.00597484696428092
0,0.5,-0.00318018253954614,0.0062676998712651,-0.00182635599216479,0.00691139385089103,-0.00164693379628179,0.00626822201773209
0,0.5,0.00524267785665126,0.00598355422869798,0.00654969680293402,0.00659424188260287,0.00587002700974679,0.00598303286115123
0,0.5,-0.00329658848097305,0.00600775371036958,-0.00954902178395465,0.00700812497088717,-0.00829058213051365,0.00600344596774413
0,0.5,-0.00014569083185074,0.00614008513125442,-0.000173870016100843,0.00652514874302713,-0.00015475072966275,0.00614008493417409
0,0.5,0.000144442827798769,0.00610913545150918,0.000599885819479975,0.00695691517869191,0.000542998254929906,0.00610911548813347
0,0.5,-0.00611225303246769,0.0060087054491392,-0.00847864207911339,0.0071186830163794,-0.00756466580252699,0.00600722735414581
0,0.5,0.00299088221762631,0.0060208331834666,0.0040404720668082,0.00730540573956829,0.00341641069107029,0.00602063087115331
0,0.5,0.00971001291505949,0.00585462103081647,0.00183145672813041,0.00615518849308494,0.00179889826264293,0.0058616105246133
0,0.5,-0.00156247364900674,0.00618991197955278,-0.00277046288049247,0.00671984333651361,-0.00260364853953112,0.00618960107476391
0,0.5,0.0049858026506556,0.00620984346498185,0.00138568990100137,0.0065793832539871,0.0012950463095533,0.00621149799437205
0,0.5,0.012934945631495,0.00608467593625989,0.0138079310665316,0.00727310199662807,0.0115930582278736,0.00608708696316614
0,0.5,0.00500291743911917,0.00611567457033332,0.00893200559884799,0.00726690824465748,0.00781231723446397,0.006113053649827
0,0.5,0.00105398187966973,0.00628942459816282,0.00123138368901363,0.00713650606768557,0.00111846852830067,0.00628941475754495
0,0.5,-0.00070093905744029,0.00577921621575603,-0.000204549134406591,0.0062342594211652,-0.000191514332968052,0.00577925169504684
0,0.5,0.00589754570789183,0.00614881156107393,0.00798202233900781,0.00708237183168297,0.00705596194258161,0.0061477267469198
0,0.5,0.00678536503761308,0.00621542000617942,0.0079737259238533,0.0067468306355825,0.00726247969028232,0.00621494199840455
0,0.5,0.000586322173901946,0.00610833433927907,0.00119119871114575,0.00697043792690201,0.00104981994782137,0.00610827907402298
0,0.5,-0.00337179605016925,0.00593370107630234,-0.00496530584163915,0.00654729816096679,-0.00457463951956265,0.00593297884280904
0,0.5,-0.000903779633079712,0.00597765047346053,0.000890771799829104,0.0064439319122396,0.000843320483908584,0.00597765838122169
0,0.5,0.00821372728864859,0.00632251316941631,0.007006813166778,0.00676245924564915,0.00633334285613169,0.00632442185624732
0,0.5,0.0062511727013806,0.0063185149177341,0.0047338310624869,0.00673395572458675,0.00444465795105716,0.00631986419697321
0,0.5,-0.00121787969380029,0.00592162813898748,0.000927028385857766,0.00662806720641155,0.000818320454447865,0.00592168976019459
0,0.5,-0.00369771574511725,0.00630785939469544,0.000391180032073309,0.00713852625998096,0.000338864821404913,0.00630880816612125
0,0.5,-0.00662705758601748,0.00605885287169075,-0.0104906496275866,0.00660764611310541,-0.00937356407782639,0.00605561574620093
0,0.5,0.0123691078367998,0.00590631716307289,0.0115521848212604,0.00602435160930761,0.0114271041344967,0.00590802099540015
0,0.5,-0.0014719389584406,0.00610426095096198,-0.000803206203651425,0.00633179298830506,-0.000752866286893102,0.00610437763301138
0,0.5,-0.00139953149355774,0.00610672983968545,-0.00489569861743651,0.00664615807975567,-0.00463263472246412,0.00610530784572029
0,0.5,0.00871542888091526,0.00596831526343355,0.0121672770128519,0.006436875567186,0.0112201972151146,0.00596456689437445
0,0.5,-0.0124298402044777,0.00600882107951807,-0.00856977168178706,0.00636955843860432,-0.0077827658583748,0.00601580554383666
0,0.5,-0.00469628187769919,0.00605409342674197,-0.00262491853543473,0.00662766624296111,-0.00241158145874591,0.00605529003892461
0,0.5,0.000667332449811786,0.0061806811881308,0.0049814935552642,0.00693343465055499,0.0044173105213616,0.00617931178312508
0,0.5,-0.000409466472961155,0.00601937776923169,-0.00655827883407934,0.00615676650239376,-0.00615200782491901,0.00601658016944515
0,0.5,-0.00359483749981114,0.00616480228307803,-0.00320652702388444,0.00695161853314671,-0.00292539510466148,0.00616511673198016
0,0.5,0.00362241598083404,0.00600464841879956,0.00515857423600636,0.00687313808419754,0.00467101986189933,0.00600400090538537
0,0.5,0.00202128229649063,0.00603691834436544,0.00531563639025805,0.00637435764635927,0.00491659451045977,0.00603543253298999
0,0.5,-0.0129020304394436,0.00607905952668508,-0.0104837373683231,0.00612372045662309,-0.0102335139389108,0.0060835859472476
0,0.5,-0.00362880393452948,0.00608095399479028,-0.00493289417724283,0.00691645585876057,-0.00445651122073484,0.00608046349307665
0,0.5,0.00924189841167445,0.00605209718732193,0.00821219654417089,0.00669932023481944,0.00736981837795356,0.00605438987050552
0,0.5,-0.00992683313014822,0.00613402656111793,-0.0141486378225521,0.00666933520395923,-0.0129874272309873,0.00612893732700903
0,0.5,0.000228318657408608,0.0063883682012773,-0.0014676413382128,0.0067751250110008,-0.00138952582635004,0.00638823883379752
0,0.5,-0.00567818844068525,0.00624140281398277,-0.00739246913915226,0.00674366143328518,-0.00650953717157289,0.00624068400672918
0,0.5,-0.00656061903557002,0.00602526602316661,-0.00998823879450118,0.00662495868255073,-0.0093385039210965,0.00602199008644452
0,0.5,0.00737782104333916,0.00597999770504416,0.00219050542270684,0.00643947200563488,0.00203138299933038,0.0059837609010244
0,0.5,-0.0107629022147703,0.00594746860039161,-0.00830081486488044,0.00622218929398217,-0.00770181405663854,0.00595172616127294
0,0.5,-0.0106103935199554,0.00631151561609182,-0.0137676154848977,0.00683981251705556,-0.0129880718964424,0.00630758818655495
0,0.5,-0.0106823696957065,0.00618320160921736,-0.00994871803485533,0.00678742545449811,-0.00892119008308045,0.00618567977687475
0,0.5,-0.000168471392350548,0.00600886346803596,-0.000200357741567651,0.00636949521536634,-0.000186560972361949,0.00600886299032671
0,0.5,0.00933149121103499,0.00613745907585891,0.0100085175176478,0.00699571675053478,0.00885967563735205,0.00613808099371498
0,0.5,0.00793836698689378,0.00608516050416573,0.00833723203259437,0.00724896207124113,0.0072402765625915,0.00608593647771457
0,0.5,-0.00470390634463855,0.00588420454408822,-0.00806387985653985,0.00667210610470833,-0.00717920615003457,0.00588195837762671
0,0.5,-0.00442109161008826,0.00585659727003777,-0.00187642175199151,0.00645339426246264,-0.00165509913141193,0.00585788752545101
0,0.5,-0.000557778746919384,0.00600082358870497,-0.00193432169149479,0.00674798140636684,-0.00173523790129308,0.00600062242305509
0,0.5,0.0131507366535024,0.00610256052748088,0.0146311732756177,0.00672372611447871,0.0132302702703657,0.00610240733930739
0,0.5,0.000953703241585958,0.00617469878549918,0.00377260117747608,0.00666009969162516,0.00356021360813502,0.00617385281302114
0,0.5,0.00181150527444481,0.00623531450846324,0.0021336911995104,0.00704307396400163,0.00188508090724662,0.00623529519365684
0,0.5,-0.0028994604454892,0.00609783552312805,-0.00407228978836749,0.00702549867173782,-0.00360828663202786,0.00609749861078511
0,0.5,0.00184062427075976,0.0060494026748736,0.00465114515776053,0.0068788063020653,0.00397429603248139,0.00604848737548069
0,0.5,-0.00763083217525161,0.00621674557059269,-0.00916845899407015,0.0063101738118027,-0.00852005322630964,0.0062157214712001
0,0.5,0.00364259612413242,0.00608066007674255,0.00437004723715098,0.006429525238084,0.00414503242131456,0.00608037328406111
0,0.5,0.000488526835056518,0.00629224350593107,0.00364756805649748,0.00705075006262264,0.0032777489587871,0.00629150595830935
0,0.5,-0.00621392089466243,0.00629683004373448,-0.00838746275231018,0.00691600697201453,-0.00741371642462157,0.00629568292798025
0,0.5,-0.0060715770053584,0.00613818092999988,-0.00736922567500471,0.00716394038561371,-0.00653258443213602,0.00613775997643182
0,0.5,0.00110096288435255,0.00604788952635174,0.00151020259054655,0.00667189705083575,0.00137093900852794,0.00604784028477519
0,0.5,0.00488698387471202,0.00611344089269351,0.00693336726661872,0.00679125152244462,0.00623719378134969,0.00611234720155316
0,0.5,-0.00368409552488392,0.00579337469100173,0.00109385327571691,0.0066168188577231,0.000973083577946629,0.00579435696473563
0,0.5,-0.00347905935862037,0.00590126758930416,-0.00507069046614927,0.00700810231371752,-0.00428918687144502,0.0059007888525727
0,0.5,0.00205475844969773,0.00635379927234307,0.00477093685002256,0.00700564009348796,0.00436866268371843,0.00635276852007106
0,0.5,-0.00889442200382979,0.00638221958604646,-0.00724455065728701,0.00686169898580466,-0.00660207498629525,0.00638466873359742
0,0.5,0.00230002704584111,0.00605852098300455,0.00502387119669293,0.00664863861244788,0.00449754010606522,0.00605742102750064
0,0.5,-0.00196553367547578,0.00610598616216304,3.28531213901603e-05,0.00676837173628452,3.03262721101242e-05,0.00610626776494642
0,0.5,-6.58308318534661e-05,0.00616970316572974,0.00336006311958229,0.00683116390506876,0.0030805993278456,0.0061690204395612
0,0.5,0.00837085538505945,0.00622658903126761,0.00612447475689059,0.00662908535168347,0.00587196791657521,0.00622912085798481
0,0.5,-0.00405301119064541,0.00617761175807416,-0.00455181964216053,0.00664706706896163,-0.00423230778216079,0.00617750501216477
0,0.5,-0.00574267159807615,0.00626920207377753,-0.00139419453110765,0.00722411690363015,-0.00119769309596604,0.00627142649711061
0,0.5,-0.00237008853827043,0.00598085794142857,-0.00526910442614176,0.0062511309890146,-0.00486230776499638,0.0059795091746198
0,0.5,-0.00140456087972432,0.00584956383941267,0.00114018020562265,0.0065974795860268,0.00101534273518432,0.00584963626056142
0,0.5,-0.00299540136989995,0.0060139859515292,-0.00127952932440552,0.00636082321571579,-0.00121193488424313,0.00601454347489988
0,0.5,-0.000484508308006474,0.00632415156133434,0.000598867882518241,0.00687685803966969,0.000542899591224494,0.00632414737672037
0,0.5,0.000463110445969589,0.00608609887310083,0.00799815534538761,0.00655423546976181,0.00758487957021587,0.0060819006183876
0,0.5,-0.0121761295369668,0.00615207169965903,-0.010056146104512,0.00633223803730106,-0.00954956728655204,0.00615619335427142
0,0.5,-0.00833459433688534,0.00588145171570927,-0.00704981222785688,0.0062560731388726,-0.00658528821503858,0.00588344515943934
0,0.5,-0.00163320453966189,0.00590964870915445,-0.00210266455982678,0.00677652742759096,-0.00186197416375894,0.00590958799500728
0,0.5,0.00397524129197399,0.00571783755938079,-0.00406081950005243,0.0065372106125535,-0.00359090530002155,0.00571806747139059
0,0.5,-0.00329235486668572,0.00589676304892555,-0.00643506078116531,0.00665364881604904,-0.0055932409290001,0.00589520611969457
0,0.5,0.00118090688159028,0.00602052932172306,-0.00223397671169163,0.00654800804457333,-0.0020502194618089,0.00602032088972175
0,0.5,0.0017146849606632,0.00577144518562871,0.0030940255712107,0.00583787593812627,0.00301283146784047,0.00577096543820139
0,0.5,-0.00412458182436727,0.00644644048698647,-0.0071113634860356,0.00687139740605841,-0.00651386318766581,0.00644470984092956
0,0.5,0.00374245407969911,0.00601133383337575,0.0053828558962368,0.00664426170985751,0.00490295179438178,0.00601058783255236
0,0.5,-0.00659693205955375,0.0059211274041721,-0.00460848771091891,0.00647178617481032,-0.00424616234609887,0.00592305803962787
0,0.5,6.89312632224486e-05,0.00570127966005984,-0.00077006057864496,0.00631074467276302,-0.000694276041061491,0.00570124179320224
0,0.5,-0.0026861517369141,0.00619600563775145,-0.00510987137403892,0.00718305282093602,-0.00456361819813989,0.00619503115339919
0,0.5,-0.00896605719879929,0.00622227684933692,-0.0056157560308894,0.00648553762006509,-0.00535872492275332,0.00622595558172053
0,0.5,-0.00180818121962643,0.00602028889574436,-0.00424346823871679,0.0064498093124847,-0.00396004730282023,0.00601936769030688
0,0.5,0.00948572169649832,0.00617798742492927,0.011303247623351,0.00717716281141804,0.00984339193688895,0.00617749051986491
0,0.5,-0.00230203137677111,0.00610535825370405,0.000424786480092993,0.00668727701044275,0.000389114929377208,0.00610573362896925
0,0.5,-0.00328355813170398,0.00627503844636834,-0.00451625005392026,0.00707957860438645,-0.00397230458124908,0.00627468636220572
0,0.5,0.00522690586536771,0.00606536139709705,0.00940344512906012,0.00779160383221893,0.00764949464592583,0.00606306706882602
0,0.5,2.13604809326247e-05,0.00567885253669433,0.00346632886222319,0.00591381187756097,0.00338769497580423,0.00567793754670183
0,0.5,-0.0108410463544963,0.00614345449259835,-0.0115432471433012,0.00681901177772058,-0.00996930486776541,0.00614476743871545
0,0.5,-0.00486213673675052,0.00603507058856914,-0.00267396813695222,0.00729209295396717,-0.00224158482895212,0.0060364476648274
0,0.5,-0.00352161697844938,0.00599702750288578,-0.00514043501271373,0.0064567000953086,-0.00486706973458951,0.00599618579877166
0,0.5,-0.00390000993564046,0.00609716260118613,-0.00183044476490922,0.00713650270784626,-0.00165890515943853,0.00609807251507947
0,0.5,0.00232883127999056,0.00619811525458594,0.00420087937679663,0.0067964007200005,0.00379682712568328,0.0061974717545667
0,0.5,-0.00757506727386424,0.00606889845248817,-0.00648686423916624,0.00664213620381248,-0.00597019216235226,0.00607049553124107
0,0.5,0.00304887197810148,0.0059742972367375,0.00959589483142,0.00642197628262006,0.00921758263070205,0.00596862414833686
0,0.5,0.0136338290985875,0.00587903966516544,0.0142718547404334,0.00653669784960687,0.0128331339161809,0.00588065987136775
0,0.5,0.00104929370884589,0.0060484333519081,0.00388304654595117,0.00640526330907823,0.00370841580348526,0.00604749985692274
0,0.5,0.00740537949063989,0.00623689946159974,0.0101074753302512,0.00660354566622277,0.009105384084848,0.00623490590918784
0,0.5,-0.00350053736223426,0.00619543840213477,-0.000783338290928297,0.0070885563500295,-0.000686808234600838,0.0061962818472981
0,0.5,0.00980027193579739,0.00627349656232884,0.00916713815345133,0.00691533275032618,0.00819039404871348,0.0062755377406142
0,0.5,-0.0067525339059746,0.00621125023860385,-0.00815434551525717,0.00652295713625714,-0.00776181529862315,0.00621020453022379
0,0.5,0.00241787261772535,0.00626491674334048,0.0108183266169742,0.00765727352855449,0.00907594308191255,0.00625951080815173
0,0.5,0.000736137130206368,0.0060795086418401,0.00291071411196664,0.00701776149584812,0.00258080863908522,0.00607906007180467
0,0.5,-0.00453610924988252,0.00611867653093809,-0.00664340206702854,0.00706407408109918,-0.00570504130578472,0.00611780580718123
0,0.5,-0.00207292646610656,0.00592811052999427,0.000260000898955819,0.00647130287125467,0.00023714722263732,0.00592843128864238
0,0.5,-0.00219058458828271,0.00602189090872416,0.00209616383165022,0.0065461381460477,0.00196112335693196,0.00602196157927709
0,0.5,0.00729613155918195,0.00592181834138142,0.010047626318659,0.00680218868031807,0.00887288190516805,0.00591988658596476
0,0.5,-0.0175228851234652,0.00588486747837356,-0.0136188441563596,0.00691587542188057,-0.0120248540210688,0.00589726094504641
0,0.5,0.00772133539181203,0.00593703073180413,0.0081157083267731,0.00678206055829336,0.00713364318387828,0.00593768993231392
0,0.5,0.0158642419880581,0.00622021015316597,0.0121616732400715,0.00673393270458286,0.0112429378756805,0.00622913179072479
0,0.5,0.00114180413700778,0.00608656704704753,0.00024086128415573,0.0066233065086021,0.000218161105207009,0.00608665899599265
0,0.5,-0.00650916238635863,0.00606038044641755,-0.00974973412654296,0.00681146373575636,-0.00887927503698596,0.00605769488006207
0,0.5,0.00798246683357613,0.00644596644162379,0.00772676916744822,0.00712499565762994,0.00692108350091217,0.00644704337280092
0,0.5,-0.00144610992407455,0.00613183103449669,-0.00242103576073629,0.00661416465732544,-0.0022943621397087,0.00613160091158095
0,0.5,-0.0133850877997431,0.00611772756352346,-0.0199542909097052,0.00656461834939171,-0.0186004224160321,0.00610556717130981
0,0.5,0.0041091914064067,0.00600034217987119,-0.000840497122832334,0.00654612901014708,-0.000773206464495714,0.00600155570604178
0,0.5,0.0034317766637473,0.00579083224509177,0.00297951699933253,0.00677175276621591,0.0025799098938252,0.00579123091103059
0,0.5,-0.00468918657007722,0.0061745074416091,-0.00469517987878787,0.00702501185740846,-0.00409070479244929,0.00617488524570035
0,0.5,-0.00565741115359959,0.00598725512440573,-0.00554451998439514,0.0063039701017495,-0.00541966968332051,0.0059874519037498
0,0.5,0.00275625918977846,0.00627089541639988,0.00643381342002095,0.00694417925110359,0.00595965765770279,0.00626892630673974
0,0.5,-0.0035272539118396,0.0064096781269757,-0.00456115079899021,0.00665809449170846,-0.0043937834860165,0.00640920743790127
0,0.5,-0.00363077487703883,0.00609190164109836,-0.00471764106298549,0.00680135686682387,-0.00429282150157888,0.00609151802556641
0,0.5,0.00126873079740752,0.00611141120986094,0.00235841976084663,0.00627286739408856,0.00236600259189535,0.00611112073282411
0,0.5,-0.00430101484269106,0.00587131671602887,-0.0032109860309172,0.00661362949503561,-0.00283528072672714,0.00587211730071477
0,0.5,-0.000112623275465251,0.00635440749669522,-0.00423611979286534,0.0069008369767319,-0.00400887805028348,0.0063532939973774
0,0.5,-0.00170242137215759,0.0061067809047168,-0.00225716440797681,0.00672819595521212,-0.00205342391825162,0.00610668479969743
0,0.5,-0.0073191052022385,0.00628069730716816,-0.00268530285885031,0.00686677857757168,-0.00250248333349339,0.0062840253779133
0,0.5,-0.00653383625709647,0.00595282335880779,-0.00594998863525646,0.0064510927180864,-0.00562465013392664,0.00595365524710292
0,0.5,-0.00133365620272153,0.00599500464818862,0.00118970371544774,0.00628261802333388,0.00110728635994449,0.0059950458663465
0,0.5,0.00134146957749246,0.00586560209574912,0.00011346316306262,0.00648144314071443,0.000102150395483176,0.0058657391983328
0,0.5,-0.00736747788845084,0.00616105040767877,-0.0068372429096661,0.0067804172797488,-0.0061673504215249,0.00616222153980735
0,0.5,-0.00906515986720277,0.00604739765502014,-0.0123321865758833,0.00660136639346863,-0.0109951727206773,0.00604453871403398
0,0.5,-0.00790628602468142,0.00633338851897393,-0.00788168650038991,0.0072071593922659,-0.00703897780658765,0.00633429110376602
0,0.5,-0.00137632314851202,0.00609210978522055,0.000209644582794026,0.00675491691699171,0.000193009491504561,0.00609224556477125
0,0.5,-0.00473461668086452,0.00599057448380034,-0.0059165391090066,0.0069098229164506,-0.00533521543035364,0.00599012285867294
0,0.5,0.00263721482615772,0.00616280186984212,0.00653389441307997,0.0066305123382419,0.0059552810926651,0.0061607465605519
0,0.5,0.00560324921831004,0.00623909974216917,0.0018020657314429,0.00716134828244021,0.00160892684605242,0.00624114366098259
0,0.5,0.00641350417239181,0.00627238581029005,0.00843390564189528,0.00715842030114154,0.00729119168166824,0.00627153776810076
0,0.5,-0.00585697658248352,0.00613316988113242,-0.0036202039637641,0.00701044965649866,-0.00320048057231965,0.00613491428794944
0,0.5,0.00229300798585338,0.00614021697037367,0.0100110598990153,0.00667025488922097,0.00904813345237103,0.0061346661703408
0,0.5,-0.00332739637493422,0.00634592564073731,-0.00473043733778375,0.00777060035392402,-0.00387261402645539,0.00634565299364784
0,0.5,-0.00454516888332738,0.00628337060676084,-0.00783084520877665,0.00734390255350974,-0.00700328300847714,0.00628137350004492
0,0.5,0.00117573310042755,0.00618329226988805,0.0025142474537957,0.00677453713043366,0.00236374870901071,0.00618299047211727
0,0.5,0.00250695321456602,0.00625936120413833,0.000140673409151158,0.00707631149468533,0.000126087949037507,0.00625980421486818
0,0.5,-0.00467242126682302,0.00610496491378217,-0.00281015392556164,0.00727862230981866,-0.00239352233920801,0.00610613912171134
0,0.5,-0.000503034459052422,0.00623112244144469,-0.000744364983765061,0.007159869287613,-0.000657545489271078,0.0062311096960428
0,0.5,-0.0141392038160444,0.00613205206294871,-0.0140409915902283,0.00670678694879962,-0.0129595487156526,0.00613437145235488
0,0.5,-0.00621692603215466,0.00628766170113674,-0.0071817079514434,0.00677755575417318,-0.00658111188879287,0.00628733413194223
0,0.5,-0.00339759111587772,0.00583479504389339,-0.000832475238609486,0.00615544593835496,-0.000778610750127031,0.00583563858707737
0,0.5,-0.00166801713553817,0.00604009172595015,-0.00412506735609285,0.006208975338584,-0.00395355033183937,0.00603914206050974
0,0.5,0.0181934058063516,0.00601990423682543,0.0148648953475137,0.0064295988484648,0.0139690960009618,0.00602998643786077
0,0.5,-0.000396692862729902,0.00632718203303146,-0.00177185766922728,0.00757106913383338,-0.00148078578652732,0.00632704014396051
0,0.5,0.00792533881898273,0.00594645204274516,0.00796447175341632,0.00646659135243529,0.00720821170505761,0.00594726990064487
0,0.5,0.00167829349138083,0.00600506630475178,-0.00387884223341006,0.00678282617248167,-0.00354628703556395,0.00600433973072612
0,0.5,-0.00634151453246724,0.00601185822185184,-0.0130429272965866,0.00688000050106966,-0.0113956389722027,0.00600518762291357
0,0.5,-0.00187474087748218,0.00618789145626216,-0.00100559290918596,0.00685564662323304,-0.00090990459166219,0.00618808409670617
0,0.5,0.00340923823521004,0.00610113396206927,0.000421691886265091,0.00621561532408455,0.000414556799359464,0.00610196963845243
0,0.5,0.00929433972517232,0.00611111277037512,0.0066357775591422,0.00667636487253761,0.00611989876342398,0.00611467616920368
0,0.5,-0.00280818368661692,0.00605277254974537,-0.000699726955809249,0.00670219999345407,-0.000624817689583804,0.00605332502977864
0,0.5,0.00412351470362101,0.0061510854703606,0.000130287422259251,0.00753508977147356,0.000107206501537991,0.00615231286924914
0,0.5,-0.00628951852267245,0.0061698464297679,-0.00667838508755602,0.0065702408350422,-0.00613377684221759,0.00616998568849463
0,0.5,-0.0072537554154449,0.00609175200720905,-0.00718909140678523,0.00639849803822154,-0.00684355745923343,0.00609217491686551
0,0.5,0.0171605613500403,0.0064614325028805,0.0193225115846296,0.00732010234990105,0.0177902336359138,0.00645993699389405
0,0.5,-0.0076293420720999,0.00622256090160443,-0.0113947434861276,0.00676188995264025,-0.0104836068333085,0.00621887745031331
0,0.5,0.00400045818768342,0.006167980193669,0.00258105567980515,0.00674869983784701,0.00232683640023136,0.00616874253261056
0,0.5,-0.00711044820242903,0.0062082612963,-0.00683414063813658,0.00702494306122732,-0.00601693916317929,0.00620928637686317
0,0.5,-0.00476305971579575,0.00607597743885104,-0.00123275240398398,0.00709192924457787,-0.00107839853465374,0.00607755624828916
0,0.5,-0.00565948369917413,0.00614299557504322,-0.00600397076401134,0.00696825240049698,-0.00540945393861899,0.00614319585642076
0,0.5,-0.00728537350756609,0.00615264387808803,-0.0124537885315087,0.00694571961018154,-0.0108101499102819,0.00614803397015509
0,0.5,0.00393149977462405,0.00579141908726791,0.00184686703879268,0.00638190043444386,0.00163061070887369,0.00579241516897855
0,0.5,-0.00388813008858498,0.00620411684545243,-0.00340264337811966,0.00682765986254709,-0.0031405597845078,0.00620449236037794
0,0.5,0.011116492660998,0.00594845916941782,0.0118429630843562,0.00674367920544893,0.0104850080311595,0.00594948693092472
0,0.5,0.00613071257788074,0.00604080548118283,0.00568291092739482,0.0066952104275663,0.00511307893785274,0.00604165099825347
0,0.5,0.00136750318688132,0.00613668290525685,0.00351032072100458,0.00657725608067945,0.00329864321348209,0.0061360299653803
0,0.5,-0.00775627365750959,0.00605927846982291,-0.00445086123059239,0.00603402225434249,-0.00442254996796801,0.00606226673217163
0,0.5,0.00368122221107862,0.00606054237247692,0.00263105479421036,0.00659611512020451,0.0023011802987792,0.00606114994173729
0,0.5,0.00259773416947173,0.00572107419871054,-0.000407179001986136,0.00606385222480371,-0.000380901672141164,0.00572159586936734
0,0.5,0.00549453420435262,0.00604418247240448,0.00463353840152459,0.00693758039050639,0.00409911185967441,0.00604517099232846
0,0.5,0.00718286015332214,0.00600256217000537,0.00834377853218332,0.00668321796911761,0.00743726279304667,0.00600228509060371
0,0.5,-0.00158010035157301,0.00631308689793583,-2.43750253277508e-05,0.00667298249529882,-2.27569684479616e-05,0.0063132614014095
0,0.5,-0.0101690257170865,0.00601073787789749,-0.00782941177060918,0.00639743807026782,-0.00728941035609836,0.0060144755176427
0,0.5,0.00585838644947532,0.00593922218706353,0.00439034990452245,0.00630350030472309,0.00416225762655208,0.00594050474383294
0,0.5,-0.0103480014671705,0.00597110976526952,-0.0102251900156918,0.00695427023901845,-0.00913005916126519,0.0059728884847825
0,0.5,-0.000193956858603595,0.00602757031386178,-0.00141249784276153,0.00655712675415637,-0.0013224705276512,0.00602744351215075
0,0.5,0.00254620267656784,0.00620475509334131,-0.00111600493685575,0.00705451616477318,-0.000972068484744949,0.00620515082453472
0,0.5,-0.00360308348693267,0.00623499279317141,-0.00627345556214103,0.00644820634306527,-0.00585326973299638,0.00623348123532564
0,0.5,-0.0073482058691804,0.00598105061598001,-0.00886619482541775,0.00659695812432761,-0.0080149243204683,0.00598028410436909
0,0.5,-0.00557795313676188,0.00633140266625585,-0.00443647656215114,0.00677875017174254,-0.00409324033381955,0.00633240278002766
0,0.5,-0.000873158221110669,0.00620471121765285,-0.000394012848940846,0.00651376914334925,-0.000368511975738546,0.0062047559927486
0,0.5,-0.017242807950974,0.00590669179696061,-0.020276016083596,0.00727528109603225,-0.0169876409360092,0.00590735608858859
0,0.5,0.00297940077237854,0.00583024459531316,0.00118674553188364,0.00646286509084831,0.00109073865579709,0.00583083804293889
0,0.5,-0.00975184842197508,0.00614713286792808,-0.0112041053662071,0.00657418583963766,-0.0102578029629809,0.00614640057999334
0,0.5,0.00393266089711268,0.00623081053583239,-7.91297987154883e-05,0.00672826279533281,-7.30820217875941e-05,0.00623190937125854
0,0.5,-0.00514856726035534,0.00616956137566808,-0.000278752984688508,0.00661003328185956,-0.000264549209020863,0.00617146381701954
0,0.5,0.00522387164112433,0.00604244520793356,0.00693814559491081,0.0069071750601442,0.00605975582913295,0.00604174836403733
0,0.5,0.00441826341091614,0.00617492897474311,0.00373221455861338,0.00678181950715031,0.00337583499200854,0.00617551307304103
0,0.5,-0.00997763937231348,0.00594620998376864,-0.0107225261809018,0.00687829736229667,-0.00954320301113094,0.00594684921276776
0,0.5,-0.00283401878123126,0.00584570279896553,-0.00176970916178334,0.00662308715585871,-0.00155819032260444,0.00584613401129004
0,0.5,0.00287751757396477,0.00631371647151213,0.00588843227563353,0.00715358583935395,0.00532086930899908,0.00631231597772194
0,0.5,0.00213720010712248,0.00580399350074664,0.002937235554944,0.00633431513445796,0.00265725600697581,0.00580379992712646
0,0.5,0.00945779549508281,0.00596342025886797,0.00959264026876896,0.00663143026045755,0.00866806745080336,0.00596449527496993
0,0.5,0.00327832549846091,0.0063137288070047,0.00578573606195948,0.00709836272867707,0.00519019965339025,0.00631259687076836
0,0.5,-0.00527467057524828,0.00627069488135857,-0.00392103726794233,0.0069237359292003,-0.00361251334608027,0.00627173639715682
0,0.5,0.0028848833340168,0.00629282620011853,-0.00180282781320887,0.00722953819317666,-0.00161375772201235,0.00629322758753429
0,0.5,0.00414615012395405,0.00597908247565603,0.00596734360638926,0.0063833267975876,0.00564248839707908,0.00597798603568665
0,0.5,-0.00199550596902712,0.00605765818489155,-0.00218594890958219,0.00644829354033505,-0.0020504008038544,0.00605764182983167
0,0.5,-0.00677130347892511,0.00610605159439081,-0.00613661282852736,0.00621857987418349,-0.00594963221418299,0.00610681372998854
0,0.5,0.00451717629184382,0.00611276202298186,0.0076646183576811,0.00671799204603263,0.00694980747711557,0.00611073033121415
0,0.5,-0.000739880292517897,0.00605648287213338,-0.00475460899183477,0.00627194219200243,-0.00449296155623426,0.00605503606892926
0,0.5,-0.0106422764524657,0.00607694834733945,-0.0119649702594946,0.00644159556669183,-0.0115178482015908,0.0060755243726725
0,0.5,-0.00379592376947582,0.00614046243685706,-0.00466887849319008,0.00671471921948267,-0.00422271996813732,0.00614021464604905
0,0.5,-0.00684730782072542,0.00592506256608251,-0.00597479842429924,0.00651211698604012,-0.00538369944522399,0.00592641746074591
0,0.5,0.00167029205786601,0.00606967592906127,0.00265324741308586,0.00630806146292444,0.00257747748760592,0.00606939285406796
0,0.5,0.00109692423392109,0.00625115035244062,0.00258025199841303,0.00684179809066587,0.0023301088432656,0.00625085117968558
0,0.5,-0.00415807612016498,0.00594313562780737,-0.00699893460268191,0.00666065759664506,-0.00642985320092759,0.00594132140408961
0,0.5,0.00408780547396175,0.00614434041803554,0.00382154158406754,0.00695380459684469,0.00340491814083111,0.00614471056827605
0,0.5,0.00447888701922216,0.00611193468132626,0.00524981362543336,0.0065671500161515,0.00494486641261127,0.00611161486490378
0,0.5,-0.00815639855843411,0.00602151809807425,-0.00918503688446374,0.00683125988327887,-0.00818028864332093,0.0060214891364585
0,0.5,0.00577565131696223,0.00620485366466814,0.0081456909362714,0.00676153862137974,0.00739610309650872,0.00620332802830415
0,0.5,0.00661188273516079,0.006047235964494,0.0103670759730399,0.00642470437774529,0.00957378562666265,0.00604369600377075
0,0.5,-0.0101070904470437,0.00587278633509474,-0.00436328948774065,0.0063236093378157,-0.00402222510479066,0.00587936183122297
0,0.5,-0.000458288767869447,0.00628736517037218,0.00172763054639306,0.00669231706451016,0.00160913104275594,0.00628719797095313
0,0.5,0.00262345508260579,0.00611141854613276,0.000543965130776511,0.00661218668274927,0.000483920570294891,0.00611190272175411
0,0.5,0.000787235619010926,0.00593482602824076,0.00247803296065987,0.00621475697301192,0.00232130039596508,0.00593446581756552
0,0.5,0.00630506264448174,0.00611539922182587,0.00496294126501659,0.00665547934617324,0.00462822917560796,0.00611673330552337
0,0.5,-0.00208386373246643,0.006172314757521,0.00299060345931689,0.00698958455821328,0.00263326799214851,0.00617212833729805
0,0.5,-0.00324101763499255,0.00603854321090378,-0.000639409407870056,0.00664479449104771,-0.000581984986765029,0.00603929467853988
0,0.5,-0.0142184888142788,0.00590604545891636,-0.0135887531510875,0.00637029761490355,-0.0121018528201971,0.00591027960841331
0,0.5,0.00736304769504707,0.00596595693372394,0.00502241355612542,0.00628193513594831,0.00474952287697076,0.00596833237231233
0,0.5,0.00552551228515448,0.00613282362393518,0.00446293812899761,0.00696265907641844,0.00401548632002928,0.00613386828175122
0,0.5,0.0106713254853908,0.00631705982608768,0.0106235429010903,0.00710675722166166,0.00952296116465569,0.00631868010452631
0,0.5,-0.000701573890989682,0.00619810498787868,0.00166947727473624,0.00669652680411824,0.00155920988679727,0.0061979662491286
0,0.5,-0.00293401070215374,0.00612779973211339,-0.00484264493400024,0.00683379402534755,-0.0044037928294146,0.00612701679530584
0,0.5,-0.0043340917962439,0.00626665247440161,-0.00744496169320282,0.0067038054374404,-0.00697556244740963,0.00626454365539667
0,0.5,0.00898279909047872,0.00639545863630271,0.0126893687306677,0.00701010543302799,0.0116997589040467,0.00639159147985442
0,0.5,-0.00040322661366502,0.00592851550511742,-0.000428759428916456,0.00632327892514167,-0.000395051014016072,0.00592851599872323
0,0.5,-0.00819515078493077,0.00604610221443847,-0.00576801360263606,0.00655987032673353,-0.0052277574418912,0.00604904187564381
0,0.5,0.0018084209750244,0.00639632804314986,7.58421882746772e-05,0.0071779699162249,6.78646282176336e-05,0.00639655256580426
0,0.5,0.00489069217233786,0.00610198261922671,0.00585955860988264,0.00718567998201637,0.00486237682799929,0.00610200277251302
0,0.5,0.00579386900852894,0.00617302715935656,0.0104475353776234,0.00707738515433384,0.0091643211046251,0.00616939916829455
0,0.5,-0.00213828717426744,0.00601199853148122,-0.00367569921996897,0.0065985737043009,-0.00334570736722233,0.00601150629243844
0,0.5,0.00518904306361883,0.00629507926709284,0.00754938057131904,0.00746122690239232,0.00648921023495156,0.00629401368739301
0,0.5,0.000688382246267138,0.00623596898712732,0.00189402267605194,0.00687400405153496,0.00175641808896664,0.00623578357770979
0,0.5,0.00252870114594954,0.00622617243728876,0.00556300493084898,0.0068124830418526,0.0050173628166571,0.00622483607389013
0,0.5,0.00167819705235501,0.00582525723013225,-0.00031870015372625,0.00644500405717223,-0.000286126276524371,0.00582546855980612
0,0.5,-0.00338572757243523,0.0060527865841617,-0.00376685967171821,0.00666930051345599,-0.0034625482645781,0.00605274780369856
0,0.5,0.00228035462371087,0.00598576825772611,0.00921332471508863,0.00682851252368284,0.00804187596312316,0.00598132082461002
0,0.5,-2.57311263467858e-05,0.00603801566669898,-0.000340536007179345,0.00708231577511101,-0.000296685031098231,0.00603800920767842
0,0.5,-0.00257341004736901,0.00618330828508358,0.000178096212179136,0.00675868306983645,0.000161218628397246,0.00618378168524802
0,0.5,0.00118092929912709,0.00610206921012258,0.00457581523148949,0.00655077355717091,0.00415718376347511,0.00610090973385976
0,0.5,-0.000611555270211766,0.00582372914222706,0.000663455793122779,0.00643167003645675,0.000591618821694889,0.00582373099665491
0,0.5,-0.00586326203016244,0.00604701007377831,-0.0040952310530044,0.00663495801525105,-0.00373720860660154,0.00604851629163605
0,0.5,-0.0058394725969462,0.00605504458691883,-0.0122520479795771,0.00680919091511721,-0.01082839642122,0.00604891241196168
0,0.5,0.00134746662245102,0.00590813094565227,0.00211586252995906,0.00629239308511988,0.00195515134374499,0.00590797850524146
0,0.5,0.00699459702907359,0.00606881218533224,0.00852930248562372,0.00667225813984485,0.00799377699290756,0.00606771155838119
0,0.5,-0.00490516190117057,0.00604193659629547,-0.00341072656475125,0.00627857667153141,-0.00329628999092212,0.00604291136157105
0,0.5,0.01208926842895,0.00604854174603117,0.0104748498875123,0.0067488208079415,0.00977055750294825,0.00605228142263505
0,0.5,-0.00600583687976135,0.00586257667939294,-0.00835759690322608,0.00644639212116281,-0.0076608158075182,0.0058608416810857
0,0.5,0.0157599227718227,0.00610294654775884,0.0158327633041274,0.00690207868846332,0.0144489814954829,0.0061058373626799
0,0.5,0.00135041127486437,0.00613566225842354,0.00333363198600333,0.00628729601552172,0.00323150673446361,0.00613503759206151
0,0.5,0.0096694534993195,0.00619653550163298,0.0161105737607891,0.00668358065539975,0.0152758143540926,0.00618650910675059
0,0.5,-0.0127979943142422,0.00601818225948087,-0.0135652527382562,0.0066315500745496,-0.0121971114491715,0.00601929778193513
0,0.5,0.00592918944807167,0.00599910007757574,0.0015920008426017,0.00736978336055409,0.00132577748568822,0.00600158880394991
0,0.5,0.00691437739360041,0.00622263893766635,0.00887893177986602,0.00686891983406557,0.00806876249314472,0.00622140706733161
0,0.5,0.00218881928546278,0.00610435949957239,0.00307708281064042,0.00727231679916557,0.00262893420461085,0.0061042048457975
0,0.5,-0.00115932872738309,0.00610909846185476,-0.000605743445535864,0.00664949569967827,-0.000571851122778516,0.00610917256616736
0,0.5,0.00119389754854479,0.00593165279114804,-0.00209954225544128,0.00638862317899659,-0.0019448636143091,0.00593147462976676
0,0.5,0.00117942998599271,0.00618555536219674,0.00311170744115026,0.00691698334408975,0.002789916249449,0.00618509675697285
0,0.5,-0.00476030421979664,0.00646002726739481,-0.00362990185852355,0.00680534396883204,-0.00326424850894798,0.00646084220685418
0,0.5,-0.00407914832381513,0.00610885209984767,-0.00401411043077212,0.0064872092490301,-0.00370726681534383,0.00610906310414116
0,0.5,0.000702849486161554,0.00645106212341102,0.00379361057368793,0.00738323161066633,0.00345770830781943,0.00645028259167396
0,0.5,0.00464752398862792,0.00623467736342894,0.00846899394305451,0.00672620274126313,0.00773516651712884,0.00623196071482674
0,0.5,0.0023383084472172,0.0062613161229506,0.00120096903651696,0.00687241521198523,0.00109329445233546,0.00626161792900078
0,0.5,-0.00192334736524051,0.0061033582685953,0.0012905960209472,0.00678354138504139,0.00115974759925601,0.00610353000869098
0,0.5,-0.0132606780978572,0.0062508095963589,-0.015472069799516,0.00673931135431855,-0.0144116837311746,0.00624855263087478
0,0.5,-0.00517707791815685,0.00602904670557796,-0.0031932401368121,0.00671579465731227,-0.00287737635111293,0.00603041863504538
0,0.5,0.00336453478880782,0.00605818282249066,0.00405367277463928,0.00610165460701146,0.0039178645557992,0.00605788610446225
0,0.5,0.000884021173030556,0.00600193069929386,0.00231784548421825,0.0068097302079294,0.002051405640223,0.00600167543488417
0,0.5,-0.000354469256272281,0.0060273819135956,0.00461409738788796,0.00684559522937648,0.00394110918971794,0.00602624014084973
0,0.5,0.00186658799069869,0.00605497334049949,0.00909562558223142,0.0065357390662347,0.00860012383735043,0.00604977714210165
0,0.5,-0.00736250578913766,0.00618824093655373,-0.00621077079130668,0.00689452034326251,-0.0057783481460212,0.00618973347580897
0,0.5,-0.00380608222622996,0.00624617047921802,-0.0036343325374252,0.00695981083470722,-0.00329707685611134,0.00624642667860125
0,0.5,-0.00689717840908749,0.00606345608573041,-0.0039793005900981,0.00667583362871237,-0.00371408067455248,0.00606593999218571
0,0.5,0.00329553035022201,0.00592573781054715,0.0103571615225697,0.00640218193054799,0.00938645259239566,0.00591988759299298
0,0.5,-0.00243681769549223,0.00635702256774509,-0.00402267898022412,0.00731165214370401,-0.00351286303443057,0.00635657890159753
0,0.5,0.00257864215682562,0.00583231752444521,0.000990020806627714,0.00584325293037933,0.000947382022595844,0.00583276138123935
0,0.5,0.00873044584107734,0.00605169757228106,0.00965303218747393,0.00653864490122076,0.0092403457804268,0.00605102173305573
0,0.5,0.00643911900191121,0.00625431897643729,0.00749170020483319,0.00699012677793857,0.00681411904250531,0.00625396731903146
0,0.5,0.00506893314858419,0.00604281040461997,0.0078565145221985,0.00713515334240221,0.00677267749589204,0.006041319791968
0,0.5,0.00747541386130834,0.00603778928728137,0.00774721969258949,0.00668118669632863,0.00704287252164365,0.0060382536762467
0,0.5,0.00409721527255366,0.00619887136890267,0.00186366148747897,0.00695407187768086,0.00170054355075338,0.00619986540136293
0,0.5,-0.00193633583718576,0.00616499276336252,-0.00595438375169166,0.00674589732635443,-0.00555807712474391,0.00616303696909123
0,0.5,-0.00867721926629361,0.00624106215498204,-0.00397657008062871,0.00763645439846196,-0.00336431380099472,0.00624559874169257
0,0.5,0.00220516285598259,0.00590514864376891,0.00166540271325575,0.00650596660356276,0.00150371249175707,0.00590534636726157
0,0.5,0.00127828514113458,0.00601062462903646,0.00332005176820493,0.00677943733744611,0.00289842921161375,0.00601012144347222
0,0.5,0.00347547094139741,0.00624509694314667,0.00601811854807449,0.00683647407286587,0.00561454174824942,0.00624371854402469
0,0.5,-0.010927370273239,0.00597943761480682,-0.0125814287870193,0.00636498312345135,-0.0115721545060491,0.00597835130762938
0,0.5,-0.00321846062046073,0.00616444667699826,-0.000378251569142634,0.00699762836345283,-0.000344026886062457,0.00616518438277896
0,0.5,-0.000565111159366171,0.00615781467543239,0.000982804505169124,0.00663909187499384,0.000903366378865937,0.00615777884079193
0,0.5,0.00921708592102107,0.00610738888708467,0.0122859310140002,0.00672165240946466,0.0108136344217364,0.00610505644686022
0,0.5,-0.00908374925945115,0.00593784037327342,-0.0132071588922526,0.00697101329072204,-0.011316948246813,0.00593439877255968
0,0.5,-0.00334784115869658,0.00597285762029586,-0.00535767330240602,0.00665386622189254,-0.00487647817121268,0.00597191534166025
0,0.5,-0.00720324520373298,0.00608098733099691,-0.00338044368639296,0.00619337840250999,-0.00333127793235857,0.00608397601226435
0,0.5,0.00297172128599736,0.00588428200214872,0.00184363452320633,0.00646458382061066,0.00167563625273249,0.00588474177564684
0,0.5,0.00762824874460609,0.00578019707741231,0.0126836340495068,0.00637744689912901,0.0116155586150645,0.00577420441327033
0,0.5,-0.00203871660562227,0.00632663109248112,-0.00463708256901866,0.00673414914007335,-0.00437862749862594,0.0063255840434457
0,0.5,-0.00383503241170434,0.0060699425682543,-0.00332786727921193,0.00691579097863964,-0.00300777930946437,0.00607035835832727
0,0.5,0.00192189057910508,0.00595846744415059,-0.00133850294505305,0.00650534845872565,-0.00122189237426694,0.00595863284872098
0,0.5,-0.00170945069201677,0.00619403051566268,0.0035503978380832,0.00750705260799925,0.0029790975304942,0.00619360419475834
0,0.5,-0.00181918683187152,0.00590381516332236,0.00165094654832348,0.00623968912106015,0.00156235184487163,0.00590388118908029
0,0.5,0.000444024966063668,0.00613289250849904,-0.00113145432056923,0.00683833440324206,-0.00102351144501085,0.00613283084417408
0,0.5,-0.00238060251010955,0.00601725311998211,-0.000212759346846829,0.00663154270587281,-0.00019740904112799,0.00601767102478691
0,0.5,0.000610819425051355,0.00610306828390308,0.00059906055406436,0.00696288434434745,0.000531771807470173,0.00610307487303599
0,0.5,-0.0189653700814852,0.00608771476386659,-0.0236275486854117,0.0066906076347871,-0.0214214827920832,0.00608043877603196
0,0.5,-0.00235542314128234,0.00601542398576941,-0.00513355326580298,0.00652336718084869,-0.00476191894675536,0.00601415147550415
0,0.5,-0.00443290503808202,0.00585613796241677,-0.00988348650671088,0.00643931954985513,-0.00875275646992442,0.00585176150167665
0,0.5,0.00223316962562771,0.00638324057796415,-0.00140424677707314,0.00693306918066533,-0.00128630907845772,0.00638347028630688
0,0.5,-0.00129267922569748,0.0063704462649618,-0.00205477296229167,0.00683195240260315,-0.00196450391368418,0.00637029503474825
0,0.5,0.00121775102942492,0.0060743523042281,0.00356866567436506,0.00683109791145884,0.00316997738134656,0.00607372364654983
0,0.5,-0.000968941494585913,0.00577331314869895,-0.00017689579642667,0.0062065011172896,-0.000160688274296846,0.00577338448880677
0,0.5,0.0116569396365244,0.00614030551990952,0.013896441405745,0.0070982080378777,0.0123535155224952,0.00613909381172472
0,0.5,-0.0097343394845443,0.00595450818530089,-0.00405349989327779,0.00628202760760505,-0.00383610984955234,0.00596052672216574
0,0.5,-0.00361453121243999,0.00623483656502614,-0.00469277203141438,0.00700258540164251,-0.00421341239611103,0.00623450358406699
0,0.5,0.00355157392455557,0.00589815269030054,0.0051491183873015,0.00673200529567904,0.00457677072528025,0.00589751835077202
0,0.5,-0.00107308143860866,0.00619455355735447,0.00306418414959818,0.00658824287448668,0.00284964117054492,0.0061940545146725
0,0.5,-0.00416958773561242,0.00604617445730295,-0.00306624607762896,0.00649847024738439,-0.00292750227663329,0.00604682510778366
0,0.5,0.00514347879674996,0.00599226084549547,0.003834985358316,0.00642718463147117,0.0034485483185677,0.00599334774178072
0,0.5,0.00334771277579297,0.00614336094159184,0.000277730197707281,0.00668461280853593,0.000256242416493801,0.00614416703869474
0,0.5,-0.00583087588081912,0.00610958886981595,-0.00708804707162474,0.00673573703840526,-0.00641616559339724,0.00610906652806639
0,0.5,0.00586742758218414,0.00593528972487167,0.00244970113594854,0.0060917450391457,0.00229332971349225,0.00593749226178701
0,0.5,0.000133211970438316,0.00620567273176955,0.00254197037541171,0.00668431129260123,0.00236096558983229,0.00620527574477862
0,0.5,-0.00235803695811767,0.00607657514792299,0.00029101997646688,0.0066601750500582,0.000269300384834379,0.00607697767468046
0,0.5,-0.0115274688725306,0.0061697627612617,-0.00679506927644166,0.00636506011214038,-0.00655378020198673,0.00617623263507563
0,0.5,0.013775046345478,0.00581421017065185,0.0127694322576281,0.00667893861761145,0.0111967044116178,0.005819198048468
0,0.5,0.00929043657780919,0.00610592277503862,0.0107229512697547,0.00698340250444287,0.0090900117475892,0.00610619145013287
0,0.5,-0.00308962840969153,0.00621063749971998,0.000349431893641746,0.00682255077923144,0.000325214095775216,0.00621131121124337
0,0.5,-0.00275521392587582,0.00633255038760443,0.000555950584681093,0.00727286156111318,0.000488958517383184,0.00633306233779265
0,0.5,0.0136923057960638,0.0062996777593406,0.0100225436388298,0.00687620766492748,0.00900484321472929,0.00630713378612815
0,0.5,-0.00138194067721269,0.00638705753175666,-0.00290852591470687,0.00709050156179634,-0.00269870468678875,0.00638668740903976
0,0.5,0.00130163374484022,0.00596399172045442,0.00498467284632097,0.00637809741243574,0.00451760622940862,0.00596258644020874
0,0.5,0.0030807071989919,0.00622716475685933,0.00270684768047171,0.00640147315068486,0.00262351279714999,0.00622735026740552
0,0.5,-0.00876925202816194,0.00603696124732234,-0.00726371384984664,0.00639288982284692,-0.006701202630201,0.00603932719486513
0,0.5,-0.00938072026680341,0.00602989158127648,-0.00867633096652815,0.00656433882514252,-0.00778804390396575,0.00603191682658896
0,0.5,-0.00813671693846388,0.00602129868937629,-0.00811453245410235,0.0066317915155489,-0.0073464383776197,0.0060222066096795
0,0.5,-0.00100750446156546,0.00599939985524706,0.00217692491944578,0.00647752832801756,0.00194687238584942,0.00599919301657952
0,0.5,-0.00343347105387965,0.0061717538219644,-0.00143627118828495,0.00683137307184588,-0.00129726403975258,0.00617248077436688
0,0.5,0.00179693253423822,0.0060509915095614,0.0031326428173015,0.00676091994443268,0.00279855094369262,0.0060506520790189
0,0.5,0.00447275629352052,0.00620190636575478,0.00382387828080103,0.00679336534451208,0.00344835429414417,0.00620248652721968
0,0.5,0.00224031762305265,0.00622590552084623,0.00322557854852571,0.0068803779208857,0.00299109892216588,0.00622562605192671
0,0.5,0.00608227856294589,0.00629778624194554,0.0153418808079578,0.00707550474789125,0.0138409514456621,0.00628693001221163
0,0.5,0.00208808561911265,0.00590994585805999,0.00540969489433668,0.00612710599135052,0.00514696529712878,0.00590826514945289
0,0.5,0.00565130748599866,0.00617771714018458,0.00605939659269731,0.00687752745521619,0.00537957781056069,0.00617793252523374
0,0.5,-0.00182445692075188,0.00596525597428166,-0.00286466940727514,0.00647132033692973,-0.00268846899100902,0.00596496329702574
0,0.5,-0.00191144483982566,0.0062042310886351,-0.00106625533801384,0.00666780183728034,-0.00100207533238676,0.00620442042789938
0,0.5,0.00271159409546012,0.00616342805815985,0.00402005658853836,0.00655718016888511,0.00377673415421831,0.00616293001039237
0,0.5,0.00553731169492013,0.00626692846173054,0.00152898840675212,0.00713993378328716,0.00136523042374293,0.00626896021727637
0,0.5,-0.000975683980446174,0.0062473658227964,-0.000117408893580355,0.00711390506085444,-0.000104700595681981,0.00624743248438552
0,0.5,0.00359931431336273,0.0062268687986177,0.00209231259028651,0.00683475721772072,0.00192653672535173,0.00622752632672889
0,0.5,0.00285682741198087,0.00600658202504133,0.000891228239708903,0.00659203792337288,0.000798840324481649,0.00600714186420522
0,0.5,0.00889678338884576,0.00587401844917318,0.0110212730768062,0.00653820325801438,0.0096773124855459,0.0058729089317962
0,0.5,0.000652196049800828,0.00605102902003107,-0.00433369988231645,0.00689988979594992,-0.0039185710982712,0.00604992796995051
0,0.5,-0.0109722078677195,0.00632926591714724,-0.0125884684574774,0.00715643961245555,-0.0112838875838162,0.00632878230098342
0,0.5,-0.00232569746260072,0.00649238339145,-0.00627079051642898,0.00746936837327677,-0.00547421817552823,0.00649072659174157
0,0.5,0.00297740474911403,0.0061544412687148,0.00448290475200278,0.00719309944386584,0.00390702301257039,0.00615397920683891
0,0.5,-0.00897105938882883,0.00610450583372735,-0.00901637052201451,0.00673079260772827,-0.00814239718325297,0.00610554028258039
0,0.5,0.00410415907441745,0.00603707131956429,0.00291023731018388,0.00712067515547205,0.0024659421741376,0.00603786723149802
0,0.5,-0.0179790806065218,0.00625174461938669,-0.0200672027729404,0.00714223997665533,-0.0174567134455903,0.00625305615837781
0,0.5,0.00946573466930053,0.00596276846926558,0.00451896697730425,0.00640300276144153,0.00404744198534819,0.00596826477615038
0,0.5,0.010656959016413,0.00596195501030366,0.0112554227285531,0.0066429127535427,0.0102857864129427,0.00596253905557012
0,0.5,-0.0067373150148088,0.00595280432821,-0.00997439613533609,0.00667512026764622,-0.00901581181546425,0.00595010191877207
0,0.5,0.0103297561211183,0.00597632240050688,0.0095041474299733,0.00668632153262636,0.00845756171045607,0.00597895650567877
0,0.5,0.00794714836432576,0.00616133982221822,0.00657654477377446,0.00647593767293832,0.006155029690679,0.00616316175114422
0,0.5,0.00596689127235617,0.00600787856761118,0.00989397841329111,0.00679308933481364,0.00872578106421779,0.00600486128273054
0,0.5,0.00259993948522427,0.00607144157094568,-0.00472949517091815,0.00642712883335766,-0.00440206090764059,0.00607051487905857
0,0.5,0.00947100634726574,0.00611320012919289,0.0117027970092527,0.00659782314700827,0.0107486430630674,0.00611131830614931
0,0.5,-0.0088302762530674,0.00609122679998947,-0.00832369916580061,0.00684373520161378,-0.00736882602469712,0.00609295824182536
0,0.5,-0.000793931336170517,0.00601150803392732,-0.00275387074107506,0.00640507116060859,-0.00260021575329356,0.0060110522352927
0,0.5,0.00422636553185337,0.00606331099038885,0.00723643904844638,0.00660452995011962,0.00662820242456182,0.00606139283292628
0,0.5,0.00436846411585065,0.00621007626553258,0.0100740408206946,0.00668298459142577,0.00906552228970923,0.00620556930371603
0,0.5,-0.00197896536569525,0.006306371460831,-0.000599985048047247,0.00714240079863331,-0.000521000327139042,0.00630662660808164
0,0.5,-0.00508372202573197,0.00628104681434657,-0.00137860752527761,0.00661680757070107,-0.00131311791532944,0.0062827437248537
0,0.5,0.000685730928291636,0.00598595607050142,0.0037711369687973,0.00628944207466768,0.0036790083629297,0.00598497953970426
0,0.5,-0.00919875082186378,0.00604215499980438,-0.0119300402470477,0.00631683029828106,-0.0110196247245196,0.00603943356307429
0,0.5,0.00471804532707525,0.00601974474401168,0.00595962879878039,0.00703815253961309,0.00510344741249247,0.0060194637906978
0,0.5,-0.00280801129951255,0.00607469529708034,-0.000307852522041173,0.00643755182579872,-0.000289816805932327,0.00607526770263038
0,0.5,0.0122009364753497,0.00606382332577377,0.0174011315440509,0.00722575394406569,0.0147143143791237,0.00605884227041615
0,0.5,-0.0114987270330778,0.00658767724322572,-0.0150056507209331,0.00688551375282586,-0.0143823004014569,0.00658273186013037
0,0.5,0.00245832105991558,0.00617604120269119,0.00214804271904838,0.00653263716364254,0.0020029087451092,0.00617618723103457
0,0.5,-0.00599541496916588,0.0060790003016763,-0.00289725798074309,0.00651245418899857,-0.00267019746722068,0.00608111258626032
0,0.5,0.00153583668387877,0.00617571707973462,0.00220730991397897,0.00623419537443802,0.00217886967288366,0.00617554537754752
0,0.5,-0.00516668164513508,0.00594439184266725,-0.00186773765544126,0.00659328117904207,-0.00167924073818282,0.00594619134698424
0,0.5,0.00421922007158688,0.00633268061682071,0.00418706686698185,0.00713385133212152,0.00367523456962984,0.00633297966538872
0,0.5,0.011132834217034,0.00616859224749393,0.0148542543881389,0.00707384940767025,0.0132847562070275,0.00616480627962388
0,0.5,-0.00780424828429449,0.00618340553307233,-0.0102765716535591,0.00680014145810961,-0.00928235784130909,0.00618159215669998
0,0.5,0.00766359575229613,0.00603045559447773,0.00697124718605596,0.00629869045753971,0.00658972601543711,0.0060315891181314
0,0.5,-0.0141208062606761,0.0062796867399834,-0.00936730117175408,0.00690042725738296,-0.00859676903947068,0.00628851571376634
0,0.5,0.00715983961626882,0.00596069907921093,0.00495653454624359,0.00669391239082824,0.00444908403265406,0.00596306300035716
0,0.5,0.00324416721064707,0.00600603814723512,0.00768209672736422,0.00632969203883384,0.00755737632597748,0.00600256904236805
0,0.5,-0.00162131070685135,0.00592860411437417,0.00105251195909277,0.00656154263917376,0.000987786403270415,0.00592872912565862
0,0.5,0.00153297043815298,0.00637298973727645,0.00375320233591955,0.00710599027554877,0.00336996254839585,0.00637236756635592
0,0.5,-0.00431380906232389,0.00607518315778103,-0.00156840925781576,0.00660706665620632,-0.00142265230956862,0.00607639993473522
0,0.5,-0.00265039269025185,0.00605489667997663,-0.00476047753564012,0.0069291164153472,-0.00430832865815492,0.00605404652106127
0,0.5,-0.0029224000096774,0.00629084143098663,-0.00680267936526767,0.00724288771849707,-0.00601469391855281,0.00628890020905648
0,0.5,-0.00130243094960748,0.00608245886851073,0.00512379499342232,0.00721135821251965,0.00428220597315852,0.00608123950557426
0,0.5,0.00404908580230706,0.00564708337686959,0.00490865991076119,0.00608761185788842,0.0045220478126689,0.0056467579638084
0,0.5,-0.00895809016705366,0.006334000645365,-0.00914373825958346,0.00704929059251598,-0.00805260317411933,0.00633507310685984
0,0.5,0.00544827176152071,0.00614951352549482,0.00605854844377033,0.00675626728934635,0.00560684818094902,0.00614938682403851
0,0.5,-0.0040292093197457,0.00594350432278328,-0.00816214516228907,0.0060650906222001,-0.00801019714772758,0.00593988876296789
0,0.5,-0.00648105890373734,0.0062767910665427,-0.00661999417584464,0.00712430044589018,-0.00584078672833556,0.00627734669675045
0,0.5,-0.0100842553843698,0.0060793938137397,-0.00847317512704084,0.0063981710498814,-0.00782078051165414,0.00608236484902529
0,0.5,0.00338240770132099,0.00613731224221338,0.00326289629634,0.00658636800577104,0.00306681803212804,0.00613745969286173
0,0.5,0.00239687172892667,0.00591314700374583,0.00199620965785968,0.0063903671866723,0.00176794069121274,0.00591334574779433
0,0.5,0.00593184072622391,0.00612513196616168,0.00802860713700797,0.00649782342818264,0.00759479141635016,0.00612349776985701
0,0.5,-0.00550135289842722,0.0062239705129075,-0.00502146386561844,0.0067151306954483,-0.00459041594093746,0.00622462487221795
0,0.5,0.000935446355704788,0.00606265799338379,0.00104514750907654,0.00630481240374225,0.00100700232645965,0.00606264776873961
0,0.5,-0.0107285192492412,0.00610381895006735,-0.00898088449953652,0.00671429848304916,-0.00792022992407168,0.0061076388128006
0,0.5,0.00654750794592454,0.00617106769593518,0.00393128644051001,0.00613661035409367,0.00393360330033732,0.00617303863598771
0,0.5,0.00646981575469471,0.00603719645106102,0.00686194070034054,0.00685214056554252,0.0059662795859707,0.00603765956097118
0,0.5,-0.000527890432040328,0.00581403603632088,-0.000948906589534811,0.00626633394708517,-0.000859742957285052,0.00581400036314252
0,0.5,0.0043163981205082,0.00596690048523113,0.00320370868748418,0.00622125989490913,0.00297829715712432,0.00596763284798373
0,0.5,0.00893456503051535,0.00638105583255632,0.0138701615262183,0.00699216726871615,0.0122248137448475,0.00637625034458722
0,0.5,-0.00320914119193717,0.00629336923978726,-0.0019537579356352,0.00700706073198688,-0.00176370815864985,0.00629387372358122
0,0.5,0.00921277192731815,0.00629845177642328,0.0128505503613572,0.00711704484011337,0.011297124751911,0.00629545225929589
0,0.5,-0.00443175018981202,0.00597003736010198,-0.00789335345925892,0.00654812937454737,-0.00725247352525122,0.00596756513333331
0,0.5,0.0013030957317333,0.00590140241809664,0.00197540267098027,0.00684260021827901,0.00170334064526793,0.00590131089142075
0,0.5,-0.00553893327033782,0.00629746302240023,-0.00417330860948965,0.00655747675630933,-0.00387055845792346,0.00629856391757154
0,0.5,-0.00660126141232022,0.00607431872385506,-0.00379196847960912,0.00699432009227931,-0.0032506614460625,0.00607674080885832
0,0.5,-0.00792553137577444,0.00622251013134711,-0.00139604926188122,0.00690932957449044,-0.00125739503998504,0.00622686848500756
0,0.5,0.000238844835811703,0.00614826308182052,-0.00295752470899417,0.00681955137871722,-0.00261247169934061,0.00614777384395956
0,0.5,0.00840244429655568,0.0060315776832523,0.00591723804384448,0.00668844225505269,0.0052926175355134,0.00603473028649209
0,0.5,-0.00912084216741329,0.00602794149095845,-0.00779924519437523,0.00644220654626351,-0.00732267009486491,0.00603013224988045
0,0.5,0.00591377576715969,0.00626412647287466,0.00704341005399319,0.00686883052723327,0.00638670720357635,0.00626371568414475
0,0.5,-0.0103135053281165,0.00608607990232557,-0.0160067314602657,0.00670468076501852,-0.014472719909628,0.00607852244013382
0,0.5,0.00307762434667571,0.00623360987171819,-0.00264440510297304,0.00682287248357669,-0.00241076211011975,0.00623386987625557
0,0.5,0.00348856371920862,0.00593219747301218,0.00256511692390928,0.00641431931845396,0.00230109785143565,0.0059327170361751
0,0.5,-0.000468483871890874,0.005860868545895,0.00238726107445911,0.00661842215936357,0.00212061920047153,0.00586054040607325
0,0.5,-7.96442438488501e-05,0.0061141498365885,0.00499687172905832,0.00665791821617853,0.00465716769114918,0.00611257125400003
0,0.5,-0.0105788307726887,0.00599617654821266,-0.0161679714314438,0.00685403078484511,-0.0138524296472373,0.00599020494205741
0,0.5,0.000774013288615775,0.00608396985577335,0.0032029750222412,0.00712610853659767,0.0028369332750842,0.00608342424360815
0,0.5,0.000578972158166901,0.00623421584936455,-0.00033951646585037,0.00669240591076613,-0.000311913685219898,0.0062342327488597
0,0.5,-0.0117717258763897,0.00588547475045157,-0.0154498388817782,0.0065885712294484,-0.0140861826368042,0.0058809025291167
0,0.5,-0.0064169687778427,0.00614197741532007,-0.00718034026661394,0.00703533378739236,-0.00634561171856464,0.00614204333741861
0,0.5,0.0108183426753849,0.00612656043173395,0.0103467412799116,0.00696465347218662,0.00913583324413032,0.00612899827893545
0,0.5,0.00194027652090391,0.00620221172059044,-0.00324749403566696,0.00723922624268959,-0.00285975806861223,0.00620189616491251
0,0.5,-0.00393913981886261,0.00597359584866259,-0.00292037327970904,0.00676616144348306,-0.00263094958291734,0.00597423982391042
0,0.5,0.00153856831998045,0.00615627728289187,0.00608573201497207,0.00641338194608021,0.00584842059743146,0.00615397909084154
0,0.5,-0.00184456053824817,0.00617836161378874,-0.000104076673528417,0.00651251600785737,-9.23761914598733e-05,0.00617860542751173
0,0.5,-0.00565978073065055,0.00614965179201849,-0.00360485704525186,0.00696785892602725,-0.00325815435213464,0.00615119935307874
0,0.5,-0.00209366078179392,0.00603596942830185,-9.12783742587304e-05,0.00659088821613765,-8.23870613668229e-05,0.00603629314563706
0,0.5,-0.00658789167168494,0.00650789259962135,-0.00541188978072571,0.00744173218434008,-0.00491694386411318,0.0065091852503829
0,0.5,-0.00402729509987672,0.00604261895418531,-0.00176644233542221,0.00648547597946116,-0.00165065834905309,0.00604361566117958
0,0.5,0.00431550643625915,0.00612499694142463,0.00402088392542931,0.00671541432724787,0.0037640913447728,0.00612532051996433
0,0.5,-0.00590841933917643,0.00616684915469017,-0.00125036618779195,0.00697426040569398,-0.00112864733404623,0.0061692707986837
0,0.5,0.0040507194131603,0.00618125173062666,0.00196712307338056,0.00649727457279418,0.00185555517665013,0.00618218256246043
0,0.5,0.0039337753315454,0.00633892190243839,0.00134381896499293,0.00674152129802581,0.00124208191625798,0.00633989074833286
0,0.5,-0.00242323498244681,0.0062535201095513,-0.00499485130855884,0.00734963881788526,-0.00424752120727022,0.00625265896822322
0,0.5,-0.000635585474066017,0.0062202943833761,-0.0039714132660757,0.00663300504041997,-0.00371507545617324,0.0062193399210373
0,0.5,-4.54675501540337e-05,0.00629399974436703,-0.00403924905962057,0.00712650546120041,-0.00359947029974865,0.00629309054706634
0,0.5,0.00213376807752378,0.00615938625604362,-0.00218078219046084,0.00670011322053953,-0.00192021039180195,0.00615944869421484
0,0.5,-0.00454311557056956,0.00612282738505276,-1.16993750915105e-05,0.00670360792389706,-1.06831039876838e-05,0.00612432688708577
0,0.5,-0.0123156688557143,0.00605552902892878,-0.0131006048896859,0.00627407785037402,-0.0125056213842098,0.0060551814750534
0,0.5,-0.00744518301753604,0.00616230697210906,-0.00899480574788929,0.00692254257788229,-0.00796471100215817,0.00616172977759475
0,0.5,0.00532383644267604,0.00612706272632176,0.0043852334239001,0.00647598874291374,0.00419666167544024,0.00612784178346496
0,0.5,-0.000766190383362408,0.00618304696023005,-0.00354568038276842,0.00713276344229277,-0.00310259949441283,0.00618239814970286
0,0.5,-0.00945454070759507,0.00592371237170896,-0.00969551654464353,0.00635887627231335,-0.00875993214526902,0.00592467042061646
0,0.5,0.00714928462204328,0.00594190149991998,0.00424939088487425,0.00647730594049783,0.00391153949825868,0.0059446020862447
0,0.5,-0.0199580623900294,0.00637067204467684,-0.0189643710852133,0.00694752712542456,-0.0167235292484196,0.00637887508511091
0,0.5,-0.00054425359674264,0.00603877289005466,-0.00117364269352874,0.0072149792107033,-0.00100489385556443,0.00603872013739243
0,0.5,0.00143050120984233,0.00613908331623979,-0.000827187678493218,0.0070454607942936,-0.000731434859663341,0.00613919276409947
0,0.5,-0.0077768731291661,0.00630869460412998,-0.00880011950748163,0.00698188964286952,-0.00784263718436798,0.00630862271319033
0,0.5,0.000270879399216873,0.00599575360355747,0.000117614426487616,0.00680259704409985,0.000104035904815893,0.00599575826893585
0,0.5,0.00713539031845958,0.00595100220613866,0.00765478304956421,0.00677907156264795,0.00695789914633773,0.00595119054298698
0,0.5,-0.0126435095478294,0.00617481025834567,-0.0126479020930069,0.00701816963592599,-0.0112075836912588,0.00617727317409403
0,0.5,-0.0104881483378716,0.00637037648942916,-0.0108994914140866,0.00684980133691424,-0.0102428474676641,0.00637072806406999
0,0.5,0.00278239297560989,0.00625491979075106,-0.00037122902099634,0.00728176536740447,-0.000319001524902627,0.00625546017061165
0,0.5,0.0126737645344705,0.00607773388857859,0.0153215651890403,0.00691885705335774,0.0135372040315296,0.00607607287472823
0,0.5,0.00471851702850978,0.00626460292287136,0.00294423776616058,0.00719425259900305,0.00258349842305595,0.00626570343783592
0,0.5,0.00246799294740493,0.00604611949517852,0.00269572009897582,0.00716688235399674,0.00230265290500813,0.00604617771767296
0,0.5,-0.0106649021879501,0.00608347138118474,-0.00951803897299231,0.00752211736622289,-0.00779698332356274,0.00608734936019091
0,0.5,0.00166059822717484,0.00622111695262369,0.00172933843824021,0.00694031231377523,0.00161148853186329,0.00622112839706445
0,0.5,-0.00081441325539315,0.00603464292883086,0.00298732477750077,0.00683953322105178,0.00261794794498553,0.00603418489229879
0,0.5,0.00034235316197875,0.006030308858248,-0.0033648026230939,0.00647834825036481,-0.00310151255590534,0.00602960512738996
0,0.5,0.00015204072043379,0.00626474335904598,-0.00203938593434532,0.00686942707248231,-0.00183607270486853,0.00626450700211477
0,0.5,-0.00269918556767616,0.00612805074870507,0.00108662202553343,0.00656389298803457,0.00103590133617538,0.00612850165032209
0,0.5,-0.0033399823588031,0.00613176338348468,-0.00623053760620656,0.00682792337884125,-0.00568949521350935,0.0061302243698954
0,0.5,-0.00327118382375405,0.00566770731704952,-0.0040164370178836,0.0062099452967986,-0.00355569704344774,0.005667552093134
0,0.5,0.00688491054779475,0.00611983907654547,0.00305279730745252,0.00711171814644458,0.00267860914048562,0.00612276316045732
0,0.5,0.00150853852277962,0.00616910046036181,0.00523120280921869,0.0068620991464907,0.00464927943301083,0.0061677081697131
0,0.5,0.00701419204989879,0.00596676955005194,0.00389490918168936,0.00660554419479346,0.00352261549812362,0.0059695295477714
0,0.5,0.00300838170145634,0.00587203091102426,0.00298624012053193,0.0064114032220719,0.00269264113686616,0.00587216866984519
0,0.5,-0.00587201873731857,0.00616320785135146,-0.00442913920333242,0.00664017282712403,-0.00414475540495591,0.0061644546166618
0,0.5,0.00117808580536549,0.0060395650189101,-0.00218632968489495,0.00642426420539025,-0.00207256113447323,0.00603935010337857
0,0.5,-0.00279108458267076,0.00597492256649417,-0.000571442126765496,0.00723771362159711,-0.000489314788507152,0.00597548813869829
0,0.5,0.0056377596628539,0.00627860110468541,0.00640779516054052,0.00667805900287711,0.00596737769499297,0.0062783317794602
0,0.5,-0.00617950553429378,0.00619718760983758,0.000211780580187479,0.00729550045588778,0.000181917543556177,0.0061999175299344
0,0.5,0.00283805457138499,0.00606955462137783,0.00371962548347721,0.00664292070521253,0.00335022894396426,0.00606932178592543
0,0.5,-0.00232912571679596,0.00629529650012186,0.000157606934833743,0.00720033040642067,0.00013832605762626,0.00629567575004963
0,0.5,0.00758994196254991,0.00618158958382656,0.0108157973826429,0.00696781842825312,0.0096272075732811,0.00617907000056768
0,0.5,0.00210198569799123,0.00597602146328947,0.00347344622667948,0.00689891740068585,0.00311724553251704,0.00597562460770488
0,0.5,0.00571131381891886,0.00626492078346229,0.00402562740756227,0.00734817238177202,0.00353672353987677,0.00626634033118039
0,0.5,0.00623460770587627,0.00596122612592569,0.00870286597575854,0.00654800916390012,0.00802134451612267,0.00595931196392989
0,0.5,-0.00562534597883607,0.00628328277822101,-0.00907619736226222,0.0073969753971194,-0.00753485217411352,0.00628151481984819
0,0.5,0.00991502798636603,0.00619326031170263,0.00702619063713904,0.00716740879416053,0.00607523628776512,0.00619765709173033
0,0.5,-0.00287498571034896,0.00655124418363797,-0.00470711145221135,0.00765422627356677,-0.00415272671081904,0.00655064547502769
0,0.5,-0.00180362182634272,0.00620830510966611,-0.00378158490553974,0.00725903592522799,-0.00335098416925955,0.00620773553320809
0,0.5,-0.00526385116048007,0.00631598320310225,-0.0155292083669152,0.00699991765111642,-0.013842176500148,0.00630451402344997
0,0.5,0.00294625745839329,0.00602221816682943,-0.00110895621592513,0.00674026043590526,-0.000987224025335787,0.00602278973805915
0,0.5,-0.00158433168752949,0.00581756280860153,0.00140014336679113,0.00654821726294893,0.00125088335792657,0.00581763599179643
0,0.5,0.00473497099580067,0.00639989738279814,0.00619816400778661,0.00752003564812657,0.00532563755287836,0.00639948906630942
0,0.5,0.00780909135037932,0.00608769347644966,0.00446103073590094,0.00642023862748906,0.00418418748657942,0.00609087455099533
0,0.5,0.00650682910812577,0.00610175017501515,0.0147292155589591,0.00733494991778929,0.0119942399119449,0.00609433346524503
0,0.5,-0.00194402350409737,0.00607769165352798,0.00254562510807587,0.00633617548253287,0.00249501565028102,0.00607751227950692
0,0.5,-0.00992522281650405,0.00625344615611475,-0.0117448209388113,0.00641868588890435,-0.0114161732466108,0.00625119332596866
0,0.5,-0.00440702134797623,0.00610104260334925,-0.00560096340215625,0.00700141789625692,-0.00489357816534062,0.00610071229231716
0,0.5,0.00409704265335958,0.00640510898347734,0.00403442101450662,0.00671817814844609,0.00384423861775935,0.0064052467719871
0,0.5,-0.0166011346826992,0.00624835435863211,-0.0190900537117254,0.00733749832753422,-0.0170161601497915,0.00624736501347042
0,0.5,-0.00891720162196239,0.00608796863160756,-0.0124785659745665,0.00654409801940165,-0.0115318442917763,0.00608405278879235
0,0.5,0.000930255981673994,0.00615058024831771,0.00420438349450234,0.00760933681026288,0.00353568681215393,0.00614973949149184
0,0.5,0.00773210128649369,0.00610125628483316,0.00310296222817402,0.00688661380304292,0.00275232792930155,0.00610506562038166
0,0.5,0.00817113415284071,0.00639404687038518,0.00710796089610415,0.00700515215432365,0.0065036073839791,0.00639573008326061
0,0.5,-0.00667462107641342,0.0061697737710569,-0.0119782506128691,0.00636384475703047,-0.0114022458838349,0.00616361759107474
0,0.5,0.00219375382362692,0.00604525446441511,-0.00093433884516489,0.0063192065484043,-0.000901689137394407,0.00604554972450883
0,0.5,0.00121459824984801,0.00605035543898588,-0.00109153020870538,0.00688006725682756,-0.000961976361418019,0.00605039598935555
0,0.5,0.0081670243353274,0.0061405429267967,0.00993004708327857,0.00677658947654711,0.00894320859618323,0.0061395810880142
0,0.5,0.00737067362046077,0.00614169678817104,0.00905969771725028,0.00669231363882172,0.00830808268711444,0.00614063263169843
0,0.5,-0.00101555771889708,0.00623577697876514,0.00302526752335013,0.00612046107493605,0.00289089966506032,0.00623525674022241
0,0.5,0.00306260353285149,0.00608456943304572,0.00453287548286869,0.00690871256902474,0.00398500738934674,0.00608409333042242
0,0.5,0.00352870475479139,0.006006241335561,0.00335568248608518,0.00676040139783666,0.00298977093290334,0.0060065027861038
0,0.5,0.00233289123891942,0.00602873352802738,-0.000242969751038707,0.00664155793821573,-0.000219954757187767,0.00602913308887563
0,0,-0.0020368343371938,0.00597647102898773,-0.0066378100112535,0.00731953067845007,-0.00561050288373885,0.00597442399816591
0,0,-0.00128162465452738,0.00592584844883192,-0.000748780444146259,0.00751799500947283,-0.000596946498455378,0.00592594578159455
0,0,-0.00610882905488723,0.006154675926883,-0.0103422902675072,0.00774197980220209,-0.00808056028111825,0.00615265546188168
0,0,-0.00144137669430816,0.00608731086107788,-0.000278443357750427,0.00726508532123454,-0.000235180424308556,0.00608745886832228
0,0,0.00284738286148103,0.00605679865650806,0.00216917131324944,0.00763053870698882,0.00171930840222394,0.00605717806378316
0,0,0.00134925279928899,0.00601195712206581,-0.000692890895261743,0.00735965148354015,-0.000566345870516235,0.00601206860307701
0,0,-0.00520733184773716,0.00605778749173266,-0.0064821602249894,0.00754760164053308,-0.00529503449016896,0.00605771965991952
0,0,-0.0095508932613166,0.00630702188679741,-0.0140356714531752,0.00812850279506338,-0.0110825318995628,0.00630480847810579
0,0,0.000648565756836384,0.00605514912200334,-0.000842360468611891,0.00747426271836902,-0.000671908088302791,0.00605514685111134
0,0,0.00297968984165311,0.00597684195549046,-0.00200263824505465,0.00749464222993516,-0.00160395985197153,0.00597731410356839
0,0,-0.00417339513401166,0.00664291513698055,-0.00537443179999416,0.00811112888442093,-0.00427136807246166,0.00664286096202504
0,0,0.00966078579666708,0.00634468893700714,0.0168152139704591,0.00739383681293679,0.0146052316104592,0.00633634241011365
0,0,0.00867529619356792,0.0061343946877507,0.00560219829354255,0.00777551259012701,0.00447095907901446,0.0061384002569377
0,0,0.00190883438903544,0.00597966644940109,0.00388698397252388,0.00718092062386794,0.00315117032967026,0.0059791959994164
0,0,0.0136574518053752,0.00614767158591106,0.0159465220775661,0.00732905794342979,0.0133585808781971,0.00614825565504876
0,0,0.000330084488826266,0.00621605782819216,0.00338917518477902,0.00777543438111934,0.00270681795192247,0.0062155432109126
0,0,0.000705617897940387,0.00609757103625359,0.0048099117278265,0.00780258189355445,0.00377595063965418,0.0060965659348994
0,0,-0.010041401874213,0.00614842479559759,0.00419974261569248,0.0075908257871339,0.00346187771026999,0.00615484371486899
0,0,-0.00201485440501464,0.0059492535362871,-0.0039222997286927,0.00768481615987556,-0.00306546595201455,0.00594885156514349
0,0,-0.000856629436762343,0.00619020356696796,0.000178987238719633,0.00754801924353177,0.000146779519624026,0.00619025461365678
0,0,0.000132131013848824,0.00635145202392153,0.00466672881017452,0.00909018237607999,0.00327645887401939,0.00635070844568451
0,0,-0.00434163485040417,0.00603089688366089,-0.00417010031185533,0.00701524867928516,-0.00358403243701585,0.00603134148875678
0,0,0.0022747072446071,0.005989577512301,0.00465621668626182,0.00676348221959172,0.00416858707197381,0.00598866609072132
0,0,-0.00870763295858361,0.00627809404333271,-0.00959695582684339,0.00783007328731118,-0.00776838923422967,0.00627918369574601
0,0,-0.000141100875099792,0.00622738804029652,-0.00544221432247095,0.00772197685740238,-0.00445862988557348,0.00622597520123964
0,0,0.018795089421483,0.00608046867147415,0.0160816864579268,0.00731140494940648,0.0134349980589623,0.00609312663906513
0,0,0.0011889668046606,0.00613318991537492,0.00866121054908067,0.00770957456130811,0.00696324104948976,0.00612977534189008
0,0,0.00237244734891655,0.0059516941521834,0.00079916531595331,0.00775230253524063,0.000614958819156281,0.00595208932416089
0,0,0.00139335113851265,0.00619480427933065,-0.00269865548117064,0.00765223538632092,-0.00217520654970704,0.00619460449934334
0,0,0.00534616664040955,0.00614225372052898,0.00153156826882827,0.00749454537058498,0.00126762979802254,0.00614420563551744
0,0,-0.00136110131319695,0.00599519570728326,-0.000439312071122598,0.00761832143440654,-0.000347461736040054,0.00599532489019294
0,0,0.000960241779320075,0.00607854636426341,-0.00244289345797843,0.00722275231536727,-0.00203676840072158,0.00607830979382682
0,0,-0.00163949515205636,0.00607659796015718,0.00486651396696348,0.00782853301871691,0.00374784482813719,0.00607576471201087
0,0,-0.00783024692010068,0.00630112578372474,-0.00845700969159985,0.00748452563807715,-0.00704984362230343,0.00630193965717954
0,0,-0.000461143929936775,0.0060147504526036,0.000246692386626959,0.00832330690819973,0.000180780317906655,0.0060147638229888
0,0,-0.00558431291810492,0.00608614791898025,-0.00240011516997338,0.0076603481161397,-0.0019167095998163,0.00608816162717835
0,0,-0.00794567627378875,0.0058562860946797,-0.00646743978872824,0.00735507622563431,-0.0050903488673793,0.00585914371597355
0,0,-0.00534895876088759,0.00617369592828574,-0.00946151264552995,0.00764237735040264,-0.00753583867602775,0.00617166896756865
0,0,0.00223319030306782,0.00624704136853565,-0.00178808641732827,0.00812451038507011,-0.00138122772621088,0.00624725952749035
0,0,0.0138404039576823,0.0060416152359988,0.011393294457278,0.00738952604997384,0.00939417385163288,0.00604924557335195
0,0,0.00149953109901262,0.00610484920289781,0.000944655650321893,0.00740181591041165,0.000798077569078814,0.00610496673648186
0,0,0.000371974150927389,0.00629707276118457,-0.000720104293590587,0.00875683665212242,-0.000511928326059672,0.00629706408514056
0,0,-0.00537736122273004,0.00596813951072329,-0.00485975940758354,0.00740637394235054,-0.00398252940798,0.00596911880669877
0,0,0.0164314262192828,0.00583936346416301,0.0164320983321036,0.00679304708196166,0.0136796434081267,0.00584574931835034
0,0,-0.00958862496791892,0.00635571146422556,-0.0147688431331191,0.00773047784519517,-0.0123471649462335,0.00635151358863335
0,0,0.00018081222473901,0.00618420862182323,0.00202774811432153,0.00736749666093037,0.00169094038838706,0.00618400579388156
0,0,0.00550013224606764,0.0059930690627222,0.0121984134829287,0.00677630702103916,0.0104459044209974,0.00598717859422796
0,0,0.00798145484795523,0.0061175184967764,0.0109225844030372,0.00682024439066463,0.00994713404263387,0.0061149536087061
0,0,0.00286308125353284,0.00619821454462262,-0.00375077769350984,0.00706807256527311,-0.00331595408429199,0.00619801431005204
0,0,-0.00126931200716005,0.00578845952525294,-0.00449009407274761,0.00668662777543795,-0.0038379282518986,0.00578743762684457
0,0,-0.0107596730005577,0.0061960458379451,-0.00991706709897932,0.00824907032146895,-0.00746688406624816,0.00620034148254958
0,0,-0.00241847818290369,0.00632593508064893,-0.00477057611447437,0.00840384642638232,-0.00368095995897443,0.00632539809513195
0,0,-0.00251343185197175,0.00620105028628153,0.00547825529636134,0.00766740214798037,0.00438245822848933,0.00620012849055188
0,0,0.000629965592075611,0.00614538106976358,0.00174899619179436,0.00823393968798516,0.00136885607221187,0.0061452742501401
0,0,-0.00611521128838796,0.00583112388036639,-0.00641902998983989,0.00738435831856489,-0.0051158264359335,0.00583199028621138
0,0,0.00322917672144052,0.00611939261953713,-0.00460055819967729,0.00819331659977544,-0.00345617182207139,0.00611928227255109
0,0,-0.00267174373207062,0.0058756656920725,-0.0137758835245468,0.00732221638889146,-0.0112085674913926,0.00586659348261082
0,0,0.00467034302128697,0.00583698717304329,0.0091576594707,0.00791893271347225,0.00698671675249874,0.00583490473869585
0,0,-0.000622704520620186,0.00609554086192744,0.000349627578281136,0.007193742684524,0.000292808410873991,0.00609556292974969
0,0,-0.00300148045749844,0.0061270207740896,-0.00606565880653561,0.00757665628591424,-0.00481277146160666,0.00612599307319565
0,0,-0.00407838480205532,0.00604006358982619,-0.00456540027705874,0.00770121772727658,-0.00359372632263996,0.00604033840019114
0,0,-0.00371455125738579,0.00627204584657496,-0.00639778812741879,0.00756847899887622,-0.00527160269335062,0.00627105939119946
0,0,-0.0102228050810657,0.00617673392121578,-0.0108056986269696,0.00755980304890517,-0.00899534779869624,0.00617842946661743
0,0,0.00134916814416761,0.00609822490654369,-0.00201700909799188,0.00806994181404484,-0.00159691624952141,0.00609817160486598
0,0,-0.00356254526345461,0.00576079298893145,-0.00443561513658604,0.0067669643507414,-0.00376006105142861,0.00576067967126679
0,0,-0.00446000086192913,0.00607514670380108,-0.0121726015695123,0.00718143140176664,-0.010220689054052,0.00606893608644271
0,0,0.0027471333559514,0.00622744343465598,0.00413561117685102,0.00788243687194469,0.00328530702261095,0.00622721250360769
0,0,0.000746022563234725,0.00610981624077451,0.00361760128988172,0.00773574005222328,0.00276639420683081,0.0061092992115938
0,0,0.00322859939388014,0.00625964589248722,0.00760441792087335,0.0078128675665095,0.00624228946326913,0.00625762831812844
0,0,-0.00888495813372569,0.00602255830535327,-0.00752194081271527,0.00791682577624011,-0.00577445487685008,0.00602593992809738
0,0,-4.8290809088381e-05,0.00598616219150974,0.001569239937003,0.00749180844144524,0.00125304744836116,0.00598604502513888
0,0,0.00190097521549721,0.00606947681643943,0.00650594667729705,0.00759507684761928,0.00504112378869085,0.00606787512815483
0,0,-0.00542856545039897,0.00593802140582437,-0.00892600869149219,0.00720664425112665,-0.00757022736780459,0.00593591924618902
0,0,0.000351179450392591,0.00613343286009904,-0.00146234023922761,0.00762271192253586,-0.00115540749577882,0.00613334501276507
0,0,0.000187388311929026,0.00582956577664891,0.00306620815762026,0.00678309997349405,0.00260820218437778,0.00582904318292694
0,0,0.00249743673869714,0.00619376657033753,0.00863686984167655,0.00802864760461167,0.00663245467524308,0.00619106190443827
0,0,-0.00403773617283375,0.00619184696320202,-0.00447823493503409,0.00779547942246749,-0.00360610394731241,0.00619208334748858
0,0,-0.00338339946491455,0.00613190768257106,-0.000266877743877427,0.00816457066913489,-0.000206561872413611,0.00613273475374689
0,0,0.00316076252083028,0.00598958363576054,0.00736525837767984,0.007240913666095,0.00600962819119961,0.00598763206665473
0,0,-0.00977406156574208,0.00617264768696108,-0.00720526024566903,0.00785828450750349,-0.00567242569169196,0.00617720349957516
0,0,0.00475576369732066,0.00613921954801715,0.00563894795929937,0.00750784454927777,0.00463663686969994,0.00613930057977178
0,0,0.00187352864035909,0.00593941261033717,0.00398262255436323,0.00714193526648599,0.00337710342689216,0.00593881681528513
0,0,-0.00424489162181333,0.00616314880071978,-0.00794770609513486,0.00733449693562018,-0.00666450899756233,0.00616124597389876
0,0,-0.00669662239602978,0.00605986672308992,-0.0068620376013616,0.00802690202226176,-0.00508336195923199,0.00606126548599539
0,0,0.00110428295035168,0.00614043874077257,0.00609810660765316,0.00822380913074997,0.0045626187201895,0.00613901961041784
0,0,0.0111041068700569,0.00580559095122037,0.0157492273236568,0.00661166569458708,0.0136347008965926,0.00580072730187364
0,0,0.00267835628378883,0.00599523585749435,0.0105539956570932,0.00775524631543308,0.00822592761776376,0.00599072089249073
0,0,0.0129947728262861,0.00633426102855187,0.0207654488353011,0.00771188685502428,0.0171197598574677,0.00632559859407981
0,0,0.00793627846361222,0.00623994622119023,0.00631925422468897,0.00765495338243257,0.00516203601875357,0.00624252409610749
0,0,-0.0126022962138646,0.00622730226414874,-0.015321623100725,0.00767097139287477,-0.0125226538367748,0.00622744467927504
0,0,0.00668723454034958,0.00595732677719768,0.0156953475048172,0.00746450615687284,0.012670396891632,0.00594860820348842
0,0,0.00438639557912333,0.00631196140822022,0.00903518531988775,0.00800229278204595,0.00735395703650045,0.00630952428961596
0,0,0.00687916354917059,0.00601058728003712,0.00858232197241252,0.00869121682808663,0.0059410006195873,0.00601148163694834
0,0,-0.000940671029231558,0.00601389556177366,0.00126822525394629,0.00740364583884543,0.00104707643642525,0.0060138798457455
0,0,-0.00113941999981565,0.00607995644192399,0.000286025344034163,0.00762693087075857,0.000223457370686065,0.0060800479456169
0,0,0.000333518301092249,0.00630808541511513,-0.00168911818963703,0.00755287336138136,-0.00146636356944843,0.00630794272618694
0,0,0.00609914877722287,0.00589440827025402,-0.00212651729066945,0.00700042754998342,-0.0017759266570669,0.00589700109673905
0,0,-0.000181123012314632,0.00628602558260277,0.0013615508524096,0.00750169482545107,0.00116703093728481,0.00628593215416938
0,0,-0.0033606613219388,0.00603650675869811,-0.000131681474129264,0.00718048535479333,-0.000106792993787444,0.00603734115369387
0,0,-0.0120554199640058,0.00587012493102768,-0.00336837468051242,0.00780181857936606,-0.00247384956359874,0.00588077420796001
0,0,0.00127329090996008,0.00601637334593289,-0.0031799138105798,0.00744758089675632,-0.00256883458440381,0.00601600365385586
0,0,0.0118287822322532,0.00605269671171374,0.0143697336998782,0.00741722572861345,0.0114716246265021,0.00605331041249598
0,0,0.00644272610186769,0.00618740964905637,0.00438105055336777,0.00750950028012021,0.00355888233586641,0.00618947772274674
0,0,0.000711550011628084,0.0061538364527766,0.0016072200890295,0.00757542087520397,0.00134297556637614,0.0061537427870294
0,0,-0.00139058985727254,0.00640435076989309,0.0022517941344918,0.00785258614406823,0.00184416001356123,0.00640425005866238
0,0,0.00374435812186293,0.00632865253067494,0.00695211367091866,0.00844028286869487,0.00533577167848586,0.0063276453088291
0,0,-0.000682128108648809,0.00631150789644851,0.00188028839960174,0.0085762478713958,0.0013875386260282,0.00631140579846139
0,0,-0.00374749573738036,0.0059420221832125,-0.00346067002955251,0.00818169302440961,-0.00256939548325681,0.00594258344116964
0,0,0.00149727790270855,0.00619474029169489,0.00900137683826947,0.00831813147935261,0.00664173091610116,0.00619174109318638
0,0,-0.00186832994458008,0.00603847941889648,-0.00356090372098842,0.00788960176335063,-0.002701142176922,0.00603819806882456
0,0,-0.000102398986238583,0.00624537210473293,0.00738707195294018,0.00773186167062395,0.00598737014464786,0.00624283141849969
0,0,0.00630808748226088,0.00597696211190642,0.0141284851901475,0.00669513082957791,0.0122969742296606,0.00596860912409594
0,0,-0.00898000048487425,0.00611903153513801,-0.00382953380228087,0.00836705717675447,-0.00285834095172807,0.0061242993100668
0,0,-0.00123228446200825,0.00588574738795199,-0.000759482554382222,0.00710485741321588,-0.000621024131831374,0.00588583383583567
0,0,0.00415709163869996,0.00581377146058004,0.00914214037325554,0.00711517433737422,0.00751226738754702,0.00581073684645959
0,0,-0.0113753843472226,0.00621699769632133,-0.00447074403745643,0.00860507012137406,-0.00323010530462549,0.00622547240843689
0,0,-0.00347436425115922,0.00634357989252742,-0.00802237465618519,0.0073720705386443,-0.00684635772737883,0.0063411609816168
0,0,-0.00160421018208611,0.00609005037103642,-0.00491734535741663,0.00742297436000781,-0.0040608189694479,0.00608903223362053
0,0,0.0064833157324591,0.00586669001095509,0.00821545877325076,0.0074100226574426,0.00655182034782373,0.00586662158485612
0,0,-0.011792098409187,0.0059532611762643,-0.0155268567705469,0.00719295008059512,-0.0128447985002501,0.00595130821270354
0,0,0.0043516820902549,0.00615527835010049,0.0118799716531165,0.00788494880124946,0.0094413717929498,0.00615020753431208
0,0,0.00320630649966623,0.0061797216259796,0.000722570768393524,0.00764440498565746,0.000589819972575403,0.00618043495031162
0,0,-0.00513575171830544,0.00627108668411868,-0.0189010691153622,0.00741509500848271,-0.0156324419579647,0.00625568541677249
0,0,-0.000772177332060485,0.00616767489003341,0.00283603195250837,0.00717171431636912,0.00244093502836313,0.00616728882755571
0,0,0.00420655781241418,0.00612338797254694,0.00879061864493643,0.00772377252469818,0.007122885332147,0.00612098665771725
0,0,0.00306620978840214,0.00632671186970881,0.00133254670107268,0.00708379228126126,0.00116730818796108,0.00632727230908574
0,0,0.000205701323430701,0.00627375386387212,-0.00109442492655717,0.00775824359079309,-0.000866026477535798,0.00627370399626228
0,0,0.00501326595907785,0.0058841303304975,0.00758266309313013,0.00681292263538695,0.00639204913704715,0.00588292961448617
0,0,-0.00470580801585318,0.00613603024649477,-0.00545787319381502,0.00770151036328913,-0.00447222643325801,0.00613618560511251
0,0,-0.00160937657620245,0.0058158356090493,0.0010698283948079,0.00726376452301932,0.000861523722506209,0.00581597870336017
0,0,-0.00965535287674528,0.00597614879430207,-0.00138750778301119,0.00727815654786039,-0.00114884795710604,0.00598302768430378
0,0,-0.00157547685132774,0.00597141520341857,-0.00522054313450087,0.0076241859248248,-0.00418303685176366,0.00597028944339129
0,0,-0.0035299980327125,0.00612538854983602,-0.00314335227394778,0.00764216334324678,-0.00254759167118405,0.00612582214350618
0,0,-0.0127515561424386,0.00634943439014682,-0.012053239994395,0.00803056132144855,-0.0094021568082544,0.00635458377766806
0,0,-0.0016519230472796,0.00606059237664693,-0.0115384882844553,0.00780558280582098,-0.00909517498604653,0.0060547009348353
0,0,0.00542702313175326,0.00634847941534133,0.0122565970128232,0.00837171591658336,0.00942506955193706,0.00634435507092702
0,0,-0.00121233435058553,0.00619840487440832,0.00533233119959242,0.00780272390726521,0.00421710996380136,0.00619723743198187
0,0,-0.0015691644898556,0.00580521788936323,0.00415173308881837,0.00775630852959052,0.00306192538625501,0.00580468130994757
0,0,-0.00371627516321664,0.00589391675145874,-0.00205814188335216,0.00696711113930802,-0.00173515127529072,0.00589473944681765
0,0,-0.000607240438651087,0.00604416285804328,0.00406415681895994,0.00743610669998462,0.00322295154061483,0.0060434229868549
0,0,-0.00416421317016155,0.00595401238071062,-0.0119109494313978,0.00778838630682973,-0.00919119742871878,0.00594895788484348
0,0,0.00818884146511611,0.00605692513133,0.00753591351300376,0.00756730501288428,0.00620368166482211,0.0060590293304261
0,0,0.00117553734290435,0.00630276783679923,-0.0128601952246418,0.00917090683486593,-0.00898865856057624,0.00629720057744953
0,0,-0.00123992610652959,0.00606600979658684,0.00446517444474407,0.00702160294610619,0.00383282238814768,0.00606504277475303
0,0,-0.00162846951064019,0.00600679225213966,0.00255777977526206,0.00740709758469497,0.00206449194573645,0.00600667242708403
0,0,-0.0121445888532144,0.00609166473224228,-0.0168704089780277,0.00730503946005429,-0.0137047630794754,0.00608871291085047
0,0,-0.00101583020762899,0.00587771694660242,-0.00582874653386162,0.00825825112220047,-0.00408113541175862,0.00587652250108022
0,0,-0.00771971620807325,0.00622162029777544,-0.0048726394248334,0.00732300188056422,-0.00415521733602732,0.00622463409704562
0,0,0.00166970678344556,0.00598918159406494,-0.00670216778383597,0.00770021625694806,-0.00506410208135971,0.00598747410371159
0,0,-0.00163959360335263,0.00600388557237018,0.00585389558344758,0.00731183683394656,0.00476331077180867,0.0060023960393685
0,0,-0.00522672447796079,0.0061185683696208,-0.00635680464026945,0.0077083117710313,-0.00519709820117438,0.006118590830015
0,0,0.0112092152076792,0.00583355392938651,0.0128275525363593,0.0071881879141196,0.0102965778279597,0.00583506855385264
0,0,-0.00683309837439376,0.00580860501390436,-0.00968660293250507,0.00712966809380612,-0.00751950885370298,0.00580784074125986
0,0,-0.00628129200685817,0.00620664353573406,-0.00931602032305395,0.00829703142946606,-0.00692569115614183,0.00620603549725757
0,0,-0.00397360355725355,0.0061126871685702,0.00770699638697925,0.0078588542081727,0.00598381781489127,0.00611122939922264
0,0,0.000547422709269628,0.00629765374989144,0.00374367344893945,0.00749814705394913,0.00307665820821949,0.00629701090925389
0,0,0.000215222862255589,0.0060116480662474,0.00154073608913393,0.00755188216442194,0.00124662647615002,0.00601153597935558
0,0,0.00249714802584218,0.00622902232793852,0.00720915808468356,0.00826542730821475,0.00531069879195084,0.00622745995135643
0,0,-0.00599827938461243,0.00609198973921417,-0.00606246688276045,0.00710594708374884,-0.00499214384115725,0.00609279831181411
0,0,0.00215322368026043,0.00594818212708362,0.00786394134590999,0.00809353086317768,0.00604336791263333,0.00594577959113187
0,0,0.00564807725429193,0.00584646648027104,0.000769827289290829,0.00735135229178301,0.000637082201273759,0.00584888925565321
0,0,-0.00497647989836776,0.00598927115505495,0.00097034244286553,0.00718731937812656,0.00081774593012394,0.00599107053746893
0,0,-0.00423994026447089,0.00568673780366214,-0.00166918744708036,0.00676379617523223,-0.00140050112930649,0.00568801231730541
0,0,-0.00492177661235896,0.00607969368818211,-0.00630564130542285,0.00779605832289314,-0.004828726813469,0.00607976020149737
0,0,0.00669605110454207,0.00611608420670858,0.00440471746816867,0.00728025780504286,0.00371851681330153,0.00611834019243027
0,0,0.00546149330132373,0.00612623818584048,0.000820659152312422,0.00780509997427012,0.000647120802449394,0.00612837320109492
0,0,-0.00349177211081349,0.00609654377483772,0.00313965545254283,0.0075896269332151,0.00254982839762509,0.00609695949658004
0,0,0.00514466938143905,0.00586229198516378,0.00578374669505175,0.00689888299736369,0.00487479839067073,0.00586249935578218
0,0,0.00580758304550834,0.00598740709951799,0.0182590364708725,0.00824148732665171,0.0134174305908714,0.00597645992326628
0,0,0.000850050794717004,0.00604429553115476,0.000436173756789004,0.00790486853933241,0.000335117676941194,0.00604434059432071
0,0,0.00936599371003052,0.00592898330404661,0.010384713060833,0.00738919240536257,0.00835847943446133,0.00593033398914501
0,0,-0.000515167437580542,0.00606129403564385,0.000838231632797712,0.00775264237922138,0.000659222652506724,0.00606128158719919
0,0,0.00622285343962146,0.00618571404356772,0.00706093181566941,0.00772534794582955,0.00574307921773585,0.006186125899321
0,0,-0.00707453464231239,0.00593187997454695,-0.00543520939807037,0.00646573110815282,-0.00487462287580547,0.00593386659184149
0,0,0.0125594934549707,0.00612099633407258,0.00939518204910666,0.00706470404280945,0.00795222434439725,0.0061278634570665
0,0,-0.00916480320895984,0.00615781437634835,-0.00841289354996665,0.00768613430387595,-0.00666394477045288,0.00616067001203737
0,0,-0.00129996675078422,0.00597509224001798,0.000316991186772348,0.00773328992414899,0.000248175015191567,0.00597521420623948
0,0,-0.00856259832791941,0.00582498122138839,-0.00452322769552398,0.00730601546549837,-0.00360005787473301,0.00582964466730467
0,0,-0.00199146593007012,0.00610877206632016,-0.00410953245974271,0.00767384651707488,-0.00336525145330848,0.00610823578224954
0,0,-0.000870241014317341,0.00609491989682303,-0.000405369427579028,0.00738844265214832,-0.000339587476718823,0.00609496681133296
0,0,-0.00525323536259339,0.00607067937322364,-0.000870790830813966,0.00792089684694188,-0.000681288571974196,0.0060726716770355
0,0,-0.00553304888538976,0.00618185404947357,-0.00634905016004549,0.00799473487593375,-0.004879958060377,0.00618234229123201
0,0,0.003522740077695,0.00592337510352811,0.0091232965162901,0.00740283019024959,0.00726590310696353,0.00592031618568188
0,0,0.000305116268024036,0.00609046934120862,-0.00220873003873466,0.00791490838038753,-0.00170188905410753,0.00609026429301921
0,0,0.00176852672408009,0.006261015771858,-0.00204506632891482,0.00814518571214055,-0.00161709408046402,0.00626105199213442
0,0,-0.00555105872002576,0.0061174205897732,-0.00527912258569161,0.00701352038887117,-0.00436691401921306,0.00611827487399543
0,0,-0.000715606579140909,0.00597956877434847,-0.00301538248717187,0.00680076731484653,-0.00256931464039538,0.00597911305999435
0,0,0.0010073678183149,0.00619089990336925,0.00966710415816726,0.00746533851472469,0.00783803297431015,0.0061865679270233
0,0,-0.00721986727740535,0.00634195232862151,-0.00188773719886476,0.00827365482632343,-0.00144180474147589,0.00634542999550212
0,0,-0.00983012224085556,0.00598436662513354,-0.00775473958602974,0.00724660971064227,-0.00637492409689046,0.00598855180433696
0,0,-0.0112007897195756,0.00596889564972251,-0.0197248933270521,0.00752837032553638,-0.0152997828617102,0.00596073639306183
0,0,0.00359542883050917,0.00597946025097092,0.00401314698707864,0.00782483274565881,0.00318305241796657,0.0059796694430893
0,0,-0.00812744197229394,0.00612539919633003,-0.0041612592945258,0.00885226199453366,-0.00293960383575127,0.00612956747883213
0,0,9.91744240428092e-05,0.00604730544490855,-0.0020953118972859,0.00762516276877523,-0.00167043541493261,0.0060471002530201
0,0,0.00760983284633723,0.00589898787800214,0.00593932551437289,0.00776320976514258,0.0045257918063237,0.00590183559571977
0,0,0.00397924077182728,0.00610860850336833,-0.00384067024399435,0.00776033050484669,-0.00308395527133811,0.00610906930968513
0,0,-0.00409252400319473,0.00598936319693923,-0.00386049293401723,0.00741150983636492,-0.00307695470406027,0.00598990696395867
0,0,0.00192862868994279,0.00617095413475931,-0.00148736439589399,0.00766380784207743,-0.00117614177561426,0.00617112222831498
0,0,-0.00833423157217041,0.00619967322930798,-0.00827420470869954,0.0075803649487364,-0.00689592160376479,0.00620124024124167
0,0,-0.0193021495730152,0.0061314400433033,-0.0146542067141149,0.00672223659201379,-0.0137124387691999,0.0061448209358727
0,0,0.0119526563598464,0.00624251079698726,0.00998982074072625,0.00789566195772804,0.0080259445840793,0.0062480728634184
0,0,-0.00497580860669429,0.00595771202837222,-0.000489891231281274,0.00741027491542846,-0.000396451497856318,0.00595956115920779
0,0,0.00432011887986592,0.00617590268074307,0.00614351910284011,0.00751773934836846,0.00507722803562813,0.00617539122157556
0,0,-0.00845104987603769,0.00633469592174431,-0.0095371040463976,0.00815894891225399,-0.00777284588670312,0.00633546193223942
0,0,0.00580226027247248,0.00610742167712472,-0.00712692357955397,0.00768960281749339,-0.00557806724946044,0.00610760766400657
0,0,-0.0054274583962993,0.00625185504462664,-0.00870922670874026,0.00756436715575669,-0.00714871934761801,0.00625032246140219
0,0,4.42474044334543e-05,0.00590984182654305,0.00476590878030891,0.00785762699396267,0.00364046876305835,0.00590883558172109
0,0,-0.00740573865962537,0.00611214879110724,-0.00436722749672445,0.00743912269706056,-0.00345721338994101,0.0061152715537788
0,0,0.00337813367033779,0.006354905513022,0.00419581133958708,0.00836625563781377,0.00312953088248432,0.00635501766987317
0,0,0.00509986767446757,0.00617960115229277,-0.00116126115877727,0.00733027865614401,-0.00095644924597356,0.00618140322001702
0,0,0.00173480453370392,0.00630911422846005,0.00461118951522275,0.00791056194265072,0.00381595959182876,0.00630830590593492
0,0,-0.00342525721064258,0.00605985700659609,-0.00242494983437377,0.0077604010902679,-0.00188321527665684,0.00606045949986371
0,0,0.00337574600083261,0.00618814380854569,0.0140523584208997,0.00735711837358873,0.0120446294221653,0.00617854722914418
0,0,-0.00255253703025716,0.0062744494905092,-0.00697507345799038,0.00776936423308048,-0.00568451328763034,0.00627263140528124
0,0,0.0032555157615832,0.00612487405292047,0.00334140388844143,0.007622141074887,0.00272260290858408,0.00612510543782358
0,0,0.0037703518595127,0.00614131932372448,0.0139963300058283,0.00845404866821443,0.0104577201827222,0.00613442553178598
0,0,-0.0152088872864412,0.00604217766090797,-0.0187543861419579,0.00744774055463567,-0.0148317334828539,0.0060430152608129
0,0,-0.00642674235201057,0.00614135934143547,-0.0117633015027442,0.00870855919009118,-0.0085058714084103,0.00613911102967309
0,0,-0.00437106786377933,0.00630668437165166,-0.000429181850890949,0.00823001043583735,-0.000325793036628543,0.00630801422430188
0,0,0.00456330374727066,0.00605750286662548,0.0078102668902044,0.00763080598479679,0.00619653713298141,0.00605620845857455
0,0,-0.00482107818581735,0.00596645618645821,-0.00423756520506294,0.00717185090670186,-0.00353217390833818,0.00596726407176744
0,0,-0.00370219334627844,0.0060099481435827,0.003567210747,0.0079995657428986,0.00271744789893202,0.00601041825464082
0,0,4.91142337968048e-06,0.00604140398874259,-0.00214385638097509,0.00712171117014934,-0.00181479734363935,0.00604116064651222
0,0,-0.0011194600325562,0.00629194248800763,-0.00806669983966225,0.00824980615076437,-0.00624908943700254,0.00628928789905607
0,0,0.00187717586938806,0.00619269637650576,-0.000484711111350759,0.00770781858723029,-0.000402488096726553,0.00619293718284133
0,0,0.00778607542285725,0.00620933379092049,0.0140302413949751,0.00844134431052752,0.0104936142436271,0.00620579808530505
0,0,0.0163047346752706,0.0059506639000297,0.0166542072224126,0.00692203171338701,0.0136199697541653,0.00595671356446541
0,0,-0.00421509027112138,0.00622076658537614,-0.00350091141136717,0.0076128728276552,-0.00281836033156692,0.00622146626730036
0,0,-0.00630833299843268,0.00596011666031226,-0.00435092216517573,0.00775334403913505,-0.00340008556698254,0.00596223784320559
0,0,-0.0153834690903548,0.00619492269003206,-0.0127363182708609,0.00743817600015263,-0.010693503332812,0.00620367728152714
0,0,0.00255652898807125,0.00634594479304747,-0.00591128831269998,0.0074990717643012,-0.0049705198475546,0.006344682663529
0,0,-0.00130446335093216,0.00619523112890066,-0.00288536586964529,0.00746001227307184,-0.00243695762865888,0.0061949277585775
0,0,0.000455713619586739,0.00615950337730984,0.00291397582476727,0.00777118626688323,0.0022761416574683,0.00615914471092205
0,0,0.0126314320979508,0.00605790395518795,0.0101591044275094,0.00742959295504745,0.00820763860441092,0.00606469019763325
0,0,0.0076271634872812,0.00614054443342069,0.00367203889359796,0.00742699375123601,0.00300695162798292,0.00614410057915756
0,0,-0.00382614253615413,0.00607191207790943,-0.0016815287230849,0.00789316762842632,-0.00132142054809366,0.00607285865700666
0,0,0.000212484718284231,0.00605274189610404,-0.00164389789402669,0.00764361111059995,-0.00126996701214214,0.00605262633891455
0,0,0.00123764006730059,0.00601276142994044,0.00167991012821365,0.00762001996153338,0.00132188693621053,0.00601274540360635
0,0,0.00508518261562154,0.00594642038690478,0.00238200716781039,0.00752324829846413,0.00187502005236299,0.00594810377769768
0,0,0.00206662917382645,0.00613019497734274,0.000356678911288957,0.00703848185895463,0.000313717168414417,0.00613049768810022
0,0,0.00174677415963576,0.00638230184583104,0.00498052710266461,0.0084278067916616,0.00370511165736268,0.00638156567490401
0,0,0.00485759924270207,0.0058060371607278,0.000975769057887457,0.00696418070359572,0.000804701072561978,0.00580781768511939
0,0,-0.00464064495528669,0.00620930729312976,-0.00586698249908985,0.00824544400007031,-0.00452850116576079,0.00620938070639511
0,0,0.0107760414274167,0.00648811467800314,0.00415657301044645,0.00812337566362166,0.00340003332853187,0.00649517006206141
0,0,0.00681002341407853,0.00599910537497159,0.00877216416159524,0.00746185568450878,0.00692865462754912,0.00599898387703032
0,0,-0.00365082451258256,0.00612881909518486,-0.0131288169795278,0.00767888159572471,-0.0103312611570808,0.00612203432156559
0,0,-0.00215711672133507,0.00620428779044066,0.00293663756460955,0.00756428176723899,0.00238900673711278,0.00620421245195507
0,0,-0.00796577746711426,0.00629239244706092,-0.00843821615952434,0.00761412417485521,-0.00705245560107436,0.00629335546492391
0,0,0.000534499741347862,0.00597401239208898,-0.00813445821584503,0.00725216942057167,-0.00677450749804408,0.0059705938963605
0,0,0.00657933458758457,0.00632393417296683,0.011856843198326,0.00775409292135571,0.00968475302641104,0.00632040884224111
0,0,-0.00770561064596903,0.00593549874768201,-0.00766928792198938,0.00768777473818134,-0.00612325964527578,0.00593715134752153
0,0,0.00262479302972622,0.00608499175328716,0.00308815725977245,0.00657758079955605,0.00287158460613955,0.00608489242297767
0,0,0.0132668564755635,0.00601572146729116,0.00644069272343058,0.00762918731673041,0.00502282446914615,0.00602691219527964
0,0,-0.00312526991576641,0.00610018623869983,-0.00124458766335096,0.00736812719454612,-0.001014754062021,0.00610082402723824
0,0,-0.0131356229568464,0.00593191602076761,-0.0122766370345466,0.0090649538702152,-0.00834492522486458,0.00593969076451581
0,0,0.00320504574138286,0.0061162021850903,0.000864568575763853,0.00721603437959477,0.000718203200803356,0.00611691201081643
0,0,-0.00159042699381451,0.00596317900833968,0.00527721158882746,0.00727225121964639,0.00437351054595263,0.00596193245911958
0,0,-0.00730158855721156,0.0058423148286275,-0.00895979254204347,0.00716722896239635,-0.00725582558391257,0.0058423661403797
0,0,-0.0037024671314966,0.0060449680721602,0.0036118407751648,0.00661301497673547,0.00317379488670252,0.00604523646945573
0,0,0.00438465340543625,0.00620526283784163,0.00268265407206531,0.00890922146242469,0.00188877005207003,0.00620638148737766
0,0,0.00915073377576931,0.00609296647092922,0.00118103013935203,0.00737296565926694,0.000997165187545983,0.00609901251258415
0,0,0.0042645473591103,0.00643086417102666,0.0044065617338417,0.00837388937304821,0.00346002634378947,0.00643128850206216
0,0,-0.00432835845260359,0.00626151852163245,-0.0079978242651689,0.00883124514876931,-0.00581649056466637,0.00626045186704072
0,0,-0.00656451474286836,0.00626244897252951,-0.00785564578365378,0.00729230498306803,-0.00658525350994435,0.00626242970890403
0,0,0.00242856037112011,0.00627077238642729,0.00334226520806852,0.00820789913319793,0.00264235571169415,0.00627069594418278
0,0,0.0131222530718452,0.00615169117754746,0.0177301661470799,0.00725092268446809,0.0149587713421657,0.00614796187678965
0,0,-0.00175788304599417,0.00591961446457291,0.00554387786621657,0.00762809837305712,0.00427836940216029,0.00591846145480056
0,0,-0.0083015663394997,0.00588863503362756,-0.00463963783749227,0.00743837819206499,-0.00367725945336575,0.00589285837060011
0,0,0.00217388292183893,0.00614855073841011,-0.00509652382280319,0.00785558676124202,-0.00388916448818132,0.00614779896790876
0,0,-6.53536756921494e-05,0.00592766826145904,0.00244373857579129,0.00718299049112237,0.00203761317989772,0.00592735450179294
0,0,-0.00274332214230311,0.00587422472656723,-0.00600655475426451,0.00656446174495097,-0.0054290533158433,0.00587254535510115
0,0,0.00943863099439378,0.00596428361143702,0.0148206046430648,0.00751318705600607,0.0117903650225989,0.00596053261081291
0,0,0.00312208914857172,0.00597783652564725,0.00666665232124194,0.00739532968112132,0.00556616037926341,0.00597624649089518
0,0,0.000339627424793018,0.0058958969437613,0.00429204481645684,0.00684869315169766,0.00356877232818601,0.00589493577015824
0,0,-0.00289860969448494,0.00613445091241644,-0.00191529361208015,0.00781143183551385,-0.00153409900082719,0.00613488933729827
0,0,-0.00244960609648813,0.0059135089278367,-0.00498615495072152,0.0071100679723933,-0.00395138370104165,0.00591277952426143
0,0,-0.00270059335962872,0.00613122695416915,0.00141829944295764,0.00749656092261915,0.00114548388670156,0.00613166077718463
0,0,-0.00359990963326906,0.00646723733451746,-0.0011691025289042,0.00815812428708206,-0.00094876035442655,0.00646805473778756
0,0,-0.0077811349214426,0.0059844587429632,-0.00910851502405664,0.00750688786732632,-0.00733501629011324,0.005984962964289
0,0,0.00387961724733352,0.0059964548879036,0.000569434028333595,0.00766809352966984,0.000440208210154836,0.00599756277140844
0,0,0.00216961416291163,0.00600792950131198,0.00318780303802138,0.00803191261191863,0.00241982974044344,0.00600784406593306
0,0,-0.00751887699336109,0.00618723050795122,-0.00256269436157086,0.00826139809165988,-0.00202162055326204,0.00619099050786947
0,0,0.00120122539310329,0.00625590687540632,-0.00570541965492131,0.00829066928425863,-0.00443776163116284,0.00625461596845876
0,0,0.000255444540438725,0.00622989481571543,-0.00228788849433577,0.00785054389576262,-0.00185841051485075,0.00622965391456012
0,0,0.000426141441102812,0.00623383200855239,-0.00381833801575572,0.00792157108710704,-0.00309414734850725,0.0062331647688139
0,0,-0.00365989396865584,0.00622079074425956,-0.00179256514589516,0.00762345864436003,-0.00148302087414219,0.00622158809149074
0,0,0.00894179888892382,0.00601202273699374,0.0052637951995945,0.00728475278443372,0.00442273029815935,0.00601651086503496
0,0,0.0106279738439363,0.00618084492048516,0.0109909470461162,0.00819363487752399,0.00850262696386526,0.00618376458067366
0,0,0.00879461617940942,0.00594353827687632,0.00160910409357096,0.00854650780463196,0.00112917432087738,0.00594927109004259
0,0,-0.0028021380222802,0.00601393275327385,0.000658196286098059,0.00757948543187105,0.00054133704662075,0.00601449438813434
0,0,0.00612428733785897,0.00600744575885564,0.00790935224380299,0.00731195300536285,0.00660711008958898,0.006006988308203
0,0,0.00213089023608337,0.00592359522740756,0.00408482401535364,0.00826623924460842,0.00293282590860452,0.00592328777001329
0,0,-0.00824730433410147,0.00590224125702111,-0.00426422363149917,0.0086591883147752,-0.0029877161997054,0.00590673356517581
0,0,0.00408271846826306,0.00618244142976901,0.00854625593878935,0.00774557805007114,0.00669919627555589,0.00618041578581388
0,0,-0.00895486146320794,0.00624202185277961,-0.0126159871190293,0.00748464703709731,-0.0104511895107649,0.00623996136828286
0,0,-0.00197300905374455,0.0063524932920399,0.00380124104188409,0.00889667996045103,0.00269030357008489,0.00635226128377642
0,0,-0.000886228442763181,0.0060173757804191,0.00500441933325652,0.00722725683503104,0.00410525443061574,0.00601618254747093
0,0,-0.00273029554544037,0.00596929364043136,-0.00255029497858141,0.00741662920190188,-0.00207865522844707,0.00596952864841196
0,0,0.000716643059187005,0.00607512471460394,0.0045474023071951,0.00804115530782501,0.00344131880154025,0.00607429337122514
0,0,-0.00905652534186768,0.00623297171685033,-0.0112228382637965,0.00763281454728512,-0.00913297481643488,0.00623287288645186
0,0,-0.0085548356309388,0.00590702151275832,-0.00407476617377482,0.00751433687524038,-0.00320264267966306,0.00591180064269407
0,0,-0.00234550124065749,0.00600707827322755,-0.00145814112037756,0.00695245359339772,-0.00122352678219808,0.00600737622954316
0,0,0.00872717455823058,0.00626407220726841,0.00813492979961957,0.00824457679762509,0.00642454078763052,0.0062665353966921
0,0,-0.0107723291983802,0.00609260110236456,-0.00193043305566028,0.00775471490383543,-0.00153849000849755,0.00610090679421883
0,0,-0.00156286445041494,0.00632657591123399,0.00113761824037402,0.00801996940993965,0.000895769016767329,0.00632669026004469
0,0,0.00313873700257328,0.00621881308777455,0.0036864150357334,0.0069837347699776,0.00322048967480544,0.00621877604307893
0,0,0.00542042474682988,0.00635968652571263,0.00468381411837962,0.00791148774516891,0.00375418022635398,0.00636074524711952
0,0,-0.00485655439421461,0.00608341459842665,-0.0060960322279223,0.00852258657297278,-0.00449070674773962,0.00608366509843899
0,0,0.00396366965959152,0.00616624872148644,0.000554354153239822,0.00840934577963941,0.000413211656387467,0.00616736778507929
0,0,0.00586615172636702,0.0061634101825078,-0.00263632546783077,0.00798890325140848,-0.00195104868071832,0.00616561524767928
0,0,0.00227369391831196,0.00592445930146402,0.00868933755158349,0.00804031787550751,0.00648174062631474,0.00592166935574468
0,0,0.00488665509933426,0.00598989151327346,0.00369574106220681,0.00647722710632503,0.0032975328432142,0.00599086266880726
0,0,-0.012627275339298,0.00618733765891527,-0.00847213117758783,0.00768076920929755,-0.00684460737091472,0.00619540864091388
0,0,0.00597017708920687,0.00595757893281296,0.0134119919959743,0.00776921934562556,0.0103552730476031,0.00595219271987991
0,0,-0.00129006636502891,0.00605536277997459,0.00272081337035746,0.00882937279984161,0.0019151112170351,0.00605521518324526
0,0,0.00858714393428585,0.00558921715959481,0.0127479863624055,0.00719204499709493,0.0100421578554926,0.00558701304087913
0,0,-0.010529839841178,0.00607859768696939,-0.00175624192061832,0.00772667409825976,-0.00138101566842404,0.00608658263319368
0,0,-0.00501471738062472,0.00599182789924111,-0.00227108161804351,0.00803254291802563,-0.00174329174683021,0.00599347796713353
0,0,0.00320572175302553,0.00590126023141215,-0.00596468538417647,0.00692936381341536,-0.00504642178515713,0.00590010463619051
0,0,0.00778874944514274,0.0061798087298874,0.00347173783187637,0.00813653727124005,0.00267332303381747,0.00618365135669636
0,0,-0.00384620199419594,0.00619900308082003,-0.00854957067477619,0.00795595849987895,-0.00670420257197118,0.00619684521953778
0,0,0.0038360142251529,0.00636455872734761,-0.0038997367945225,0.00832602156530137,-0.00298859571648967,0.00636495887429321
0,0,0.00627243450668528,0.0060561601382449,0.00572188083935503,0.00758266950136061,0.00463424395874459,0.00605747620730304
0,0,0.00130365274718303,0.0059402172504525,-0.000347910487552572,0.00812931994294581,-0.000256979597930827,0.0059403404917364
0,0,-0.00805386375343117,0.00620158534966518,-0.00468881601444596,0.00757019325825393,-0.0038276720631892,0.00620517497186204
0,0,0.00138023591076233,0.0058558697059995,0.00453724708254091,0.00684944314661064,0.00387783590710277,0.00585486112819433
0,0,-0.0032935166760278,0.00605329420010606,-0.000258277986364769,0.00759620302219077,-0.000202275193412378,0.00605409061459581
0,0,0.00206920707463069,0.0061780195752066,-0.00597788583319536,0.00765331606171993,-0.00490499301229414,0.00617659837597159
0,0,-0.00276860287460496,0.0059907187758393,-0.00715181210754531,0.0065597196320274,-0.00662029145516642,0.0059880177688838
0,0,2.88498787407787e-05,0.00603401459102432,-0.00445116943398747,0.0077527996472844,-0.00353761795415982,0.00603308849318149
0,0,0.00292289825605183,0.0060387419080185,0.00362602101476692,0.00745174142303902,0.00298411882291993,0.00603871517364716
0,0,0.00864331153938662,0.00614723390008317,0.00768680603237254,0.00773599486979573,0.00616446621199034,0.00614988752628329
0,0,0.00113316924375191,0.00607878673522282,0.0115565449888878,0.00761994892694018,0.00933770803977868,0.00607248294865399
0,0,0.00261743453868461,0.00618049067782787,-0.00512243376833874,0.00758305009893577,-0.00424637572586924,0.00617968768950742
0,0,0.00181483016595451,0.0062969834141234,0.00393699158625469,0.00892113614212643,0.00289831607656207,0.00629662523675018
0,0,0.00111206458156952,0.0057732719857075,-0.00152062950145824,0.0070349614342418,-0.00122222570549094,0.00577325189279961
0,0,0.00234544656976572,0.00619812776285596,0.00623301317454482,0.007605484067201,0.00499114021970326,0.00619673862602119
0,0,0.0145184215350829,0.00635179072865657,0.015251855483808,0.00768954877763879,0.0127503255771093,0.00635513643456597
0,0,-0.011104814663142,0.00623527229530098,-0.00887646397079212,0.00753363060662485,-0.00734785496169575,0.00624019470329627
0,0,-0.0105376072702394,0.00593845213650713,-0.00698944514813058,0.00856947598136007,-0.00477116649410192,0.00594511196471099
0,0,0.0091835057292843,0.00612914494826953,0.0069060802938287,0.00716617709085225,0.00581082219865264,0.00613281410795644
0,0,-0.00757012461751382,0.00599290833927779,-0.0233020353256538,0.0083661770106603,-0.0169605186326352,0.00597567594398083
0,0,0.00549156012292228,0.00609395752028423,0.000991042122064366,0.00741485426304208,0.000800417891078718,0.0060961145402622
0,0,0.00395073670627411,0.00614456772223696,0.0100762887054061,0.0078828481595894,0.0078507381199397,0.00614123672612317
0,0,-0.00402893298475503,0.00629123695336386,-0.00125761620536371,0.00775178230216073,-0.00106153015206169,0.00629229753308305
0,0,0.00722142968658251,0.00604137255399823,0.00621554990536599,0.00749705311815781,0.00510088133436903,0.00604330305880545
0,0,-0.00072849488067603,0.00583733401778472,-0.00311425498689361,0.00739367721637087,-0.00240271554360533,0.0058369298710467
0,0,0.00497646720572121,0.00619967626620202,0.00621523212686179,0.00774404787600827,0.00496792124186752,0.00619968234570313
0,0,0.00632366155538206,0.00636776770890211,0.00443571327118433,0.00857689258835843,0.00342110330503198,0.00636972327455737
0,0,-0.00246071377913147,0.00587806574585104,-0.00659279205959293,0.00739919113219204,-0.00518657369823346,0.00587647210476615
0,0,0.0120827667634775,0.00597970475025572,0.0126804679729225,0.0074447187069004,0.0100119869620895,0.00598312892001991
0,0,0.00570356203319519,0.00622033314472317,0.0103533677742814,0.00798668183517552,0.00810472408519973,0.00621797041796909
0,0,0.00539278572323005,0.00624626114380418,0.00337565473088723,0.00767595412534057,0.00268492519148853,0.00624781089847529
0,0,0.0120915078936065,0.00625644963481087,0.00296014498231283,0.00715035426779696,0.00262935789133569,0.00626629220918311
0,0,0.00751119289466668,0.00626928306320152,0.00739314159283066,0.00762983650201586,0.00603020013713591,0.00627069754073309
0,0,-0.00624095192957212,0.00600657317205277,-0.00281959234780601,0.00725813810853905,-0.00234906377006758,0.00600906060447381
0,0,-0.00170036812443445,0.00613272962620311,-0.00208665569251796,0.00800637088601002,-0.001623147169122,0.00613274823631662
0,0,0.00181061899382766,0.00622826328941627,0.00626687410219491,0.00820603341081661,0.00465605418745541,0.00622695447774308
0,0,-0.00175832242842626,0.00584520361663926,-0.00155163275689607,0.00755933171775694,-0.00120711984186461,0.00584532941393991
0,0,0.00730104887822586,0.00611703784976057,0.014149241901957,0.0083834965942164,0.0108644924524523,0.00611232511364591
0,0,0.00384892818407055,0.00600736201393604,0.00528058918832911,0.00805924244866514,0.00396050372643536,0.00600729717768416
0,0,0.00119129424619301,0.00616025586253247,0.00176798387920257,0.00780781890631804,0.00138025538541315,0.0061602208241337
0,0,0.00236935247069992,0.00610848503985661,-0.00496157572177609,0.00720416683749951,-0.00404357573557421,0.00610770253168188
0,0,-0.0104284470616819,0.00617893249013619,-0.0072886308602397,0.00737582472982186,-0.00610288010142799,0.00618406776427722
0,0,-0.00401046178617588,0.00634631499849711,-0.00970207503174248,0.00786192440201542,-0.00744654508972797,0.00634358008434935
0,0,0.0049899532356318,0.00601048071613129,0.00388399649047175,0.00730161000158876,0.0031644388274311,0.006011587537099
0,0,-0.00397879206125312,0.00613409418311184,-0.00652533042375167,0.00743506556087297,-0.00549586286356017,0.00613305199911357
0,0,0.00394054996340694,0.00596537308877434,-0.00177127545639022,0.00709256673668219,-0.00145212566945437,0.00596638019727874
0,0,0.00699699630525965,0.00607728190337415,0.00855773782785725,0.00821029872790694,0.00634887722417807,0.00607791634480524
0,0,0.00191841741617876,0.00616441788887667,0.0038402781846031,0.00735635698905159,0.00322923640436627,0.00616393171763944
0,0,0.00352908907392151,0.00618296168132654,-0.000543331841452187,0.00770272292757187,-0.000439670292888779,0.0061838416503642
0,0,0.00326124357501713,0.00587861782298531,-0.00200624628823706,0.00737828589419222,-0.00159027760497793,0.00587923734752521
0,0,-0.00685887262790888,0.00599218079498018,-0.00697300236676049,0.00759398236211588,-0.00540531895518452,0.00599351136394851
0,0,-0.00457896813793902,0.00605203967502158,-0.00654018735330525,0.00773595374191437,-0.00527086542470938,0.00605153717968786
0,0,-0.0030886676060082,0.0059268301335325,-0.000632373810018465,0.00719168768504716,-0.000510958245354186,0.00592753211612709
0,0,0.00253556188807749,0.00617089638215871,0.00540531920328158,0.00732341836687016,0.00465420940631921,0.00616980021648123
0,0,-0.00942610000935986,0.00562670343993835,-0.00584500699983007,0.00719465978883701,-0.004551734354588,0.00563219396514392
0,0,-0.000497758473040183,0.00627258628371244,0.00426334288286747,0.00807913675907454,0.00340954162526545,0.00627178431673791
0,0,-0.00226190338491916,0.00627830252400532,-0.00127928446552825,0.00789831775244261,-0.00100801754597844,0.00627859116784357
0,0,0.00360165807224407,0.00600769500161179,0.00792176681875594,0.00711235293221109,0.00681506413541096,0.00600520368741936
0,0,-0.00750126141729735,0.00576554062489974,-0.00631531895824865,0.00756040728183643,-0.00485407358095172,0.00576810010639346
0,0,0.00980545834977011,0.00612360755267929,0.00628094398460531,0.00728436757823548,0.00537171221560966,0.00612849485013423
0,0,0.00518891600435486,0.00580762666987738,0.00349962962383458,0.00682016240319549,0.0028994520423303,0.00580906302929092
0,0,0.000678322474924847,0.00597728753348667,-0.00219281841075174,0.00755185297847473,-0.00172351880576715,0.00597709957630574
0,0,-0.00251967067738051,0.00607668876540291,-0.00238353879212505,0.00803159526905316,-0.00186970548250652,0.00607689802724748
0,0,0.00318778543428197,0.00630792568516205,0.00189930408992217,0.0084551626821812,0.00143661383366671,0.00630849238212956
0,0,0.000509361781500913,0.00587916345886726,-0.001847794798205,0.00669816418180878,-0.00157164132799294,0.00587899453056495
0,0,0.00120872120094175,0.00594491271784766,0.000664658267351741,0.00702490309000684,0.000557696921106527,0.00594499939662324
0,0,0.00309219925929707,0.00615910614648128,0.00185357430555569,0.00792637982479759,0.00143771779140358,0.00615964666688103
0,0,-0.0114942406935457,0.00629036743305934,-0.0121660905220567,0.00766373076350702,-0.00968079047640566,0.00629306464793957
0,0,-0.00910834893296215,0.00608900072778147,-0.010949315987514,0.00763895550352225,-0.00864659612761544,0.00608960070001424
0,0,0.00986088798558094,0.00614271937205804,0.0115090611512154,0.00727108519414513,0.0095659134828587,0.00614313418049053
0,0,0.00457224429844085,0.00597758044634388,0.00638360919717238,0.00748995676596502,0.00520154597493276,0.00597711991370469
0,0,-0.00459157737620123,0.00613728601345291,-0.00958583044050776,0.00870012722381844,-0.00707113452796569,0.00613519029583688
0,0,-0.00835277359201727,0.00619771753235396,-0.00167863311447807,0.00791676995095197,-0.0012949835128897,0.0062025883303886
0,0,0.00880264933528288,0.00596522735804532,0.00516470527975303,0.00788149045454246,0.00393691734577537,0.0059698785038121
0,0,-0.00422598621952374,0.00607633539903333,-0.000549626174013753,0.00766472382869782,-0.000440514081160583,0.00607763108043881
0,0,-0.0035473900174496,0.00598492733265005,-0.010574200686547,0.00779464242775707,-0.00810005298652948,0.00598096130717532
0,0,-0.0129692552915394,0.00601436063801958,-0.0126368775480756,0.00669862062320694,-0.0111620306353098,0.00601760147774187
0,0,-0.00937970417304688,0.00600116113578569,-0.00636689043384457,0.00709770600617284,-0.00523353643049167,0.00600567389925832
0,0,0.000514053865895163,0.00631529419982001,0.00435113208129075,0.00800444042881221,0.00339855536591419,0.00631450548687428
0,0,-0.00540407830703817,0.00611265381314811,-0.011607107299167,0.00784143072454361,-0.00895943954777894,0.00610893336928344
0,0,-0.000883814576815639,0.00600756298481541,-0.000118167976937442,0.00714875813809133,-9.692344028787e-05,0.0060076204030194
0,0,-0.010661829915773,0.00605812957497625,-0.0105578802371784,0.00746529021632194,-0.00852700487907113,0.00606114593001447
0,0,-0.00144754910692869,0.00623442727283376,-0.00231912333052528,0.00771221617565682,-0.00185374311951201,0.00623433202539225
0,0,-0.00120297965340612,0.00591120506821607,-0.0105809787801439,0.00773874423088575,-0.00834263486210977,0.00590602845088562
0,0,0.00334833608010477,0.00606210336050485,0.0110050272960971,0.00711276908843092,0.00917735680751698,0.00605672790742582
0,0,0.0133224555469614,0.00629950423688269,0.013623097398246,0.0076275117138136,0.0111509919091091,0.00630323031347543
0,0,0.00786203697042555,0.00596400784243588,0.0109939268433705,0.00725970477801625,0.0091831585693371,0.00596231646563013
0,0,-0.00317718884677395,0.00591595503541209,-0.00600489553246774,0.007308790623598,-0.00478192282223716,0.00591498635356072
0,0,-0.00357763446778784,0.00623174430505642,-0.000161691980597188,0.00794103030667776,-0.000127070730143624,0.00623265270564362
0,0,-0.000725133020115153,0.00608286883012248,-0.00167556203014585,0.00732569574871707,-0.00139186808228866,0.0060827654282516
0,0,0.0131353079868902,0.00616249873603896,0.00879307042459209,0.0074763321251042,0.0073055868012424,0.00617108345914502
0,0,-0.00326593239805688,0.00613891337484144,-0.00891754765646435,0.00712127578909786,-0.00771020842585899,0.00613537887110208
0,0,0.00593756263053951,0.00618212487915905,0.00832113421098792,0.00791291616669194,0.00648038145570358,0.00618164089910537
0,0,-0.0021219468770448,0.00618980182444236,-0.00476104727009995,0.00824325611842388,-0.00371970096533228,0.00618913278760216
0,0,0.00536661563627991,0.00611297290765101,-0.0036215491294506,0.00711482865184339,-0.00297874864728931,0.00611442364567616
0,0,0.00548042703429078,0.00582893935619439,-0.000303547583468467,0.00768274837920885,-0.000234874087569442,0.00583125411526665
0,0,-0.00340203722915437,0.00608174659675693,0.00283856521899979,0.00744818374007127,0.00236418413402644,0.00608218509619107
0,0,0.010064120685972,0.00604542798908709,0.00773007502647032,0.00722130633761815,0.00651162164126762,0.00604977428923874
0,0,-0.0050448679932805,0.00637486131725207,0.0018874425187225,0.00824744941812093,0.00146152940812917,0.00637647094930998
0,0,-0.00641073121304346,0.00601485819917291,-0.0130355014681057,0.00746405638215302,-0.0106644152545037,0.00600945779644742
0,0,-0.00634432661006845,0.00620846914399205,-0.00298924451944349,0.00718637317288322,-0.00256701857048311,0.00621087224053326
0,0,-0.00150893521360429,0.00571512640863742,0.000143936916360807,0.00768648323876214,0.000111625664279012,0.00571530553760932
0,0,-0.00197325735531067,0.00578669900032517,0.00035804264254341,0.00756118653848454,0.000271709488201711,0.00578699662398528
0,0,0.00278912117100839,0.00602980861321592,0.00726696464454084,0.00772921489516516,0.0057181661020747,0.00602796265631597
0,0,0.000393139881578533,0.00608390379517732,0.00183994289608805,0.00741173406088862,0.00151487648187121,0.00608374703450711
0,0,-0.00447129296885624,0.00624066554166819,-0.00902275056858012,0.00786484547444804,-0.00722343478668967,0.00623838152596497
0,0,0.00461046723612769,0.00599918436420524,0.0141198080653814,0.00810186412670345,0.0108014808280599,0.00599206589486699
0,0,0.0095224451547649,0.00618464414536342,0.00449483304907482,0.0079579170714457,0.00338137112702067,0.00619032757805764
0,0,-0.00779826891546672,0.00605020634354295,-0.00965423908949195,0.00747164067159567,-0.00769144104089124,0.00605032840626235
0,0,0.000888832145860144,0.00608088641184162,0.00301818264404633,0.00739748786467262,0.00247896816464713,0.00608049392248475
0,0,0.0146558147567278,0.006066296413709,0.0132476075393639,0.00737032509364687,0.0108641910724151,0.00607340829095507
0,0,-0.00464784648916718,0.00608676662002504,-0.00678504266256551,0.00733886188498596,-0.00552417773720329,0.00608611402001172
0,0,-0.00051501941853682,0.00637810417448477,0.00191239285282881,0.00775307728197567,0.00156535408348366,0.00637795339538821
0,0,-0.00743611145999226,0.00591137572714522,-0.00223133968819319,0.0075095712596192,-0.00177554217840667,0.00591533233819685
0,0,0.000512344773724128,0.00603904331194686,-0.00379201976705218,0.00670399222382214,-0.00337369052000812,0.00603822128623937
0,0,-0.00378716379692325,0.00629640599452736,-0.0119957025833058,0.0075883729274847,-0.0100106733704275,0.00629037770921167
0,0,0.00369209289567974,0.00597456543523437,-0.00602209785755994,0.0084754998698618,-0.00434322489034697,0.00597417345288027
0,0,0.000763378220640238,0.00627778819055017,-0.00350340518935703,0.00781533891616867,-0.00284791513422316,0.00627725813368084
0,0,0.00386226885856221,0.00612070388543513,0.0055058807615015,0.0082365985491374,0.00401532141640025,0.00612061623714201
0,0,-0.0109323175904017,0.00605076129316106,-0.00950133853415627,0.0080633756928067,-0.00735150539805983,0.0060555884031177
0,0,0.00318060050624227,0.00592268778879417,-0.000748823044205931,0.00742157506127025,-0.000606853000944895,0.00592342590031102
0,0,-0.000126023165061805,0.00587058021755053,0.000545416660842438,0.00729364311404272,0.000446784477326275,0.00587056615211983
0,0,0.00202632608031207,0.00626066325067209,-0.00143377959112923,0.00732566117937447,-0.0012051244924814,0.00626085073518141
0,0,0.00753397529139493,0.00616136990183818,0.00526496402790125,0.00780332444687002,0.00422748286195848,0.00616417300786316
0,0,-0.0147435917817126,0.00591673917657525,-0.0121595891664767,0.00743243997974492,-0.00985206138038502,0.00592585749453121
0,0,0.00768127749536394,0.00589252982495781,0.00469462205481229,0.00729566736387919,0.00370491932739746,0.00589597914012376
0,0,-0.00203722868887076,0.00612880716707051,0.00251474889448371,0.00780325870007271,0.0020104185213406,0.00612881504240788
0,0,-0.00366491097859801,0.00618080776618898,-0.00309461397797621,0.007627026691473,-0.00249361831069234,0.0061813257191509
0,0,-0.00054934878036613,0.00616577875972915,-0.00158523260249355,0.00776475851035367,-0.00125867920484172,0.00616568638714277
0,0,-0.00171022914934778,0.00612091830524024,5.77573346753845e-05,0.00806426869528143,4.5123262702947e-05,0.00612113075703017
0,0,0.00521400435418815,0.00592342182424279,0.006569199085741,0.0072621528490338,0.00545859439603627,0.00592322415872717
0,0,0.00368568954306636,0.00597065208441405,-0.0014797596968127,0.00715288108830334,-0.00118892193766957,0.00597156449889366
0,0,-0.00561056779484288,0.00618975839942025,-0.00811638200393676,0.0074522280861434,-0.0065658339012211,0.00618892451628352
0,0,-0.00699710101272754,0.00594315799575586,-0.00112982789105372,0.00780535332003477,-0.000864478733413303,0.00594679224663204
0,0,0.0037750328279538,0.00612185375715606,0.00103576010726833,0.0079569257601046,0.000789915128239145,0.00612284400427206
0,0,-0.000925110118271166,0.00609599535033919,-0.00131444759965922,0.00753324851819009,-0.0010384327996876,0.00609597909344928
0,0,0.00663047394570678,0.00606508806515597,0.0063591488339173,0.00732298637589935,0.00510436599232168,0.0060664047874245
0,0,-0.0176544364668166,0.00625531029798195,-0.020159869194202,0.00726715611474675,-0.0172638167085217,0.00625627603096041
0,0,0.00264027459035808,0.00597562822401555,0.0077404474214904,0.00781886845857365,0.00593421850616379,0.00597351225745587
0,0,-0.0023241585091646,0.00626803229634872,-0.00191280436121235,0.00807388443175126,-0.00150011635996531,0.00626825461209221
0,0,0.00569463423189458,0.00598318455924831,0.00625375264614011,0.00749000580052367,0.00501664324000338,0.00598372763694011
0,0,-0.00637597396700148,0.00600553697708112,-0.0159505619352973,0.00814240314762192,-0.0120354285822866,0.00599777226254383
0,0,-1.42034166398757e-05,0.0061400866534726,-0.00181177586874875,0.00718464978480832,-0.00148745871706625,0.00613992646954535
0,0,0.000121235201402823,0.00610913590076633,0.00146575640752533,0.00769883671857236,0.0011954189347997,0.00610903284682132
0,0,-0.00716058378457919,0.00600767016055946,-0.00952894233730428,0.00822836923553033,-0.0072758154565731,0.00600754636795966
0,0,0.00335897720083029,0.00602065974656261,0.0035721281384624,0.00824768722845924,0.0026814249861885,0.0060209634284373
0,0,0.00479452009166768,0.00586009534101302,-0.008246546501974,0.00822710136704039,-0.00606231760507023,0.00585903909586977
0,0,-0.00246823200437317,0.00618965030443984,-0.00434817648155325,0.00741851355621111,-0.00368267371611218,0.00618911484198202
0,0,0.00265662140192667,0.00621111402887841,-0.00225468822560437,0.00703628198084578,-0.00194692553681918,0.00621134718316752
0,0,0.0126913680381523,0.0060851332938956,0.00902768073135028,0.00789704053071358,0.006886809491106,0.00609345065759902
0,0,0.00704444605163288,0.00611388431478759,0.00941703920381398,0.0072753574779726,0.00798379151899496,0.00611285639864979
0,0,0.00125075844589817,0.00628939274157262,0.00141690196546228,0.00759937715895879,0.0011930865173946,0.00628940264175633
0,0,-0.000329729696572341,0.00577924607286217,0.000645609790410509,0.00825162119009519,0.000460821153747077,0.00577923798539255
0,0,0.00663482110945,0.00614814361255553,0.00976255347931955,0.00795858745884376,0.00762940337354232,0.0061471178114083
0,0,0.00715454977002467,0.00621505297733549,0.00777735157741307,0.00809937100597318,0.00593612984342109,0.00621619037606357
0,0,0.000859016471749062,0.00610830561641757,0.00157389032083341,0.00840557652145207,0.00114656592103515,0.00610826358838925
0,0,-0.00409662789727121,0.00593329205597902,-0.00637416045583735,0.00732834457717022,-0.00539318107377961,0.00593236223100651
0,0,0.000216392226104446,0.00597770811786745,0.00291987771054656,0.00704725593986517,0.00252994998176878,0.00597723242213245
0,0,0.00736194576097088,0.00632343902251901,0.00369633115590073,0.00731608250991794,0.0030897535510606,0.00632655346624958
0,0,0.00527342900287703,0.00631930183300526,0.00119821154032052,0.00803187166262506,0.000936994242577991,0.00632118194189116
0,0,-8.91041874175685e-05,0.00592173987767574,0.00166026318249907,0.00712892663600246,0.00135054450976452,0.00592160233089213
0,0,-0.000927098085802521,0.00630875606128567,0.00313533496151893,0.00814915707991927,0.00238360651255965,0.0063084186477312
0,0,-0.00863792934443122,0.00605659203851598,-0.0128035677888956,0.00730233643496446,-0.0104520238817707,0.00605403980490686
0,0,0.0120951097131435,0.00590682674267359,0.0110243179575784,0.00769561807001267,0.00855217421774107,0.00591238348755681
0,0,-0.00109611499641321,0.00610433134412028,0.000967886319897756,0.00743163587989927,0.000783673903385779,0.00610437418050103
0,0,-0.00339853752242458,0.00610603056908017,-0.00791041202954769,0.0075213129123891,-0.00674103525890099,0.00610355866358114
0,0,0.0106918258391326,0.00596543630959,0.0134177288069045,0.00720636262037797,0.0112575563855005,0.00596450382658435
0,0,-0.00977358381762828,0.00601320806164647,-0.0015314571372808,0.0076367032741535,-0.00118597043493886,0.00602019854760935
0,0,-0.00327516304641309,0.00605492820798392,8.02685163831648e-05,0.0075848588453676,6.45503429256046e-05,0.00605571818032902
0,0,0.0028251259206934,0.0061801400130303,0.00916259424460325,0.00718950403767113,0.00776711872650338,0.00617637881776412
0,0,-0.004037627848491,0.00601818005331251,-0.0119718001240521,0.0069899587920415,-0.0102474172610474,0.00601158856743788
0,0,-0.00327043994704603,0.00616496272505473,-0.00113548919035293,0.00725490075000484,-0.000974945882293921,0.00616566470991219
0,0,0.00467163766966069,0.00600400047558902,0.0058949901222307,0.00772263485933719,0.00466264800367311,0.00600400672390889
0,0,0.00409855418766777,0.00603597809192475,0.00754156327836692,0.00774434359955841,0.00589814489907889,0.00603464712220789
0,0,-0.011477360913544,0.00608160666434099,-0.00565051585149184,0.00682060277279286,-0.00507283563242883,0.00608936970436513
0,0,-0.0042545673000309,0.00608059243366056,-0.00521652313324401,0.00730116854952336,-0.00448207044649558,0.00608044674706708
0,0,0.00832370492352943,0.00605328641178276,0.0053011373234525,0.00762768672976287,0.00418677868880024,0.00605710005343526
0,0,-0.0121362823670448,0.00613048980243494,-0.0157731071116688,0.00756519552474602,-0.0125801259132268,0.00612969344007029
0,0,-0.000753799436407545,0.00638833266319597,-0.00370908994629378,0.0080105802739356,-0.00303737247140828,0.00638773645646863
0,0,-0.00664992561726039,0.00624055293070254,-0.00559346477440836,0.00783060018023621,-0.00431849474635522,0.00624236688738037
0,0,-0.00835941923341319,0.00602327567364855,-0.0122466160723569,0.00740241040127951,-0.0103051984291779,0.00602058072724226
0,0,0.00395518325676441,0.00598289967850015,-0.00384927573211241,0.00676739862780498,-0.00336684148632752,0.00598322183622048
0,0,-0.00935108467947869,0.00594960822366346,-0.00243148326697738,0.00654928273111625,-0.00216023288345388,0.00595583837948224
0,0,-0.0123778114336982,0.00630867209988037,-0.0131663553784163,0.00831246685312848,-0.0104000901584459,0.00631182473012846
0,0,-0.00982696637316438,0.00618446106330955,-0.00532375327470725,0.00721492561063874,-0.00444854274104368,0.00618996825807481
0,0,-0.00029021420290574,0.00600885931442471,-0.000771932429640451,0.00797308658980304,-0.000577789475966396,0.00600884074742225
0,0,0.00957262753741117,0.00613712872745426,0.007287126711265,0.00767961576731855,0.00590257297736442,0.00614124260706932
0,0,0.00763956715896113,0.0060855013960726,0.00585374200768462,0.00831184431842262,0.00446808206998893,0.00608831247857141
0,0,-0.00666429102097811,0.00588250283078483,-0.0104712371637002,0.00733125040690938,-0.00859365683760584,0.0058802538536786
0,0,-0.00305801997914579,0.00585737996111906,0.00329151491375614,0.00780506410192467,0.00243605498655434,0.00585764227649827
0,0,-0.00152507096089253,0.00600067347734968,-0.00208511373894517,0.00847236002696179,-0.00149069048884849,0.00600068120263767
0,0,0.0138402908893666,0.00610120146932324,0.0135186174498564,0.00759971599038753,0.0110096857674251,0.00610633534699143
0,0,0.00260285700739823,0.0061742770783487,0.00642358131737435,0.00698586088428596,0.00575146767589268,0.00617238526392971
0,0,0.00208153376934321,0.00623523985379905,0.000780834231078636,0.00775026819677909,0.00061847151760464,0.00623552038074042
0,0,-0.0032490830664954,0.00609767852001352,-0.00465790585423274,0.00804049960676219,-0.0035908644726761,0.00609750777189324
0,0,0.00321588648430994,0.00604888968848609,0.00771300109751223,0.00762959509458943,0.00592972213611121,0.00604705823412593
0,0,-0.00863793594476405,0.00621557722065503,-0.00646399513898722,0.00732214761756118,-0.00529578854474196,0.00621889706219573
0,0,0.00360367800665889,0.00608068074630591,0.00685872275090341,0.00721606953321336,0.00569606679897873,0.00607925429691045
0,0,0.00237567785057779,0.00629186402874262,0.00762613708877579,0.0084085711600508,0.00588679307116217,0.00628982668570263
0,0,-0.00692500563191742,0.00629617460306133,-0.0088993417474788,0.0078342756431296,-0.00694057771875662,0.00629615945439731
0,0,-0.00631380123785869,0.00613796359590754,-0.00710472664352263,0.00830779428071847,-0.00545117040257635,0.00613869876639658
0,0,0.0014326371869663,0.00604782752145924,0.00114348828772369,0.00753320434807593,0.00093322742512065,0.0060479147024068
0,0,0.00589100752698581,0.0061126529579363,0.00799732471952181,0.00714189522988022,0.0065903376498846,0.00611201728855231
0,0,-0.000652065367671394,0.00579439754769042,0.00431646719382364,0.00775789920755903,0.00320974093505377,0.00579362912962854
0,0,-0.00428819955542404,0.00590078949682838,-0.00323383550839283,0.00762067085618364,-0.00253690581162537,0.00590169870769375
0,0,0.00358314352154147,0.00635320172985734,0.00741666304803165,0.00719991758961214,0.00649875134632197,0.0063511626413535
0,0,-0.00772936944256671,0.00638355506931466,-0.00378318285925048,0.00790097693300188,-0.00304495836772128,0.00638703316018328
0,0,0.00354996697790772,0.00605798258499434,0.00721665535749217,0.00807271025459099,0.00543808461133136,0.00605673274894418
0,0,-0.000798106214859196,0.00610622139248368,0.0035829788076192,0.00819597618323806,0.00271539930698749,0.00610573022983919
0,0,0.00192622706339941,0.00616943644377185,0.00588268880020698,0.00714573135620862,0.00506046550038816,0.00616786007629212
0,0,0.00674903614296824,0.00622833359180543,0.00226142884294948,0.00747624808539287,0.00194124952636192,0.00623130424716911
0,0,-0.00466434011255251,0.00617722880565657,-0.00253148350444061,0.00748068667233013,-0.00207121971200131,0.00617848377535859
0,0,-0.0028392239740673,0.00627095929516816,0.0032834090209133,0.00764587902204829,0.0026384515542303,0.00627103683551657
0,0,-0.00392449194040338,0.00598012585129635,-0.00905304997489538,0.00739775971200763,-0.0069752808061757,0.00597763674613726
0,0,0.000148596629062069,0.00584971382954939,0.0037346877952811,0.00657785848497526,0.00331564948809586,0.00584887015919357
0,0,-0.00211156719557065,0.00601432133160302,0.00260468914357187,0.00725900712057772,0.00214821787701627,0.0060143097316834
0,0,0.000131604347561996,0.00632416672764926,0.000722466491160969,0.00778021414281541,0.000591044890496221,0.00632414356860052
0,0,0.00497610577073481,0.00608430140543206,0.0134994989938026,0.00702282416814136,0.0118614892650114,0.00607580097266008
0,0,-0.0107210509722234,0.00615447868774226,-0.00797863477537243,0.00747682172537755,-0.00629731945409401,0.00615991214739389
0,0,-0.00763722339748095,0.00588230256927653,-0.00333833562019779,0.00700566962253076,-0.00277289775202575,0.00588616847610823
0,0,-0.00168386585950227,0.00590963594915472,-0.00162477506935128,0.00774281484060035,-0.00126082398846532,0.0059097305375414
0,0,-0.000853095007018994,0.00571902927478207,-0.0111296663171974,0.00738867550420206,-0.00861311367272833,0.00571321868539683
0,0,-0.00494539813053332,0.00589572611487708,-0.00599512688904857,0.00776580405546688,-0.00442570502088852,0.00589609699456407
0,0,-0.00053436369064215,0.00602061161199057,-0.00735113149222631,0.00730375914557644,-0.00604680048190142,0.00601791877484199
0,0,0.00270734434673328,0.0057711020466097,0.0026922125636124,0.00623600275211833,0.00238367782654725,0.00577123086059764
0,0,-0.00572057921129648,0.00644537073983908,-0.0086914209971217,0.00698275623041162,-0.00772834670618461,0.00644353171090632
0,0,0.00464042693104399,0.00601077413279562,0.00662263302777587,0.00770181335631487,0.00517323503701275,0.0060103853079341
0,0,-0.00511544155170224,0.00592244176666941,-0.00206394639926461,0.0071608949109798,-0.0017714441003727,0.00592418553748048
0,0,-0.000368880177288959,0.00570126924096293,-0.0025351186906419,0.00692168843419125,-0.00202647430593375,0.00570095420366572
0,0,-0.00385661828533231,0.0061954573917958,-0.00845514005773004,0.00784962236295176,-0.00686591778490251,0.0061931465162559
0,0,-0.00675727392279392,0.00622474964752973,-2.61951308165629e-05,0.00782076012702252,-2.12012329394716e-05,0.00622799836541034
0,0,-0.00329298344179142,0.00601972679166412,-0.00648642879664479,0.00796454863827716,-0.0048646973519072,0.00601877508450149
0,0,0.00964548997208688,0.00617776774200602,0.0109568941269636,0.00810219284172424,0.00841663839801496,0.00617936272189109
0,0,-0.000629403582538153,0.00610571578404778,0.00484464601393923,0.009156944666123,0.00327906174962446,0.00610496060215268
0,0,-0.00402170359123283,0.00627465853933188,-0.00723115474997292,0.00782198390689726,-0.00567864258913669,0.00627352593731014
0,0,0.00688638714013996,0.00606388307000085,0.00899488998339288,0.00775261981376297,0.00720692364459813,0.00606355077234541
0,0,0.00200370264792462,0.00567853249341725,0.00829420868805985,0.00711466729505008,0.00676044788672311,0.00567520730381036
0,0,-0.0106306394118129,0.00614378150241607,-0.0094575462906552,0.00749982282073663,-0.00738150845611278,0.00614801514093462
0,0,-0.00348608925341625,0.0060359204268301,0.00162802755506214,0.0076222845645953,0.00128518887536917,0.00603669712660948
0,0,-0.00439347276377912,0.00599651289162453,-0.00586533262215852,0.00722730554116388,-0.00497738851887132,0.00599610479788969
0,0,-0.00267256716401957,0.00609775185564572,0.0011016230595064,0.00812056793975155,0.000875534141140236,0.00609821750532853
0,0,0.00334381384056491,0.00619770324976669,0.00710758337270886,0.0077842746757628,0.00555020398049329,0.00619629869288363
0,0,-0.00653503919941119,0.00606997665911856,-0.0059037526327734,0.00757506475282912,-0.00473071787259752,0.00607146965219413
0,0,0.00725344876187061,0.0059710506415207,0.0155623346899342,0.00774616303647017,0.0121150716129382,0.00596398382779001
0,0,0.0135089399782252,0.00587929887637912,0.0120251479591043,0.00767477715631922,0.00899299651479328,0.00588706125912175
0,0,0.00251189188060118,0.00604804905681517,0.00704654228634884,0.00756101899995659,0.00563339461605035,0.00604617258872812
0,0,0.00871337781014795,0.00623540211757493,0.0108005607776217,0.00825251292544401,0.0078233435442687,0.0062364474732668
0,0,-0.00169815574429686,0.00619610919167697,0.00374272018831387,0.00761320499143412,0.00307406847310947,0.00619563913965142
0,0,0.00885034782144394,0.00627474528770573,0.00679747570442024,0.00740558834921352,0.00572006234378759,0.00627795815505881
0,0,-0.00724609085601337,0.00621075707308168,-0.00922675636412028,0.00811503005652165,-0.00724406846534531,0.00621075916495583
0,0,0.00676706939267532,0.0062620957621043,0.0205481678724071,0.0088680295854152,0.0149729255391764,0.00624947297492874
0,0,0.00208330887049853,0.00607923018997881,0.00425448450025251,0.00732593438557932,0.00352892025815777,0.00607863535165868
0,0,-0.00541963051240561,0.00611803676653658,-0.00562288300665009,0.00755081902421703,-0.00448908994072242,0.00611870739302362
0,0,-0.000746726557411273,0.00592839336871585,0.00306201027982366,0.00721069757600537,0.00256084009159468,0.00592793951403439
0,0,0.000416512754273878,0.00602223400471491,0.008286395112135,0.00751645365517223,0.00661498808918941,0.00601899969815316
0,0,0.00839470861035478,0.00592051232848955,0.0104378174576267,0.00739054765544708,0.0082556361954373,0.00592068779656014
0,0,-0.0144768853791509,0.00589230819667999,-0.00832378401150846,0.00792320633995206,-0.00634913601779869,0.00590519600392091
0,0,0.00766944373132522,0.005937091041505,0.00641675742986657,0.00716138960304606,0.00535458580120597,0.00593936702078677
0,0,0.013599259730345,0.00622496543467683,0.00402234555299567,0.00758733304118885,0.00323105504318051,0.00623737252109627
0,0,0.000710372646975349,0.00608662554099397,-0.00040641995201594,0.00721896567179502,-0.000333579137611784,0.00608665433457243
0,0,-0.00849849292796591,0.00605818225734616,-0.00841618988600752,0.00809645268824218,-0.00639963517673319,0.00606048451626106
0,0,0.00767852171702758,0.00644629054388646,0.00392660063107765,0.00826708204568637,0.00300812962314145,0.00644968723635363
0,0,-0.00213372628214131,0.0061316525029626,-0.00197970339361712,0.00832089861494262,-0.00149988300066262,0.00613181954521503
0,0,-0.0169718367797253,0.00610979459035318,-0.0240553977916025,0.00755057417942675,-0.019850528796248,0.00610205611791608
0,0,0.00121695397807331,0.00600148991724476,-0.00522523064021104,0.00702306244257284,-0.00442051707016452,0.00600014429176886
0,0,0.00291746275199701,0.00579108645893667,0.00149416321772989,0.00705502465873423,0.00123178480064476,0.00579163089690434
0,0,-0.00449581233942641,0.0061746351496345,-0.00520558132367428,0.007723124554139,-0.00415161291587836,0.00617484915193737
0,0,-0.0053914374155644,0.0059874747099499,-0.00636078795110264,0.00692702277637965,-0.00564238426482653,0.00598726781258061
0,0,0.00504819242314224,0.0062696340219261,0.0101770032775912,0.00791690648613849,0.00816616610607604,0.00626672694495856
0,0,-0.00426092588637838,0.00640928629291268,-0.00355664442484744,0.00792550506968726,-0.00285169744057005,0.00640997361310284
0,0,-0.00419210290374148,0.00609158052279785,-0.00469059458072759,0.00773881014171783,-0.00381461229968133,0.00609180155109687
0,0,0.00185956689924007,0.00611127659548001,0.00338295744732885,0.00763796798810143,0.00280238532422142,0.00611095645725294
0,0,-0.00359242524604978,0.00587174483174471,0.000761807136467412,0.00709659696206829,0.000627231697413504,0.00587270236261793
0,0,-0.00246317906651079,0.00635398770701114,-0.008821783121996,0.00749418549051026,-0.00758429963740779,0.00635041833237032
0,0,-0.00172073381866193,0.00610677633492963,-0.0030358886118696,0.00770303546486429,-0.00241511144427756,0.00610656697434689
0,0,-0.00470871475946733,0.00628290644481433,0.00681607658515052,0.00802709570189458,0.00540066023703054,0.00628241436987148
0,0,-0.00620345241291416,0.00595314006550151,-0.00341461302654863,0.00681287851135956,-0.00298196088953196,0.00595536632223499
0,0,4.1860337063755e-05,0.00599513719432253,0.00475124119650411,0.00709631022562926,0.00400281596159905,0.00599394196745653
0,0,0.000386260294659711,0.00586572856488658,-0.00266159018491847,0.00739295142620913,-0.00216394023984505,0.00586538114838442
0,0,-0.00643839184745812,0.00616197523183737,-0.00453971036244637,0.00736368677522201,-0.00377303714096485,0.00616393687747098
0,0,-0.0105510646682869,0.00604524549815154,-0.0141017121956234,0.00740642381297905,-0.0113618255511094,0.00604393313853618
0,0,-0.00762102627171966,0.00633369696609906,-0.00658477735606116,0.00836330439774615,-0.00507335418209708,0.00633594838809907
0,0,-0.000485345229239751,0.00609223106532235,0.00141995895000149,0.00754916084377438,0.00118125027248708,0.00609214626481531
0,0,-0.00540346749210364,0.00599006812350329,-0.00601954983080195,0.00729255147400159,-0.00518054608205405,0.00599024431910869
0,0,0.00470967864401621,0.00616170435535816,0.0090417333320574,0.00732476008384758,0.00746621254615582,0.00615928399969861
0,0,0.00335269335802859,0.00624052991786492,-0.00380171187307729,0.00753043058001714,-0.00319289357762192,0.00624060412224197
0,0,0.00695907108467453,0.00627187146746344,0.0110334558175431,0.00789225175029722,0.00860838356700763,0.00627006079773144
0,0,-0.0045344662496303,0.00613416631582407,0.00215314911316021,0.00743487616896803,0.00179895732762781,0.00613542212989211
0,0,0.00663084449177636,0.00613741322707179,0.0216916735333445,0.00884123159771652,0.0151498003637658,0.00612394612464258
0,0,-0.00402605903187955,0.00634556881062172,-0.00173292244486096,0.00818624970757168,-0.00134129250593914,0.00634656957844001
0,0,-0.00634734170841106,0.00628198969578327,-0.00916786154506722,0.00803659594847706,-0.00747730821870615,0.00628089044026043
0,0,0.00204846963319464,0.00618309031510396,0.00278041699014721,0.00760306468316852,0.00229359246898493,0.00618301392380073
0,0,0.00107703087769199,0.00625972336773163,-0.000460636043550719,0.0088760970559093,-0.000335121348908794,0.00625979740229324
0,0,-0.00311554210424659,0.00610584910199072,-0.000195378575463325,0.00765485774874989,-0.000155729645080188,0.006106555026515
0,0,-0.000752421676932241,0.00623110018810257,0.00103208891692241,0.00741295618320796,0.000885279484317443,0.0062310847233369
0,0,-0.0139185634076231,0.00613250133709857,-0.0105633636333769,0.00749943366999005,-0.00871613248165042,0.00614103734345361
0,0,-0.00661595807649803,0.00628730181060252,-0.00587411363645256,0.00724376350244829,-0.00495949562761202,0.00628864923117262
0,0,-0.00177452329151217,0.00583544249855782,0.00242235076635949,0.00697991969327782,0.00200425283667547,0.00583537555017494
0,0,-0.0030562128498758,0.00603960701647636,-0.00798710049004298,0.00728538130990112,-0.00658485236670289,0.00603709166211748
0,0,0.0157941089565573,0.00602595872571395,0.00956850724778606,0.00770278811749353,0.00771313413192658,0.0060400262921436
0,0,-0.00138886529336806,0.00632705853285934,-0.00248151762399051,0.00772289965407185,-0.0020471203470317,0.00632690085614661
0,0,0.00758209203028775,0.00594685319613737,0.00610980666310063,0.0076411912096504,0.00467614122822786,0.0059495367364594
0,0,-0.00155796413095317,0.00600509529324571,-0.0103869461170778,0.00720097167864478,-0.0087507100710525,0.00599957178893888
0,0,-0.00962467037688236,0.00600795904227968,-0.0162594160194167,0.00783474221647429,-0.012598425040549,0.00600303772073562
0,0,-0.00125315981978935,0.00618803086102711,0.000846152192663651,0.00837426485487351,0.000627692483017127,0.00618811520883198
0,0,0.00162359723113193,0.00610178982000998,-0.00504081720848269,0.00731347972334003,-0.00424822117283729,0.00610066503715431
0,0,0.0074985582017212,0.00611330926570684,0.000860530290411171,0.00697539094936721,0.000763191433382425,0.0061173590975535
0,0,-0.00177596076318862,0.00605312133587312,0.00250849694064971,0.00733553196908138,0.00205696836936563,0.00605304194670085
0,0,0.00173188562460738,0.00615209706542606,-0.00544338823610779,0.00794351349991731,-0.00422594935460311,0.00615102367989748
0,0,-0.00646327687628544,0.00616968693426531,-0.0056910648111476,0.00742639863077226,-0.00470488655739458,0.00617110020289354
0,0,-0.00739230909725945,0.00609160358852645,-0.00496778593642624,0.00690194707702936,-0.00428713391362839,0.00609425525264192
0,0,0.0181054471845335,0.00645916788112096,0.0148977008312822,0.00805039018038087,0.0121895539596018,0.00647133260218956
0,0,-0.00987046855642095,0.00621976693095996,-0.0136146990069865,0.00746284870229598,-0.011461224915561,0.00621734790442234
0,0,0.00252380081913833,0.00616867375916958,0.00388053320632726,0.00748567394701075,0.00316693929186907,0.00616841029237423
0,0,-0.00649415002950601,0.00620886006295178,-0.00432171170507796,0.0074598162130301,-0.0035690474880073,0.00621096145988471
0,0,-0.00244499483596905,0.00607720311062862,0.00159012240037479,0.00777707065076754,0.00125055638380425,0.00607752684387351
0,0,-0.0054153696674963,0.00614319122236628,-0.00371129521247262,0.00743009983306082,-0.00309813717421077,0.00614461857421994
0,0,-0.00999444640967082,0.00614926103976542,-0.0141409796786947,0.00782909329913846,-0.0110801313108207,0.00614760655026642
0,0,0.00256545166955558,0.00579210988738544,-0.000875151713425402,0.00683297033475741,-0.000705631141380536,0.00579258333736172
0,0,-0.00343065044026849,0.006204356132313,-0.00385034051371527,0.00711595388458845,-0.00336886505327041,0.00620438615552315
0,0,0.0109400768185173,0.00594875236820761,0.0105650548594282,0.00755986624281722,0.00843607171324792,0.00595240637246008
0,0,0.00571143147504528,0.00604117240881968,0.00467990168139614,0.00771645153324894,0.00363663087696185,0.00604260539669818
0,0,0.00233939965989037,0.00613642186319865,0.00667618703484082,0.007128450300635,0.005837211342064,0.00613434896100579
0,0,-0.00586478025164044,0.00606117500152756,0.00119823953142906,0.00738499963869977,0.00098418893435825,0.00606363423481009
0,0,0.00319804394595156,0.00606078699565068,-0.00106456870143559,0.00743970020323537,-0.000845662283781005,0.00606148697122483
0,0,0.00109225128091856,0.00572151308422633,-0.0062552180203948,0.00749250870888778,-0.00473922517812153,0.00571983261051582
0,0,0.00484782529981166,0.00604467638724769,-0.000575521824949333,0.00747527440037107,-0.000462199711833896,0.00604639559544983
0,0,0.00735864094968541,0.00600237175225,0.00852631513034557,0.00741861904718731,0.00690426439372847,0.00600285451571417
0,0,-0.000563054744112038,0.0063132392751704,0.00247478115247043,0.00730082498350132,0.00210367243279203,0.00631295206024186
0,0,-0.00837251980513906,0.00601321474360052,-0.00500998862986883,0.00728794735230396,-0.00414529397184867,0.00601714621157403
0,0,0.00503616548263804,0.00593989819828362,0.000170987584004382,0.00730598655594571,0.000140473223059992,0.0059418101349054
0,0,-0.00969549452326166,0.00597209046973972,-0.00870627406202462,0.0075147996603439,-0.00723145197123422,0.00597521638608541
0,0,-0.000924904467715993,0.00602750971625185,-0.00182998973870521,0.00745819174937155,-0.00151092128837977,0.00602740394721456
0,0,0.000370560958330443,0.00620520852791627,-0.00486211741384161,0.00768321125332134,-0.00392130731139316,0.00620411952921741
0,0,-0.00536177161434451,0.00623387285775873,-0.00751391959308377,0.00706408289732031,-0.0063959280443573,0.0062330089255777
0,0,-0.00803742596191952,0.00598025707140742,-0.0102005069881805,0.00762992219052179,-0.00809907513375771,0.00598018261825725
0,0,-0.0047738273257569,0.00633198248101524,-0.00289396242396284,0.00740418318833294,-0.00246680951240742,0.00633314575275599
0,0,-0.000540330483281569,0.00620474483440058,0.000626429735876007,0.00742923068793196,0.000516629190110081,0.00620474662448014
0,0,-0.0176491373021274,0.00590561329156352,-0.0148310576510578,0.00779383986354835,-0.0115998328857352,0.00591905160367132
0,0,0.00204019032892555,0.00583060856309608,-0.00268033929497837,0.0076380126837888,-0.00208050583131403,0.00583059573817509
0,0,-0.0103034267107863,0.0061463327197557,-0.0099159305887333,0.00770505298969724,-0.00777247549130892,0.00614964082235914
0,0,0.00152581929637002,0.0062317443018726,-0.00581794679354045,0.00749736957173568,-0.00481047250718256,0.00623026494204026
0,0,-0.00212019949172012,0.00617114544319078,0.006059478315398,0.00764611981582516,0.0049376783660605,0.00616971447282523
0,0,0.00580430334869937,0.00604197229307656,0.00681079920535337,0.00750896713001107,0.00555108060491646,0.00604218473842183
0,0,0.00365222577914765,0.00617537343357372,0.00418297785995184,0.00706987587909863,0.00357672304637133,0.00617541267027732
0,0,-0.010250243476922,0.00594579429008044,-0.0070893560715975,0.0074309484807286,-0.00581252969934361,0.00595116453299121
0,0,-0.00186533497021458,0.00584605309932283,-0.0021886894884735,0.00747668579195606,-0.00172607530525322,0.00584609158410292
0,0,0.00473285916494296,0.00631272934258055,0.00570889583108834,0.00797114892231877,0.00457369549522274,0.00631283291062261
0,0,0.00245772201308616,0.00580387916336875,0.00438441430065955,0.00709968308604216,0.00355976125059179,0.00580336429102551
0,0,0.0093791663174286,0.00596353150554959,0.00703314335283722,0.00781973950065836,0.00536854857257877,0.00596797141999705
0,0,0.00460029170593275,0.00631300068724201,0.00882855787758721,0.00794341847975003,0.00703090385616544,0.00631102361454442
0,0,-0.00422087352224943,0.0062714004269464,-0.00301756269404851,0.0080459283528866,-0.00235123354591794,0.0062722666377437
0,0,0.000330120036434801,0.00629340272269439,-0.00872782195367776,0.00771414742056482,-0.00729281623895089,0.00628967572749987
0,0,0.00528928231652897,0.00597827510134178,0.00712160172307138,0.00752811972909201,0.00572011063341635,0.00597792000262349
0,0,-0.00223585417860068,0.00605758329401286,-0.00237677355184142,0.00770408396888799,-0.00187634205241851,0.00605769216032865
0,0,-0.00643490358890305,0.00610637554098158,-0.00491427919537615,0.00689219202061199,-0.00426069215051504,0.00610807079154398
0,0,0.00606732297355542,0.00611156713023859,0.00968926941426481,0.00748567144162888,0.00800979197693324,0.00610957493987569
0,0,-0.00312440206535472,0.00605580411990861,-0.00963310423905101,0.00718290953978567,-0.00780869241674741,0.0060520294761333
0,0,-0.011323993655599,0.00607584939005218,-0.0118116477255824,0.00756276321152755,-0.0097631233518245,0.00607826446730543
0,0,-0.00423273624188644,0.0061402085137817,-0.00488558844513466,0.00764433327287441,-0.00391382263888272,0.00614039662512116
0,0,-0.00596965056803217,0.00592591401079767,-0.00325032437791086,0.00671271004780272,-0.00278002300927379,0.00592802561691095
0,0,0.00206820252407954,0.0060695666550374,0.00555429449851832,0.00696739337750771,0.00495312049358116,0.0060680784040993
0,0,0.00182459026057912,0.00625099986247736,0.0029542547820334,0.007724777840174,0.00242557497501823,0.00625081903891045
0,0,-0.00595855709086887,0.00594176185773371,-0.00887834074023398,0.00730602884710692,-0.0075384701374645,0.00594015296424931
0,0,0.00385918655920861,0.0061444718549861,0.00133399521848215,0.00756932560993781,0.00107874295999618,0.00614546496872471
0,0,0.0049336890823826,0.00611162290680999,0.00574355769673692,0.0073270258542514,0.00475865464187081,0.00611174646526662
0,0,-0.00843347881784013,0.00602117697802,-0.00825013490750517,0.00770383936972066,-0.00660388143525907,0.00602321820316309
0,0,0.00690984316208612,0.00620382532262645,0.00917380143630121,0.00727039811066681,0.00771632078635048,0.00620298204533888
0,0,0.00837644205451705,0.00604528343336085,0.012930825512964,0.0073022198398527,0.0104585266856473,0.00604238647726739
0,0,-0.00660523313663787,0.00587726356142252,0.00213313864517397,0.00743681348992696,0.00170140094832424,0.00588037678345719
0,0,0.000597173787886324,0.00628735486936217,0.00529531351459494,0.00729783672419664,0.00451558507639817,0.00628594679482345
0,0,0.00133632390439901,0.00611178973069563,-0.00124557782019469,0.00743968169878352,-0.00100790601617659,0.00611184579667223
0,0,0.00203205168641325,0.00593456093650515,0.00273596911231921,0.00703277951692865,0.00229381451405156,0.00593447539984312
0,0,0.00566185309063094,0.00611595939198428,0.00122110761410429,0.00737518093844366,0.00101075903969328,0.00611821716102023
0,0,0.000693127371030224,0.00617259254744832,0.00676343650163339,0.00761480941849424,0.00543889337321809,0.00617049887830891
0,0,-0.00138796298514575,0.00603917731731311,0.00248893243047403,0.00726828014665352,0.00202770564393754,0.00603901579100262
0,0,-0.0134745483544525,0.00590761179967904,-0.00824633840229433,0.00674487963701568,-0.00707922928427798,0.00591759078795591
0,0,0.00549911169471776,0.00596775604444616,0.00346194767181495,0.00706965594096396,0.00289242882663553,0.00596939682699056
0,0,0.00456448777407775,0.00613352676171791,0.00403756233612036,0.00749304742541387,0.00341126821290937,0.00613419360300547
0,0,0.0102555600115842,0.00631766780797722,0.00916013027201864,0.00777337410936083,0.00742253257164381,0.00632116561581415
0,0,0.000463745968153808,0.00619812481843641,0.00520262274797441,0.00730897925997185,0.00441124946608319,0.00619674761184691
0,0,-0.00397257739377178,0.0061272790279717,-0.00718266574429764,0.00752227637637097,-0.00586840537902628,0.00612592435402341
0,0,-0.00623672512714581,0.00626523286267659,-0.00910311356157137,0.00772623488048478,-0.00750433039067025,0.00626400299848086
0,0,0.0107771974985373,0.0063930189677164,0.0141111355800808,0.00779827173110072,0.0117037379296786,0.00639158506810301
0,0,-0.000332916250080157,0.00592851941972255,0.00202141118650542,0.00728331241152716,0.00162750034568162,0.00592832746639389
0,0,-0.00649047124928465,0.00604795008453074,-0.00149146107922242,0.007170221302264,-0.00125956642335191,0.006050940610299
0,0,0.000699479066462996,0.00639651924584192,-0.00115712974858803,0.0082797506162666,-0.000906142230469651,0.00639649643339703
0,0,0.00505074101963239,0.00610186650328176,0.00224351388160108,0.00819978724069806,0.00161245453392299,0.00610353808799985
0,0,0.00810524385687953,0.00617071571569811,0.0122233701485202,0.00780989923695183,0.00966094526552416,0.00616872602580022
0,0,-0.00310400839593849,0.00601162218537309,-0.00396677263700586,0.00742855821506583,-0.00312911583644446,0.00601161055097291
0,0,0.00657143628074539,0.00629393830910505,0.00400587066262414,0.00800033999786831,0.0031744213225239,0.00629626139318847
0,0,0.00144212541104683,0.00623585496081293,0.00277662095330987,0.00778019370835695,0.00219572064832928,0.00623566029118066
0,0,0.00419163009258971,0.0062253772442929,0.00825301072343032,0.00751565043282167,0.00677007452868696,0.00622336537409726
0,0,0.000626149951927311,0.00582544458742265,-0.00358374213137149,0.00723073027662698,-0.00290365276515704,0.00582482325904221
0,0,-0.00349961214658167,0.00605272878189555,-0.0032568121488108,0.00793730781666341,-0.00249502935220784,0.00605317267872464
0,0,0.00609035124620631,0.00598338390584278,0.0149099360237746,0.00724661918365093,0.0120435759245758,0.0059753020460127
0,0,-0.000277782039241357,0.00603801001055809,-0.000425184588495148,0.0080027932333359,-0.000322722620667839,0.00603800801525026
0,0,-0.000816290547955202,0.00618373573325576,0.00439773680315005,0.00732735957592203,0.00380236801931063,0.00618274588411982
0,0,0.00316997750102607,0.00610143767173855,0.0084222402532843,0.00769550175148645,0.00653910220685827,0.00609904965260574
0,0,9.80199894735433e-05,0.00582375731314196,0.00327734478219968,0.00718295095293401,0.00261297554509171,0.00582323018128831
0,0,-0.00470958243545211,0.00604791025904248,-0.00216183020461921,0.00734796618530773,-0.00175149991842878,0.00604932033255551
0,0,-0.0091873235506306,0.00605133585705439,-0.0167664673145758,0.00734333323140986,-0.0137511053357279,0.00604360695269891
0,0,0.00153051119667714,0.00590809093261895,0.00398906325428597,0.00717427289055136,0.00326754455522441,0.00590745783857815
0,0,0.00837686812387881,0.00606725056284863,0.00691246386541472,0.0071492190316313,0.00600921789603649,0.00606975364643624
0,0,-0.00432516927941129,0.00604233210846625,-0.00026070379630958,0.0067596305122715,-0.000232157926777589,0.00604370987140819
0,0,0.0108946147646975,0.006050568035835,0.00513483138185952,0.00763065191476267,0.004163003733596,0.00605803910315604
0,0,-0.00720518552150843,0.00586136134093173,-0.0102238702545731,0.00699745220553301,-0.00865197566598018,0.00585960093515449
0,0,0.0151894111802603,0.0061042357080403,0.0116158587976722,0.0076217477029075,0.00948124467075576,0.00611450228826676
0,0,0.00272766064624454,0.00613525521069639,0.00549738772391281,0.00737309777168412,0.0045879512335193,0.00613426873405999
0,0,0.0135364914879135,0.00619010486991122,0.0175563366143782,0.00777957306054745,0.0145133151439799,0.00618813930056554
0,0,-0.0127776391655913,0.00601822093126212,-0.0113633231352728,0.00779466683112452,-0.00854993306286158,0.00602491306711535
0,0,0.00310963497443003,0.00600099934959672,-0.0036845229113825,0.00783996794015607,-0.0028702344894421,0.00600110600912358
0,0,0.00812352677059585,0.00622134390051449,0.00848736016596558,0.00785122364630827,0.00671383802461023,0.0062228335502229
0,0,0.00248872435485138,0.00610425718238273,0.00320894544701946,0.00830257275363605,0.00236772279283542,0.00610430004314584
0,0,-0.000646953867494842,0.00610916589662154,0.000488461790724463,0.00748396544311745,0.00040712038892707,0.00610918431649268
0,0,-0.000774251973179825,0.00593171521668589,-0.00376510530730089,0.00700045163512447,-0.00318193471168226,0.00593099521368727
0,0,0.00243460257835603,0.00618522993705864,0.00392519356694757,0.00760200900716083,0.00319655728611747,0.00618492210220283
0,0,-0.0041808976079905,0.00646037895883552,0.0010181175046627,0.00780571577887564,0.000812133462324566,0.00646152061270709
0,0,-0.00349701140844804,0.00610917347868596,-0.00395221730921897,0.00735261750267273,-0.00323468159750262,0.00610930215242664
0,0,0.00224968404404461,0.00645075152761301,0.0105291490975914,0.00837332069502844,0.00824753274277712,0.00644646721153277
0,0,0.0065317080940649,0.00623318092455505,0.0115940760759411,0.00787641419261808,0.00914891922301588,0.0062302636925223
0,0,0.00144106792773389,0.00626155566908206,0.000139633265858026,0.00814630762146628,0.0001061662986855,0.00626170156530988
0,0,0.000204774027404312,0.00610362506390526,0.00422242480106597,0.00745211909951086,0.00342356620102326,0.00610277304894238
0,0,-0.0141607672975684,0.00624906076096971,-0.0164846940958397,0.00751443123350716,-0.0137651683254494,0.00624984363077966
0,0,-0.00411852232562922,0.00602977557732619,0.00139848264283017,0.00712878499718378,0.00119256302703103,0.0060309263958835
0,0,0.00409728810939836,0.0060577802037017,0.0012891112434725,0.00807229464040749,0.00093353209446178,0.00605895210288978
0,0,0.00184321307504396,0.00600173583616175,0.00281989951557698,0.00755527292965568,0.00225365410443857,0.00600161057332868
0,0,0.00247294779747839,0.00602693805431994,0.00909036935973865,0.00730380760872596,0.00728779056330504,0.0060234537589499
0,0,0.00627961640016673,0.00605232372692977,0.0182872568591196,0.00827040580968385,0.0134669189086366,0.00604184573352948
0,0,-0.0069133992593712,0.00618870067855747,-0.00106132060294143,0.00750809379968964,-0.000919712048156825,0.0061920656161337
0,0,-0.00363781147186393,0.00624625924023661,-0.00333087299555592,0.00793256239057518,-0.0026013884580035,0.00624671743386779
0,0,-0.00496843340953814,0.00606513925530782,-0.000715494911918181,0.00792774970675383,-0.000564830876710862,0.006066930516988
0,0,0.00725277785435099,0.00592257751536054,0.0193098257645154,0.00735718571309403,0.0155513387047209,0.00590821780489229
0,0,-0.00301379194452794,0.00635680463572558,-0.00451315939719686,0.00794426967014055,-0.00356880331650081,0.00635655144679524
0,0,0.0015187375911471,0.00583265265454049,-0.000630559460644853,0.00647480496017427,-0.000542409458763794,0.00583280793534579
0,0,0.00901852596131521,0.0060513204683294,0.0105680417245841,0.00793395496614361,0.00833956541138428,0.0060521896162801
0,0,0.00677098783479756,0.00625400877989633,0.00657539344586938,0.00778197453380882,0.00536700007740664,0.00625521443878006
0,0,0.00614805056433695,0.00604191615002756,0.00662561374243096,0.0078512272995062,0.00518219550627498,0.00604272463595584
0,0,0.00718159967981665,0.00603810775490087,0.00624144035335958,0.00758833876010933,0.00502935987104728,0.00604005070453196
0,0,0.00233449869420528,0.00619968242566054,-0.00116075104388448,0.00746248441843071,-0.000990529292187314,0.00620000206770528
0,0,-0.00466425256817046,0.00616369544881191,-0.00689542726010391,0.0078874512429946,-0.00540429507526546,0.00616315847020905
0,0,-0.00546118670146279,0.00624428700176793,0.00426704540165443,0.00788401254387255,0.00346749553601061,0.00624554878372293
0,0,0.00171627115179872,0.00590529435048694,-0.000697971504070545,0.00772062482995305,-0.000531671525106173,0.00590549672665738
0,0,0.00226823144890374,0.006010363569294,0.00505214193385963,0.00807405793878676,0.00374000767302192,0.00600970596224749
0,0,0.00482597887177408,0.00624430224168918,0.00912618800100626,0.00745642688009402,0.00780343650905237,0.00624163554282344
0,0,-0.0114520923937943,0.00597855832430543,-0.0122144931009489,0.00746543855164902,-0.00979845965544059,0.00598118898588919
0,0,-0.00134487488662197,0.00616506261964526,0.00161494326576957,0.00812095013300927,0.00124621281996999,0.00616508103505416
0,0,0.000382310999175466,0.00615782716963833,0.00244029913418532,0.00739160448117281,0.00199782940633711,0.00615754976241556
0,0,0.010621919583799,0.00610535624941787,0.0130776232167979,0.0082204818547255,0.00982229594616797,0.00610654863846052
0,0,-0.0106864016905959,0.00593544717395184,-0.0149918670045603,0.00705695341519315,-0.0124805516113454,0.00593230546393484
0,0,-0.00446031756519953,0.00597220659448503,-0.00674643828572007,0.0072350272561811,-0.005644364013715,0.00597130971008249
0,0,-0.00503413898505081,0.00608293251430216,0.00142881939576214,0.00727777487897179,0.00117938065456651,0.00608468687977048
0,0,0.00187094329471256,0.00588468890565851,0.00363663125771709,0.00701256243698253,0.00303227274051071,0.00588425425001123
0,0,0.0105578351317902,0.00577603709297636,0.0182371872854691,0.0081954556721128,0.0131939797457647,0.00577114246196126
0,0,-0.00323917754024114,0.0063261893313649,-0.00736103554571631,0.00745236828431883,-0.00633504692666562,0.00632412202770918
0,0,-0.00357238218485145,0.00607008547763738,-0.000119326310758519,0.00742010328931565,-9.9896436495764e-05,0.0060710220305489
0,0,0.00016804502666471,0.00595874294068036,-0.00628763609572419,0.00719207446099034,-0.00509262131450088,0.00595679536295527
0,0,0.000962120972788591,0.00619417349153493,0.0102259633468994,0.00762450169831952,0.00830456234760783,0.00618929807863046
0,0,0.000366635091258586,0.00590405653229576,0.00422267889432375,0.00707074235330025,0.00350619485737918,0.00590313211002313
0,0,-0.000345466042288113,0.00613289815060433,-0.00418319661874783,0.00734332614767333,-0.00346216853590173,0.00613203756079471
0,0,-0.000846573510022496,0.00601762070627598,0.0016642221607972,0.00728739702431374,0.00140736337853618,0.00601752685725575
0,0,0.00040783867471255,0.00610308336842043,0.000174803953863742,0.00732197946240081,0.000145186916882955,0.00610309396515936
0,0,-0.0204850070411385,0.0060833189976257,-0.0255568872352815,0.0074977239679602,-0.0205977924466578,0.00608297904389469
0,0,-0.00409958990335455,0.00601458757584887,-0.00563582183513867,0.00773142742082954,-0.00446523085825114,0.00601435489173514
0,0,-0.00745957707406549,0.00585337293120814,-0.0125371679288501,0.00688798063220384,-0.0103364279843144,0.00584943673326562
0,0,5.63989888301045e-06,0.00638358433114923,-0.00467269928645507,0.00740494372459366,-0.00399684567206282,0.00638248309107637
0,0,-0.00178302078719752,0.00637034203789881,-0.00196142671905239,0.00762955614871561,-0.00167022240450308,0.00637036895771853
0,0,0.00271522244713637,0.00607392007618415,0.00323612325357195,0.00742751963385229,0.00264814887343201,0.00607394647869825
0,0,-0.000368471355525049,0.00577337589781002,-0.000201954920652014,0.00661104670364667,-0.000172930886687595,0.00577338416967408
0,0,0.0122316480617835,0.00613931090449557,0.0163137987741883,0.00804424730743829,0.0129651347515616,0.00613797158497071
0,0,-0.00617112805281573,0.00595877065245179,0.00236491808028882,0.00700308343004399,0.0020482849380737,0.00596131707675561
0,0,-0.00399910966286633,0.00623462859467096,-0.00487733823054445,0.00795497261444597,-0.00378356608235247,0.00623474774440107
0,0,0.0041592083345289,0.0058977960440151,0.0058246452628353,0.00761300538002386,0.00456064396863562,0.0058975295688282
0,0,0.0016070674380187,0.00619445107784608,0.00569793529669248,0.00739323200758814,0.00480538560187831,0.00619298221442937
0,0,-0.00357925970041076,0.0060465121050951,-0.00167979575211918,0.00739428110383774,-0.00139150233073964,0.00604731469191545
0,0,0.00424402257195504,0.00599289107115502,0.00204438884256093,0.00724954198315608,0.00165111995063986,0.00599403170912951
0,0,0.0014640953987073,0.0061440167126462,-0.00464077591298658,0.00825066384430935,-0.00348916404047765,0.00614329096445146
0,0,-0.00629140873657845,0.00610918206008776,-0.00959635737151587,0.00821855148151573,-0.00709054513650847,0.00610840267398881
0,0,0.00370597175231981,0.00593685242106605,-0.001183206183003,0.00684688193171713,-0.000994903107655124,0.00593781456550819
0,0,0.00172343522564813,0.0062054617917899,0.00595867271641332,0.0076547875845653,0.00484963723489999,0.00620399337219903
0,0,-0.000936550183566141,0.00607691866027049,0.00296866889599467,0.00716940039376953,0.00250478761874667,0.0060765228012323
0,0,-0.00845489056775364,0.00617418103417671,-0.00160157688765146,0.00697745364845638,-0.00142914702624219,0.00617917225308785
0,0,0.0126576082879972,0.00581649914900904,0.0058964782467032,0.00731115065387776,0.00469158910240972,0.00582719145030068
0,0,0.00952363036487942,0.00610560277341061,0.00914621258828156,0.00769325083209446,0.0070014883116452,0.00610864166648987
0,0,-0.000905762108945686,0.0062112602132168,0.00245471695333218,0.00740700156616321,0.00210289798553287,0.00621100317407953
0,0,-0.000891011113039308,0.006333023706339,0.00366148489669773,0.00800732570595127,0.00285978948003071,0.00633250949678567
0,0,0.0111364855716793,0.00630412664387881,0.00272701497050828,0.00748095133760725,0.00229459439752465,0.00631243878885059
0,0,-0.00208596504222081,0.00638688936013784,-0.00473250711939663,0.00811789783250906,-0.00381431551002047,0.0063861868533496
0,0,0.00371796691366011,0.00596308100492203,0.00726339793716946,0.00733614349964503,0.00571293949482931,0.00596166789232874
0,0,0.00287091646664862,0.00622725357436355,0.00165592653481968,0.00750052215568818,0.00137049040297669,0.00622770623347084
0,0,-0.00752604359168568,0.00603845953650081,-0.00500300445201296,0.00666513360974416,-0.00438882969089233,0.00604122256702702
0,0,-0.00903265489793657,0.00603036636043131,-0.00480723500190662,0.00745001944735913,-0.00389104399955612,0.00603528543052461
0,0,-0.00781775003380316,0.00602167631853719,-0.00702800008756951,0.00783797773852003,-0.00539640148939776,0.0060240497731049
0,0,0.000643549603899946,0.00599944463945547,0.00620190401265688,0.00744725639135458,0.00488446819066698,0.00599769704615144
0,0,-0.00236588755870888,0.00617219920274865,0.00148501980336277,0.00689372271536134,0.0013037579834512,0.00617247955945094
0,0,0.00254545254611064,0.0060507518230433,0.00201026682439084,0.00809108420011877,0.00153107579662923,0.00605105675151434
0,0,0.00429463294967505,0.00620201802881911,0.00445303970035612,0.00757872714532052,0.00351945460180678,0.00620245110874684
0,0,0.00260152179511757,0.00622578108219469,0.00656042813145522,0.00787418690537267,0.00516612214052142,0.00622436337409918
0,0,0.0109186707883334,0.00629201533072562,0.0243529798683641,0.00761652055526989,0.019943472964621,0.0062724033453565
0,0,0.00403122589675646,0.00590904293299821,0.00947330262353921,0.00702194638448582,0.00783612138783396,0.00590561222740424
0,0,0.0055879108437046,0.00617776834132138,0.00558037124765651,0.00734297653368684,0.00463618030414222,0.00617846749759264
0,0,-0.00206671538943766,0.00596518521913891,-0.0023838722684441,0.00689069756335871,-0.00209377352777524,0.00596517676936125
0,0,-0.00145165434893503,0.00620434159474979,-0.000346496790424963,0.00723731664497235,-0.000299637921579998,0.00620448576969707
0,0,0.00346710851374159,0.00616309165309113,0.00421995893619557,0.00715618580516375,0.00365581260029996,0.00616299478382598
0,0,0.00331852615296251,0.00626831486778784,-0.00376738932569372,0.0080737542495777,-0.00298419449878275,0.00626846351808769
0,0,-0.000409024882665509,0.00624742140917351,0.000704064569288667,0.00758400533676563,0.00058783692643821,0.00624740878167369
0,0,0.00273145874292838,0.00622725963588202,6.4403532174912e-05,0.00763037694978521,5.34921213965661e-05,0.00622779010888474
0,0,0.00161824450111318,0.00600699449016422,-0.00302275979202419,0.00733545990278188,-0.00237932248103452,0.00600676809003769
0,0,0.00972710133262791,0.00587283498215143,0.0102416744721439,0.00778486340300916,0.007826902807107,0.00587538733138572
0,0,-0.00256633098596374,0.00605057471701025,-0.00815763079836479,0.00774053217514652,-0.00661089849325476,0.00604783644010911
0,0,-0.0114871028443365,0.00632845965499609,-0.0112845577893969,0.00756114716308469,-0.00957492478745906,0.00633126688932132
0,0,-0.00467491557006368,0.00649127395460547,-0.00917285486931175,0.00780065079435855,-0.00753370392022599,0.00648891844963539
0,0,0.00377332188480546,0.00615405334895912,0.00463980263692215,0.00789841537706469,0.00363514519174151,0.00615412725911649
0,0,-0.0088409081968754,0.00610467495643869,-0.00538252564094493,0.00788689404976211,-0.00422776582598398,0.00610907053797474
0,0,0.00353907993669874,0.00603739071948827,-0.000492466110409812,0.00745846879923036,-0.00039872623721099,0.00603830506908084
0,0,-0.0182816226237355,0.00625096711830879,-0.0134413961370382,0.00744637737907952,-0.0110448444853325,0.0062659810289595
0,0,0.0063905648182747,0.00596642967713514,-0.00386923036068108,0.00749106843636026,-0.00297907226847777,0.00596882786198608
0,0,0.0105908601267099,0.00596206053939459,0.00845576037819323,0.00761634853447696,0.00669304958832546,0.00596711923228666
0,0,-0.00808464364806154,0.00595130101942972,-0.0107182306973427,0.00778353716002688,-0.00840566377923154,0.00595090242043481
0,0,0.00917973407506168,0.00597800283911487,0.00822601549265413,0.00788612678934148,0.0063050606103946,0.00598133468608215
0,0,0.00689083249743593,0.00616246984068463,0.00369677846176976,0.00777206214325278,0.00286048790905397,0.00616530189979249
0,0,0.00790136117018489,0.00600588188969094,0.0124858419823949,0.00737462298708268,0.0100641375212698,0.00600298822829911
0,0,-0.00178212426814689,0.00607170471698,-0.0116010266869371,0.00687730295074245,-0.0100874208425199,0.00606445967785928
0,0,0.00998495002094944,0.00611247184356631,0.013508418616635,0.0077832068760471,0.0105978600624625,0.00611155282000872
0,0,-0.0082160242961352,0.00609199268459867,-0.00403613226204154,0.00725672515692363,-0.00338164378683177,0.00609609120875384
0,0,-0.00174593706787952,0.00601132827452278,-0.00527010782626353,0.00741992231859785,-0.00447212141035016,0.00601006780855462
0,0,0.00598894566793176,0.00606198635718719,0.00890869339016405,0.00748047637531929,0.00721973648791092,0.0060607899493563
0,0,0.00746661376943378,0.00620745795199865,0.0141847435562861,0.00722348891699155,0.0116921269282015,0.00620167084619663
0,0,-0.000715210634348712,0.00630660980219736,0.000673527449616531,0.00808342119182228,0.000518082148237929,0.00630662682033642
0,0,-0.00288222897324548,0.00628228066665541,0.00284700904493174,0.0079149713698365,0.00226518562293622,0.0062825040918524
0,0,0.00260294104629263,0.00598548482983672,0.00474826331512416,0.00686765385684215,0.00420037329957307,0.00598467243519108
0,0,-0.0105305554310952,0.00604021285748705,-0.0157102283787853,0.00751955600307051,-0.0122039023683608,0.00603739924606733
0,0,0.00482169370533086,0.0060196713551689,0.00669877479184722,0.00773008019088611,0.00529684594261332,0.00601931448879942
0,0,-0.00149849259324904,0.00607510910865007,0.00295976613821822,0.00772816202172128,0.00236371865601109,0.00607486390760849
0,0,0.0140420875065382,0.00606026628201748,0.0190649614849121,0.00820549264468296,0.0141458646366361,0.00606005082480073
0,0,-0.0134515023825799,0.00658444935164158,-0.0177361834701888,0.00789197602869777,-0.0147176232870233,0.00658208478772846
0,0,0.00226586692485593,0.00617610655135237,0.00105549684690209,0.00732176043639265,0.000887366765333041,0.00617641896087347
0,0,-0.00384963777292882,0.00608054900115074,0.000822974259845883,0.00750697201078948,0.000671232630270369,0.00608160205600419
0,0,0.00159947734086792,0.00617570273722869,0.00405152181118639,0.00722519342198493,0.00349589568584478,0.00617500809869237
0,0,-0.00281700888264369,0.00594580583371129,0.00199854555166259,0.00754444442074972,0.00156231969374407,0.00594621990702674
0,0,0.00399306043484106,0.00633280995315886,0.00396563446122756,0.00795678616127003,0.00305288009492309,0.00633327122723269
0,0,0.0127538497107443,0.00616580269029459,0.014421595242204,0.00801080116794168,0.0114538876318293,0.00616806997545841
0,0,-0.0088236367121242,0.00618218859327585,-0.0114191197863277,0.00767259800931152,-0.00927515470121673,0.00618160175661455
0,0,0.0071272658670966,0.00603104310923439,0.00488980964872394,0.00686184903592272,0.00431671319948789,0.00603342431389909
0,0,-0.0109289271558258,0.00628531428436429,-0.00164850736051145,0.00815905181762907,-0.00126356618665799,0.00629359385981573
0,0,0.00542026317537289,0.00596234314252553,0.00103175522776171,0.00730427155695954,0.000837403591246889,0.00596449655866253
0,0,0.00609586167023098,0.00600405525330895,0.0132888617240142,0.00777705903918068,0.0106965038709657,0.00599829807145727
0,0,-0.000166758591590203,0.00592880081481044,0.00503782619332271,0.00740372098347089,0.00424217304657893,0.00592744168248721
0,0,0.00285681588303266,0.00637258830260716,0.00547837316351912,0.00844450470513528,0.00405536620637833,0.00637201595523171
0,0,-0.00275221712710106,0.00607599273956671,0.00270565070459365,0.00766898238406684,0.0021453484134986,0.00607621077934785
0,0,-0.00402828741873763,0.00605421857018495,-0.00697270969174541,0.00763292363952184,-0.00562084454395902,0.00605308596793583
0,0,-0.00497055563628423,0.00628970601243477,-0.0104619124536872,0.00799769161076938,-0.00833076920208075,0.00628656512384545
0,0,0.00217669371954528,0.00608223601930574,0.0108679605652656,0.00814973503812646,0.0081774869033422,0.00607768100878582
0,0,0.00451736670033825,0.0056467613606709,0.00443281755265162,0.00636993459529642,0.00387313766484059,0.00564719526334016
0,0,-0.00862807731471925,0.00633440477120895,-0.00621605079021711,0.00799404727033846,-0.00491806214251727,0.00633790252507212
0,0,0.0059430985237549,0.00614910612242777,0.00496604714494215,0.00749577823835158,0.00414662990370179,0.00615041604034532
0,0,-0.00654861853808756,0.00594149437289348,-0.014104850914472,0.00679452871784449,-0.0124249352710962,0.00593307410419971
0,0,-0.00596411071804534,0.00627724417167763,-0.004679085598237,0.00741667019449269,-0.00386904436252692,0.00627869473312137
0,0,-0.0089425672592625,0.00608098656292168,-0.00426359849355073,0.0068973990862964,-0.00363755264512835,0.0060858758358723
0,0,0.00297293420155321,0.00613750077147471,0.00304484944033966,0.00745425327779024,0.00254448400925227,0.00613767202135892
0,0,0.00191360695360594,0.00591330505886779,0.00151102235510336,0.0073947263149614,0.00117015402480699,0.00591347900451753
0,0,0.00695386813508813,0.00612417528250207,0.00724677032627711,0.00702517379641211,0.00627166331951967,0.00612483073642046
0,0,-0.00494328127282004,0.00622438542600575,-0.00301738066437444,0.00744515929737255,-0.00252629935353462,0.00622567026638581
0,0,0.000981796465226168,0.0060626514563542,3.03656235504842e-05,0.00725292028500073,2.54585720186418e-05,0.00606272231613376
0,0,-0.0096608886654707,0.00610540715287362,-0.00304614561422904,0.00771284643823225,-0.00234416112365258,0.00611180916829446
0,0,0.00506689908086764,0.00617230493752382,0.00130261369126479,0.00785713127762423,0.00102722543170136,0.00617407548494468
0,0,0.00625061832530767,0.00603740266644299,0.00591865427982617,0.00788694611102121,0.00447425692129985,0.00603881136250585
0,0,-0.00070011326337972,0.0058140196526485,-0.00220734553213675,0.00705013197295043,-0.00178070784306169,0.00581381197409924
0,0,0.00341877988436113,0.00596742144475578,-7.7157031198053e-05,0.00719255662250379,-6.38868753740299e-05,0.00596829795025169
0,0,0.0112103563549156,0.00637789200497821,0.0156484344518322,0.00831728249409535,0.0117856414539345,0.00637697857263073
0,0,-0.00246462487474497,0.00629366572370074,0.000523900111993768,0.00777198070209591,0.000426152041594071,0.00629407928089094
0,0,0.0107677155691085,0.00629627210075253,0.0136903194670396,0.00751993377353146,0.0113313932593876,0.00629539782940824
0,0,-0.00638993559183349,0.00596844798121683,-0.0101049362288017,0.00677679690167255,-0.0088019951205943,0.00596569805063506
0,0,0.0017129251755149,0.00590130840085739,0.00261924283405081,0.0076624199152753,0.00201705506992327,0.00590122211379032
0,0,-0.00439319697396387,0.00629826107233626,-0.00106800584860176,0.00796093660108701,-0.000829436237082184,0.00629956599361212
0,0,-0.00458060821321351,0.00607597676206175,0.00076832791310365,0.00729856995334938,0.000635957696168449,0.00607748616526107
0,0,-0.0036201331605874,0.00622604859469693,0.00519258960106977,0.0073465546569828,0.00434394414498966,0.00622563841955413
0,0,-0.00146794364725971,0.00614811144317009,-0.00766942009024556,0.00761584719398516,-0.00608921375926555,0.00614558614856629
0,0,0.00645748899868659,0.00603371737903782,0.00328888822707086,0.0079598687103199,0.00247926937950961,0.00603634782039876
0,0,-0.00837223584909176,0.0060289119036174,-0.00417454975565545,0.00763521529034802,-0.00330271635366984,0.00603329479225391
0,0,0.00602323631521056,0.00626403420856439,0.00642167327227756,0.00741215061537874,0.00540120367474883,0.00626453597989724
0,0,-0.0130429243074618,0.00608140825092005,-0.0182136747450803,0.00734229711283239,-0.0151657136838667,0.00607701498920279
0,0,-0.000105227067880306,0.00623428191996439,-0.0108948096381808,0.00765567626295414,-0.00883972414106572,0.00622872845309292
0,0,0.0024967489917479,0.00593264610000193,0.00254583519812248,0.00720187870621639,0.0020631145164115,0.00593279552052616
0,0,0.00122511154243765,0.00586077024827305,0.00477566474496608,0.00733732400231004,0.00377705450154359,0.00585979089253601
0,0,0.00327704005473907,0.00611336854501506,0.00927638480573266,0.00762286348628056,0.00750904372983891,0.00611004390642282
0,0,-0.0129758449678884,0.0059919618190845,-0.0167903478134167,0.00723297350867815,-0.0138905587447737,0.00599012589843634
0,0,0.0021743076675496,0.00608366747012946,0.00435289470525669,0.00821174599175057,0.00330569659211443,0.00608321331733984
0,0,0.000233128916193097,0.00623423579897964,-0.00268182437104988,0.0079008479336509,-0.00212536845149876,0.00623391878884302
0,0,-0.0134164224514028,0.0058823103739464,-0.0187762215157688,0.00767139335375317,-0.014600255958359,0.00587977505908742
0,0,-0.00650405477420561,0.00614189596195656,-0.00618293532650925,0.0078344348787651,-0.00493059046494724,0.00614319815538554
0,0,0.00971910643974308,0.0061281998777036,0.00835788021786887,0.00847367583765483,0.0061221953570311,0.00613233472115093
0,0,-0.00110014820114111,0.00620239433742695,-0.00661343739637918,0.00754738178128577,-0.00561949908980104,0.00620022266668712
0,0,-0.00310362391798582,0.00597403674466195,-0.000367733074895263,0.00739506660104796,-0.000300003743277192,0.00597475162783857
0,0,0.00456253430643853,0.00615494563933519,0.0105236502630707,0.0076138710983644,0.00844245713103925,0.00615130135286543
0,0,-0.000856144486561993,0.00617855338470784,0.000436519910669971,0.00734602509801161,0.000354093950548619,0.00617859703338648
0,0,-0.00460495865561389,0.0061504342260238,0.00209564725701389,0.00748436939774887,0.00174646135782045,0.00615174586037308
0,0,-0.000858500350973808,0.0060362391356475,0.00256140254058142,0.00765144812022978,0.00203101911253754,0.00603598853989435
0,0,-0.00577036724009131,0.00650857200655319,-0.000769704143195533,0.00848166611179276,-0.000608624988902873,0.00651078540586049
0,0,-0.00250973593578096,0.0060433517006801,-0.00119742964719187,0.00756853879495737,-0.000949093614426537,0.0060437503555748
0,0,0.00395846275311856,0.00612521150334009,0.00322645112859611,0.00741698277987898,0.00273899737546528,0.00612580463632485
0,0,-0.00301757994674775,0.00616870706009605,0.00465114579842704,0.00782332915283883,0.00365839175319526,0.00616839909490179
0,0,0.00286528476390974,0.00618184036071339,-0.000186972575628169,0.00702519659417742,-0.000161533862434199,0.00618242784642417
0,0,0.00255517389407185,0.00633954402960849,-0.00388466537097375,0.00849141184973104,-0.00287679393867462,0.00633942254015541
0,0,-0.00351244996783651,0.00625306263344105,-0.00590789198482122,0.00786601331196659,-0.00473234473510908,0.00625235084469815
0,0,-0.00272654164542004,0.00621979358994632,-0.0056446638084884,0.0069153754976686,-0.00500782483850226,0.00621853639923631
0,0,-0.00218177623422126,0.0062936658184892,-0.0094833795404794,0.00771663718938066,-0.00786280810328393,0.006289658826525
0,0,-0.000292517331071408,0.00615970843258442,-0.00724526282512431,0.0072886222281666,-0.0058490661205669,0.0061572466850671
0,0,-0.00188743336879934,0.00612406812405326,0.00520097676593308,0.00804495647525576,0.00392180089250023,0.0061232095389789
0,0,-0.012600940375092,0.00605500505475784,-0.0132509611518296,0.00776358079550056,-0.0104337020960406,0.0060586835912038
0,0,-0.00771039498219477,0.00616201719555754,-0.00824274006072592,0.00738646410898145,-0.00692185804514947,0.00616284896075213
0,0,0.00479102334797593,0.006127453994661,0.00474485752275364,0.00789310598405167,0.00361668450376299,0.00612817071441147
0,0,-0.00231383484606504,0.00618270482146471,-0.00574022110577234,0.00792612850378729,-0.00456018305426149,0.00618159629730507
0,0,-0.00918572276301392,0.00592409183830143,-0.00708382938287835,0.00696973668842695,-0.00581018167849608,0.005927923120973
0,0,0.00555030533579505,0.00594343303062852,-0.0011379750448275,0.00782353355762307,-0.000877986181365933,0.00594569720248252
0,0,-0.0182077944658464,0.00637529259072984,-0.014487269149608,0.00811736824828983,-0.0110973819699975,0.00638967061414206
0,0,-0.000939064236791688,0.00603872959759384,-0.000369104211458485,0.00789859061304376,-0.000289761479524303,0.00603878858045976
0,0,-6.61448531489273e-05,0.00613923118989826,-0.00475801321544566,0.00768301488001822,-0.00386995805864093,0.00613814680966982
0,0,-0.00797155830504092,0.0063084800206579,-0.0067644068007365,0.0075484212211057,-0.0055379035272354,0.00631078044165987
0,0,0.000478206609899561,0.00599574202023029,-0.000537327494214356,0.00777372013282105,-0.00042390096634136,0.00599574567406645
0,0,0.00733052814479001,0.00595078965863245,0.00489766353500095,0.00729931890551824,0.00409103640389009,0.00595357467314506
0,0,-0.012312180351041,0.00617540501913711,-0.00857642181445696,0.0079987102786532,-0.00671726044973678,0.0061830552544892
0,0,-0.0106149696734467,0.00637019144883643,-0.00842362600308321,0.00828129889425776,-0.00656927216405517,0.0063749953663991
0,0,0.000610791902791178,0.00625544098228033,-0.00351710536550409,0.00820676280731657,-0.00267714631155275,0.00625496043515874
0,0,0.0131177011758397,0.00607689363643597,0.0151437290990816,0.00742430277979238,0.012499541450925,0.00607805569441279
0,0,0.00368007707409824,0.0062652186190296,0.000329694872896287,0.00779913539305402,0.000264859407665916,0.00626616955193507
0,0,0.00254890629222083,0.00604608953143786,0.00247253200032914,0.0082826960067121,0.00182910890552333,0.00604632213520375
0,0,-0.00930685557301613,0.00608545838513888,-0.00305604150982338,0.00801288835448938,-0.00234603354620886,0.00609139475583898
0,0,0.00168049457471964,0.00622111221821961,0.000307164689811717,0.00754942003233677,0.000265690535456648,0.0062213083162496
0,0,0.00128451871976052,0.00603456992345361,0.0054937546887862,0.00748027810672537,0.00451328849343494,0.00603318462526803
0,0,-0.00181857690669716,0.00603007261986994,-0.00732967638459548,0.00724737207574504,-0.00596013842774729,0.00602768604176005
0,0,-0.00103608069616261,0.00626466921085324,-0.00312106135781718,0.00765912107925295,-0.00245462424878911,0.00626431963036398
0,0,-0.000306997776059652,0.00612857268968256,0.00571604960151704,0.00765314261465973,0.00467794320723784,0.00612699105931173
0,0,-0.00495734004160108,0.00613078993135723,-0.00950715840548699,0.00720996808406941,-0.00810746664417723,0.00612780302389197
0,0,-0.00341547542977758,0.00566763021255035,-0.00441920918131283,0.00773596094023873,-0.00317848187846645,0.00566775509730647
0,0,0.00448913972641312,0.00612182007691328,-0.00339767036115028,0.00799333723179576,-0.00262905268313946,0.00612278227269349
0,0,0.00335646996001048,0.00616845331925078,0.00683353520404275,0.00730403000189524,0.00570973655627041,0.00616691711974253
0,0,0.00502728823076077,0.00596856465009259,-0.00208986905284253,0.00747954202103313,-0.00165988679609247,0.00597025343830274
0,0,0.00278310745583014,0.00587213075920738,0.00347637133858433,0.00709095571641282,0.0028282604381876,0.00587211136870507
0,0,-0.00493408071348223,0.00616393826701638,0.000313448097577585,0.00769266431015312,0.000247204971339556,0.00616568775156756
0,0,-0.000904334086332244,0.00603960715366527,-0.00470490437327762,0.00716162275505111,-0.00398646889962396,0.00603849284160171
0,0,-0.00128582026889542,0.00597538223918044,0.00209102190568972,0.00756092414435439,0.0016760059860906,0.00597529567952997
0,0,0.005981077867075,0.00627832025371083,0.00745878083409085,0.00741065244547107,0.00618728407948897,0.00627814357847116
0,0,-0.00232672952025143,0.00619953265685403,0.00857036678212216,0.00823461458942081,0.00642191006232771,0.00619696896314157
0,0,0.00351065795382314,0.00606924092444525,0.00208244050641799,0.00735280704860948,0.00172115281574737,0.00606992867304928
0,0,-0.00124783754197022,0.0062955678540367,0.0060669757043377,0.00816043053805412,0.00466235735479642,0.0062941518152701
0,0,0.00937852764067047,0.00617940959953192,0.0110722100901786,0.00763229427557369,0.00903920036383259,0.00617985860533284
0,0,0.00302228740943533,0.00597566827295048,0.00362326618338524,0.00735374736556811,0.00303612375739184,0.00597566199458512
0,0,0.00454334207704524,0.00626576627308418,0.00134588161759973,0.00846978582964406,0.00102595879145423,0.00626714872973469
0,0,0.00779124377311786,0.00595958544948269,0.00990528611383172,0.00854850929998795,0.00704656213642357,0.00596041585868372
0,0,-0.00711721486423227,0.00628194540690144,-0.0110759277465185,0.00894653768351916,-0.00780409603514593,0.00628122418732768
0,0,0.00750028754221467,0.00619627227850054,0.00214158508699289,0.00826795781745959,0.0016338259191828,0.00620010679527555
0,0,-0.00368971647809926,0.00655088758933806,-0.00701293558569129,0.0086761970367288,-0.0054097435284686,0.00654984389365901
0,0,-0.00286658686766349,0.00620795061651149,-0.00586069905756231,0.00836671840676078,-0.00449613529512044,0.00620709372554195
0,0,-0.011001306473347,0.00630945696615164,-0.0246955931701822,0.00860968515545813,-0.0179651015243968,0.00629531295404431
0,0,0.000338383317378623,0.0060228535304667,-0.00609038415817203,0.00730493135029439,-0.005001537995228,0.00602100626187634
0,0,0.000211573243643492,0.00581775364784692,0.00577422038430563,0.00714032002082773,0.00472606973842628,0.00581602778926547
0,0,0.00543140428476792,0.00639941088566895,0.00374477953477889,0.00794664922288327,0.00313796964087021,0.00640076116043118
0,0,0.0057344681376189,0.00608974971771483,-5.52098748567924e-05,0.00724245024940463,-4.69913073578488e-05,0.00609215469459195
0,0,0.0101824180116914,0.00609727049151039,0.0204601453718837,0.00820767839695258,0.0152545908854415,0.00608783166823314
0,0,0.000714470501460815,0.00607793136276753,0.009069820319427,0.00763469328288453,0.00721936806891622,0.00607414499288674
0,0,-0.0108621099307886,0.00625206742387797,-0.0129354563404301,0.00698795961918673,-0.0117177434218588,0.00625069920591964
0,0,-0.00475942019201568,0.00610080682248127,-0.00602789669977982,0.00817834777010437,-0.00452076162033825,0.00610096848560247
0,0,0.00392962285832502,0.00640520121575242,0.00442850329854151,0.00847466735574771,0.00333768163529198,0.00640549645316522
0,0,-0.0173462532271288,0.00624656050625932,-0.0176573482732397,0.0075263376692908,-0.0151855621969244,0.0062515433691728
0,0,-0.0107810606456966,0.00608528011601576,-0.0149216992479125,0.00783925841572468,-0.0115429709112236,0.00608403397569757
0,0,0.00261254095944243,0.00615014962184408,0.00623845114651774,0.00864465890022511,0.0046840177103658,0.00614905733247903
0,0,0.00487198387441478,0.00610388688978644,-0.00258521633320396,0.00778306874609403,-0.00201171638305264,0.00610532291749687
0,0,0.00750318573214358,0.00639476711635513,0.000945469227656573,0.0077660551525504,0.000755208006272476,0.00639859859000048
0,0,-0.0102719150922819,0.00616538337278195,-0.0147239017236433,0.00745888695818079,-0.0122490583060609,0.00616217344926907
0,0,0.00054983441995233,0.00604558742670202,-0.00569273164993164,0.00689024107163102,-0.00501436488186327,0.00604375318035316
0,0,-0.000215344074101063,0.00605046081485364,-0.00407141670915531,0.0077605095388005,-0.00320862549751686,0.0060497049218204
0,0,0.00854451082200985,0.00614008607933788,0.0123566972589894,0.00785036817873076,0.00986746136944304,0.00613832158258052
0,0,0.00769567366688471,0.00614134228781418,0.0103021043973368,0.00804782344560695,0.008083884505961,0.00614089874847836
0,0,0.00153393738385044,0.00623568313240726,0.00712231260119946,0.00721683885876036,0.00594864392042241,0.00623333672136475
0,0,0.00383832677130366,0.00608417737776275,0.00361063405520695,0.00749991458175811,0.00291142197883131,0.00608463557442488
0,0,0.00311546831939227,0.00600644567433573,0.00152323715992167,0.00747984582462963,0.00121712207479057,0.00600705772700984
0,0,0.00111826674445488,0.00602904404382839,-0.00480211686101801,0.00737512012622937,-0.00387382934667591,0.00602802496091413
0,-0.5,-0.00394152491693861,0.00597561824367293,-0.00956266350236493,0.00869072300174932,-0.00677364447617779,0.00597334462172715
0,-0.5,-0.00150748754614782,0.00592580077677452,0.00205825926262842,0.00894929881949794,0.00136553387581967,0.00592583163986803
0,-0.5,-0.00712589835207453,0.00615370396959936,-0.0103980445103213,0.00856540877170234,-0.00739254890124076,0.00615342438460614
0,-0.5,-0.000971364632990621,0.00608739385953545,0.000316480516452516,0.00766981332611416,0.00025114899385474,0.00608745829994725
0,-0.5,0.00306301383201962,0.00605670478790471,-0.000420504978765515,0.00900729807936244,-0.000284027996943295,0.00605738981404633
0,-0.5,0.000625231877502716,0.00601206338735057,-0.00286851901658618,0.00857480241463526,-0.00197523297132018,0.00601180242355772
0,-0.5,-0.0055027899719413,0.00605755445030665,-0.00712961727079827,0.00828769195433982,-0.00526729974715966,0.00605774123339981
0,-0.5,-0.0114162679385874,0.00630428240213986,-0.00959106292021722,0.00848689971120235,-0.0072004863227498,0.00630977771299416
0,-0.5,-7.21404800313714e-05,0.00605517972908406,-0.000287741069799736,0.00797178984988033,-0.000214040174502043,0.00605517673722723
0,-0.5,0.00120077783284528,0.00597739876701681,-0.00915071118057074,0.00884767453201775,-0.0060820499571314,0.0059747363298661
0,-0.5,-0.00399266214609198,0.00664301177464474,-0.00577725589597982,0.00891618961152308,-0.00415809452716489,0.00664292348402632
0,-0.5,0.0122109951505954,0.00634081099057949,0.0188955155152336,0.00778068252062114,0.0153892853952822,0.00633470434421357
0,-0.5,0.00704379067849577,0.00613625377539331,0.000661708890033522,0.00949153430514506,0.000436638064992833,0.00613983409987048
0,-0.5,0.00232605242038386,0.00597953422564138,0.00470065426572618,0.00821594174914201,0.0032965131506578,0.00597912586181171
0,-0.5,0.0143033088534744,0.00614636496542438,0.0149756311585607,0.00841613107590927,0.0108118936064885,0.00615270545043636
0,-0.5,0.00158418917158125,0.00621588667233074,0.00486693841167427,0.00836511140112495,0.0035831885070727,0.00621515014775797
0,-0.5,0.00277884927954054,0.00609704337894301,0.00667449921227218,0.0088869959243679,0.00465432848689214,0.00609602492685139
0,-0.5,-0.00424194191791322,0.0061544098724873,0.0155871625773251,0.00850941284750846,0.011453677708995,0.00614622913286144
0,-0.5,-0.00311463019532214,0.00594882868125041,-0.00110510062521392,0.00875074645088725,-0.000745965973058821,0.00594951734312182
0,-0.5,-0.000408574875811523,0.00619024419401084,-0.00111547166614525,0.00827173996059486,-0.000843652388551531,0.00619020514829845
0,-0.5,0.0011759601433388,0.00635135730090802,0.00844778401370572,0.0108824229667034,0.00492630325798154,0.00634976932677685
0,-0.5,-0.00397689278507769,0.00603112155197067,-0.00342249518415545,0.00757506835868785,-0.00275205180531325,0.00603173177648904
0,-0.5,0.00331611983574994,0.00598914267055316,0.00384677753277221,0.00808706461621141,0.00282688483903293,0.00598936713235266
0,-0.5,-0.00910856012444995,0.0062775909759917,-0.0075412796007818,0.00885586630486802,-0.00546489451812231,0.0062813292157157
0,-0.5,-0.00215268765439077,0.00622705982643257,-0.00930990883309277,0.00872918139077153,-0.00682752172415196,0.0062240723699234
0,-0.5,0.0172834807095321,0.00608446904573507,0.0112216432431458,0.00821976902127456,0.00833833800768177,0.00610123598944333
0,-0.5,0.00448379985419955,0.0061318344836253,0.0130318526523941,0.00957828364293385,0.00834896417250396,0.00612823522551274
0,-0.5,0.00137388360661711,0.00595197572300031,0.00138248357934858,0.0102376781920412,0.000784543651623819,0.00595207146179471
0,-0.5,-0.000472167012435215,0.00619492732343235,-0.0056608168353089,0.00830507754329655,-0.00415650486742724,0.00619370610953862
0,-0.5,0.00393652758168622,0.00614320070647058,-0.00291251127351415,0.00813983047330126,-0.00222462121935341,0.00614396385344044
0,-0.5,-0.000833554663507606,0.00599528206878825,-0.000535423228515919,0.00845431154438506,-0.00038227552432092,0.00599532299522789
0,-0.5,-0.000504928102639222,0.00607859527793557,-0.00337919817945509,0.00803354389660533,-0.00254429114830026,0.00607813930670268
0,-0.5,8.35620787586632e-05,0.00607679460865049,0.012930358190688,0.0093777444749016,0.008439984288846,0.00607156678770902
0,-0.5,-0.00859311021900595,0.0063002475000813,-0.00596524747499514,0.00860989180973334,-0.00435353078727357,0.00630409378330406
0,-0.5,0.000691109727124242,0.00601473076686667,-0.000831854713039263,0.00990517691861326,-0.000503493183811882,0.0060147474176704
0,-0.5,-0.00378435850334473,0.00608738237775848,-0.000299101262112517,0.00810744248337984,-0.000225660255118973,0.00608842673200492
0,-0.5,-0.00779595698048024,0.00585646709563444,-0.00136833322236183,0.00889755553049634,-0.000874912140385994,0.00586107305177362
0,-0.5,-0.00697958122425176,0.00617224990399792,-0.00909588526898786,0.00881308412899056,-0.00637405008973331,0.00617283159777049
0,-0.5,0.00123744218652872,0.00624728620200457,-0.00700499709577732,0.00922831742553788,-0.00474909477866194,0.00624579660427185
0,-0.5,0.0123856249628517,0.00604443501093365,0.00658039981999477,0.00787136011238785,0.00503592879982144,0.00605388340639381
0,-0.5,0.00151964944746299,0.00610484477318869,-0.000358080506712457,0.00801253672974947,-0.000278781407559953,0.00610500751694475
0,-0.5,-0.000124049518727332,0.00629708138605651,-5.2604426272763e-05,0.00928552654222872,-3.55439057627558e-05,0.00629708237669648
0,-0.5,-0.00465163305731999,0.00596868549091146,-0.00593326038982419,0.008510877423667,-0.00426745235702363,0.00596894250480359
0,-0.5,0.0162001947641218,0.00583994541853096,0.0128960620731601,0.00755669568080738,0.009672538206751,0.00585294839707714
0,-0.5,-0.0109670615238876,0.00635374633139222,-0.0166492150788029,0.00890859286906046,-0.0121126801070794,0.00635191167408407
0,-0.5,0.000558116890872395,0.00618418861628116,0.0049550633788369,0.00821167107514233,0.00366616036393757,0.00618324640491519
0,-0.5,0.00790267800692379,0.00599066505316753,0.021215904578717,0.0096738737913516,0.0132355832178106,0.00598223742233771
0,-0.5,0.00941030704741475,0.00611571008014688,0.00981608151336089,0.00825764850507388,0.00741516230175063,0.00611815280145762
0,-0.5,-0.000363268827458685,0.00619879160046029,-0.00808051219385059,0.00852908386480022,-0.0059641310497095,0.00619625537449444
0,-0.5,-0.00208944331691524,0.0057882449702202,-0.0083320986768251,0.00787614319356908,-0.00608813496101323,0.00578569711679665
0,-0.5,-0.00992613366119279,0.0061972804440829,-0.00437132982040585,0.00874575674465851,-0.00306511385936224,0.0062036564186551
0,-0.5,-0.00214731258968576,0.00632602141102161,-0.0071168961333746,0.00956720079583867,-0.00484231677256199,0.00632470771543737
0,-0.5,0.000295267350708154,0.00620149579062874,0.0151121179530204,0.00898018404326888,0.0106779408203858,0.006193340789711
0,-0.5,0.000438546593857091,0.00614539586270987,0.00461957228298845,0.00967701324575644,0.00304826479294982,0.00614473767767469
0,-0.5,-0.00580733308598027,0.0058314072473561,-0.00484940959957159,0.00796659359776189,-0.00354725780632848,0.00583303895314139
0,-0.5,0.000278981134538386,0.0061201451115281,-0.00989615810902987,0.00936686334736412,-0.00655091124890455,0.00611702967842261
0,-0.5,-0.00665810693649716,0.0058728204382205,-0.018073597402114,0.00840687378850873,-0.0131568912543715,0.00586295295635332
0,-0.5,0.00618146301219639,0.00583572264385869,0.00862983292641703,0.00845759932625904,0.00606659912046296,0.0058358311472977
0,-0.5,-0.000647220741343028,0.00609553858708753,0.00170598945750843,0.00828089374382126,0.00124564463960636,0.0060954558209776
0,-0.5,-0.00389170117198666,0.00612657524492503,-0.00738638808780072,0.00788342995206386,-0.00557345808021583,0.00612541929524907
0,-0.5,-0.00427484107773228,0.00603994229993628,-0.00474712486530326,0.00917580307360955,-0.00307570542003244,0.00604059372263885
0,-0.5,-0.00488762422104554,0.00627133443867713,-0.00724400419555249,0.0100394664912505,-0.00458652680338008,0.00627153556134721
0,-0.5,-0.0106051048512953,0.00617616143222501,-0.00742009409703988,0.00852125245664893,-0.0055153749976184,0.0061820565749327
0,-0.5,0.000233378571214322,0.00609835385437742,-0.00596216359788108,0.00936091998486454,-0.00397498128799884,0.00609720384186785
0,-0.5,-0.00366402409114554,0.0057607355330362,-0.00554899190003535,0.00804792184196663,-0.00391408349722871,0.00576058706174092
0,-0.5,-0.00742817746150209,0.00607255659789512,-0.0159050062319314,0.0088612845556977,-0.010861060302356,0.00606794376282955
0,-0.5,0.00318751161847299,0.00622725753227107,0.00335126094081956,0.00921825539556864,0.00226842574454181,0.00622761421355811
0,-0.5,0.00218793041390159,0.0061095080236331,0.00271886126156102,0.00960342798965959,0.00169860991724505,0.00610964658180906
0,-0.5,0.0052675326292833,0.00625842150060835,0.00834841914450267,0.00838122507421405,0.00639828239099662,0.00625748889602577
0,-0.5,-0.00812085684188374,0.00602352226974345,-0.00168904232914756,0.0092626781180279,-0.00110014935977226,0.00602832126955764
0,-0.5,0.000344020063535873,0.00598615352125144,0.000901757532425582,0.008267492154928,0.000653874104602787,0.00598613041386522
0,-0.5,0.00333268483237121,0.006068926339745,0.00957919541400304,0.0084550205293124,0.00656464499755151,0.00606657549458341
0,-0.5,-0.00715110577050382,0.00593638525086189,-0.00923378619673877,0.00804240460674123,-0.00703785817754311,0.00593650660370906
0,-0.5,-0.000285341258175093,0.0061334358984683,-0.00355066875979468,0.00940256314183245,-0.00227178947708986,0.00613306759940836
0,-0.5,0.000804676171898922,0.00582951849090149,0.00721644922325259,0.00788529618537132,0.00529741014396768,0.0058274010423192
0,-0.5,0.00456700585826223,0.00619271935410401,0.0135690367126817,0.0095617056846353,0.00882605141814104,0.00618863093066983
0,-0.5,-0.00476276556092563,0.00619138977530098,-0.000266694531637215,0.00922837602297735,-0.000181079160218411,0.00619301254578079
0,-0.5,-0.00228934646349196,0.00613235778438093,0.00205239360996687,0.0092715133633293,0.00139596778128454,0.00613259653849774
0,-0.5,0.00484906338425367,0.00598857358185491,0.008389512776322,0.00805359047600697,0.00611849287961154,0.00598753341167923
0,-0.5,-0.00839656756185088,0.0061744481815896,-0.00291499061631769,0.00855763084159951,-0.00209311509820442,0.0061792005359894
0,-0.5,0.0048866476336329,0.00613912814707975,0.0050939957211711,0.00879639883238401,0.00358064587494991,0.00613992895356062
0,-0.5,0.00267783423018521,0.00593913635862179,0.00475587890425871,0.00859231492342101,0.00331389354604722,0.00593884873562837
0,-0.5,-0.00523318919765231,0.00616247366422849,-0.0105144801956367,0.00828553677210108,-0.00792129288559442,0.0061599240031802
0,-0.5,-0.00645051664741571,0.00606010490706354,-0.00441753404198952,0.00832622513223816,-0.00312701784009688,0.00606244732886729
0,-0.5,0.00234689553753128,0.00614012824836576,0.00853683562264221,0.00955593580987864,0.00548099992535315,0.00613835151466083
0,-0.5,0.0128438893059972,0.00580235476143281,0.0165744042067535,0.00717428530911434,0.0132310738945887,0.00580157018208171
0,-0.5,0.00509825845450038,0.00599383185030424,0.0163043132208005,0.0083130929265601,0.0118096959749391,0.00598535492621943
0,-0.5,0.0158001755706429,0.00632863003963901,0.020492056183435,0.00847440089418012,0.0155716802865764,0.00632913004568534
0,-0.5,0.00736700029587348,0.00624056440818673,0.00187632000711728,0.00805099074633303,0.00147536138200346,0.00624425907878366
0,-0.5,-0.0133355217539802,0.00622594844456981,-0.0123671047957477,0.00850018239891547,-0.00881375983897785,0.0062330726535754
0,-0.5,0.0100844874481536,0.0059530400998873,0.0188910444651761,0.00838999212101316,0.0138103380046762,0.00594633264338764
0,-0.5,0.00595350871932854,0.00631082812017014,0.0114342953541642,0.00959815961834424,0.00775057676431248,0.00630910507541581
0,-0.5,0.00711154896496127,0.00601034548297142,0.00545785308610476,0.00944742310768843,0.00343630023853755,0.00601322756165947
0,-0.5,-0.000104918461689259,0.00601396049280879,0.00370229642455272,0.00888787848188616,0.00256942373024664,0.0060134707322604
0,-0.5,-0.000906642773931604,0.0060799913532768,0.0011646981989964,0.00824156919583487,0.000866894097111616,0.00607999652062709
0,-0.5,-0.000255030022006941,0.00630808864773406,-0.00405682100967381,0.00894172363977688,-0.00295369151318971,0.00630748263537731
0,-0.5,0.0028445374680997,0.00589662517930312,-0.0105565525908417,0.00807034793301177,-0.00761728863485267,0.00589282155916286
0,-0.5,0.000652360004704806,0.00628599797455505,0.00131533694422894,0.00837081966416359,0.00100100721310084,0.00628595745554154
0,-0.5,-0.0023601616985852,0.00603693006945876,0.00462835978158348,0.00785463834937647,0.00345727422070574,0.00603645803972087
0,-0.5,-0.00866947339246031,0.00587549657480245,0.00820842568120376,0.00892492045489541,0.00538668215973754,0.0058790247251744
0,-0.5,-0.000575961637128428,0.00601646911488247,-0.00607794444869582,0.00882322535541326,-0.0041737080264998,0.00601519985678455
0,-0.5,0.0124425385753386,0.00605159791336952,0.0114416628999394,0.00862712407953756,0.00793096978156857,0.00605837286160137
0,-0.5,0.00584475110831507,0.00618793658256796,-0.00136031944085767,0.00852191652775171,-0.000978460864980928,0.00619031690283317
0,-0.5,0.00102398376200468,0.00615379730247827,0.00186299495156661,0.00845344301404225,0.00139331632324095,0.00615373284133709
0,-0.5,0.000336757980905386,0.00640447571847642,0.00348066738558493,0.00916459011225293,0.00242688037581606,0.00640407921389966
0,-0.5,0.00398956887713176,0.00632852035819365,0.0098199445203671,0.00959045379295042,0.00663214289213906,0.00632656359140394
0,-0.5,-0.000411445621528013,0.00631152859672948,0.00951111034943203,0.00966102716377257,0.00624004666298654,0.00630881652718675
0,-0.5,-0.0038344035774631,0.00594197248417999,-0.000399994710175978,0.00971529951836525,-0.000249170664891139,0.00594307658807217
0,-0.5,0.00384018296584076,0.00619384478877885,0.0153511311742657,0.0111386479401672,0.00849539117789552,0.00618972993455544
0,-0.5,-0.00221282475723039,0.00603837547720835,-0.00596100314130013,0.00926028140918869,-0.00387970631880236,0.00603762459099685
0,-0.5,0.00243389006234687,0.00624495300193922,0.0113839729959684,0.0095566934625956,0.0075207787309175,0.00624136221388524
0,-0.5,0.00923951131740323,0.00597354757937574,0.0202949287749015,0.00840203781255793,0.0143172653119156,0.005964571893025
0,-0.5,-0.00617867380693647,0.0061221190810649,0.000102635743804086,0.00883775473283951,7.10563606172351e-05,0.00612489237310616
0,-0.5,-0.0016584857797546,0.00588565336825088,0.00111697087492968,0.00794765213558504,0.000808914522586061,0.00588581333371883
0,-0.5,0.00560979304004741,0.00581267203656595,0.0123619784109861,0.00770783680487857,0.00924730277805335,0.0058084815234706
0,-0.5,-0.0080585252847789,0.00622159185133481,0.00338807491370486,0.00873594311536733,0.00238120690607778,0.00622581135682819
0,-0.5,-0.00459157439504841,0.00634295369209033,-0.011551106157841,0.0074343281359914,-0.00960565740286888,0.00633800342969308
0,-0.5,-0.00339407374982905,0.00608939590236424,-0.00230420631010027,0.0073901952587655,-0.00189164629019874,0.00608997686709949
0,-0.5,0.0074494886211483,0.00586565835798693,0.00491234755140092,0.00909911299972705,0.00311759648769206,0.00586916534888986
0,-0.5,-0.0130391119005008,0.00595092936366364,-0.0137290287461568,0.00800925283686408,-0.0101762997524784,0.00595593252842325
0,-0.5,0.00657305176882608,0.00615352619174292,0.0160271577802616,0.00877264929041542,0.0112873274711107,0.00614744087888725
0,-0.5,0.00221906572602697,0.00618010630522071,-0.00324494664504478,0.00913873808382625,-0.00219518400871085,0.006180113876108
0,-0.5,-0.0108138011625818,0.0062646959152259,-0.0267597711178288,0.00927274233906338,-0.018393499205422,0.00624902938641652
0,-0.5,0.0002074547646591,0.00616771472026907,0.00572560568817252,0.00830536462029278,0.00431062494096617,0.00616637978524405
0,-0.5,0.00547909255118885,0.0061224923625241,0.0116402364454768,0.00829049033872392,0.00869555745729239,0.0061191776504609
0,-0.5,0.00269016793504823,0.00632686278490493,-0.00168027618589489,0.0082207714908301,-0.00126851758350986,0.00632725512360556
0,-0.5,-0.000476207126819114,0.0062737408658633,-0.00313664008151401,0.00783453905606082,-0.00242600866477218,0.00627334210076509
0,-0.5,0.00630400829526496,0.00588301497410198,0.00662101975281046,0.00777563649075864,0.00488700459573316,0.0058842257598821
0,-0.5,-0.00509539342825079,0.00613575351849982,-0.00247241973338556,0.00875825942542229,-0.00176504432740127,0.00613740904452529
0,-0.5,-0.000567768169588272,0.00581601121569572,0.00468165049382266,0.00842173208219708,0.00323935713718495,0.00581522353488214
0,-0.5,-0.00607870874744935,0.00598036226328238,0.00494870146325239,0.00755145725550722,0.00400174708468008,0.00598192868824583
0,-0.5,-0.00306623871289837,0.00597089645826831,-0.00505945417079242,0.00847179033466168,-0.00353969107250704,0.00597066197087175
0,-0.5,-0.00333354197787083,0.00612548647462542,-0.0018816017536688,0.00821748402510949,-0.00142531703483387,0.00612614590560229
0,-0.5,-0.0117006001113592,0.00635121853685638,-0.00730883806450247,0.00981803849791569,-0.00476482250433336,0.00635913732041958
0,-0.5,-0.00474819275926008,0.00605913373862712,-0.0175277496661605,0.00883685102465016,-0.0122121257487466,0.00604980284540341
0,-0.5,0.00704656427078642,0.00634707675737152,0.0164364073090187,0.00914488900639675,0.011644554085949,0.00634110391642287
0,-0.5,0.00111031866602619,0.00619842182767993,0.00914217104941965,0.00956381063098747,0.00574310078008966,0.00619614946978976
0,-0.5,0.000775822362834155,0.0058053622747763,0.00838878109529131,0.00831424143552083,0.00571613286663389,0.00580287236519284
0,-0.5,-0.00308390710976098,0.00589424434505383,-0.00045477091082608,0.00735333264560889,-0.000362120528372065,0.00589495877477974
0,-0.5,0.00136178258620837,0.00604405314835001,0.00730128573634628,0.00810667598571457,0.00528029821347408,0.00604213072244232
0,-0.5,-0.006441794594841,0.00595219452940543,-0.0163328310953761,0.0087849822772667,-0.0112738122285504,0.00594574573902003
0,-0.5,0.0076059935812626,0.00605760324755603,0.00525392809176796,0.00845377354091371,0.00383316746814335,0.00606078070779033
0,-0.5,-0.0040679184683319,0.00630170524372688,-0.0224822247027138,0.0116824597097607,-0.0124354021788346,0.00629201674020822
0,-0.5,0.000982186278726698,0.00606605189824312,0.00964643316738728,0.0077008355776334,0.0074967402239756,0.00606198932710159
0,-0.5,6.60558757813605e-05,0.00600698926313686,0.00305273677648776,0.00796260544001023,0.00233511994055294,0.00600658382116558
0,-0.5,-0.0138320582828187,0.00608845624290459,-0.0176999052877427,0.00814789429606093,-0.01282497965972,0.00609042153006298
0,-0.5,-0.00206262365837889,0.0058774706141921,-0.00754154906111729,0.00896030575866591,-0.00475509719360128,0.00587606711937683
0,-0.5,-0.00686004470690648,0.00622251295640677,-0.00233395882199882,0.00898361904133145,-0.00165918666091282,0.00622566689417448
0,-0.5,-0.00128900045674156,0.00598926571948687,-0.0135773889061985,0.00837140901871995,-0.00953449396348365,0.00598259478751902
0,-0.5,0.000938848931572049,0.0060040201051607,0.0115807373445412,0.007861338140606,0.00875236542680898,0.00599837798199815
0,-0.5,-0.00550425186160703,0.00611835176303435,-0.00506112639310691,0.00816604227781214,-0.00388252814970388,0.00611945882150575
0,-0.5,0.0113964176856838,0.00583322727945421,0.0107617697099753,0.00834037623447817,0.00757671588675974,0.0058388174904736
0,-0.5,-0.00747544476736342,0.00580789200419298,-0.00801345897050511,0.00773075444422848,-0.00585394099711566,0.0058095685092103
0,-0.5,-0.00663190551586324,0.00620632007683017,-0.00891691509415813,0.0092490233884429,-0.00595769584074894,0.00620692646108056
0,-0.5,0.000438787749881875,0.00611382269210232,0.013688366731199,0.00833209319826498,0.0102026514517794,0.00610625200530891
0,-0.5,0.00113626581811755,0.00629758422414005,0.00809173799956598,0.00860142969249321,0.0057261374640759,0.00629537475658342
0,-0.5,0.000573635930909608,0.00601162704775343,0.000758958604590334,0.00877184140720451,0.00053920526584857,0.0060116298961346
0,-0.5,0.00400435837496384,0.00622832547767111,0.00726205754894667,0.00848076540970615,0.00524305349875787,0.00622751073549867
0,-0.5,-0.00599577248085866,0.00609199193806903,-0.00574925880351485,0.00929938633790452,-0.00366345710951425,0.00609363907979682
0,-0.5,0.00456692424253625,0.00594696013824235,0.00830926499151127,0.00900801322309498,0.00561749219849924,0.00594615387193777
0,-0.5,0.00338700389465542,0.00584803817146119,-0.00340751249562054,0.00933516782970513,-0.00221432088327413,0.00584854338581009
0,-0.5,-0.00284202259621471,0.00599051741548365,0.00564673035488361,0.00942668698467976,0.00365070992298651,0.005990125350297
0,-0.5,-0.00297948369564435,0.00568746200651666,0.000438338731277547,0.00773585224859906,0.000320923853291984,0.00568816018068843
0,-0.5,-0.00559251580740179,0.00607917663843421,-0.00294093515725317,0.00917100228192452,-0.00196193519129807,0.00608118709395296
0,-0.5,0.0062399534277054,0.00611651354333402,-0.000755130075973333,0.0101289110026339,-0.000463205760781983,0.00611933012473508
0,-0.5,0.0037888543487077,0.0061273615876668,-0.00455734860287113,0.00857175684158368,-0.00326769970228484,0.00612762855420573
0,-0.5,-0.00106321289929699,0.00609735182737998,0.00949110918693181,0.00878847586362745,0.00684330766984561,0.00609401245274589
0,-0.5,0.00464591147305111,0.00586266647089302,0.00587428721720901,0.00797738380020705,0.00422875181316592,0.00586295036369583
0,-0.5,0.00958270283182633,0.00598306330874044,0.0206363726851105,0.00847572020485293,0.0147149368891921,0.0059737237839101
0,-0.5,0.000540017085613129,0.00604432735381252,0.000899687035572478,0.00907791765929705,0.000601391384953393,0.00604432218110792
0,-0.5,0.00949385827780737,0.00592880087094257,0.00650898721239626,0.00830342646337258,0.00473730722746973,0.00593391854054702
0,-0.5,-0.000349520512757855,0.006061304575028,0.00221038386969362,0.0082915687695791,0.0016115540272096,0.00606112245949384
0,-0.5,0.00589651234539666,0.00618599778349349,0.00442714522536214,0.00865778200808038,0.00320037381785846,0.00618775688231548
0,-0.5,-0.00641114868586496,0.00593255618838246,-0.00229838109673011,0.00730168126690227,-0.00186442416527055,0.00593539898027666
0,-0.5,0.0108177792687983,0.006123956507921,0.00444055645942095,0.00778409936764816,0.00346489199180358,0.0061315812513925
0,-0.5,-0.0087264237837746,0.00615838033497525,-0.00386258384418259,0.00899707137149548,-0.00258151841696731,0.00616339085959816
0,-0.5,-0.000420523744451209,0.00597520557384318,0.00279982308851833,0.00826846662869923,0.00207261773389944,0.00597489704758527
0,-0.5,-0.00707893331796615,0.00582677492336189,-0.00278730427031097,0.00839516371839289,-0.00195278802482048,0.00583035091037432
0,-0.5,-0.00283837238235197,0.00610847398688772,-0.00458078701145187,0.00896260640440217,-0.0031912045769761,0.00610831894671897
0,-0.5,-0.000411796786003134,0.00609496284649713,-0.00135808112466896,0.00848878489585717,-0.000980822431178999,0.00609490493862738
0,-0.5,-0.00341673992810628,0.00607184866269763,0.00286650832947235,0.00894405664543346,0.00197438466778881,0.00607241957457168
0,-0.5,-0.00508511431872342,0.00618219552321301,-0.00838216285046675,0.00871204194367088,-0.00590452056902332,0.00618154898704569
0,-0.5,0.00555598864104273,0.00592197717486508,0.00930353804348975,0.00806012913294231,0.00688946657225862,0.00592071994587867
0,-0.5,-0.00041617942802665,0.00609046348179801,-0.00332975900239592,0.00814435512804967,-0.00249412916467848,0.00609002112817691
0,-0.5,-0.000260166314268393,0.00626123194683051,-0.00192693572638645,0.00954806547027428,-0.00129056515527311,0.00626111906600557
0,-0.5,-0.00523592491643977,0.00611766787801782,-0.00513236665651384,0.00845479639632938,-0.0035827391010796,0.00611872825476468
0,-0.5,-0.00162056735446851,0.00597941056040713,-0.00472571721356083,0.00799096267432184,-0.0035453838893776,0.00597866634305729
0,-0.5,0.00389323530596855,0.00618988634884807,0.0179043430064536,0.00876808301153728,0.0127401054423372,0.0061793246607193
0,-0.5,-0.00518864018725714,0.00634370410162053,0.00342671391727691,0.0090587030086536,0.0024053591783644,0.00634517251624414
0,-0.5,-0.00856479881081758,0.00598610693515414,-0.00511179002705221,0.00876329094704983,-0.00347235171972372,0.00599068650831091
0,-0.5,-0.0138246555147048,0.00596396548344163,-0.0228915883670644,0.0096666355198575,-0.014174645805647,0.005963229179152
0,-0.5,0.00366229931222551,0.00597942392912242,0.00157180912534792,0.0094891129745409,0.00102904253092883,0.00598034835811371
0,-0.5,-0.00580901241264894,0.00612774551261456,-0.00251973105543225,0.00975597512634358,-0.00161534921680256,0.00613000514029403
0,-0.5,-0.00112482414240067,0.006047212802883,-0.00292209041329868,0.00842249967926389,-0.00207071173088715,0.00604698973919744
0,-0.5,0.00685594653905489,0.00589981787226474,0.00210306005035061,0.00829406166403344,0.00150170755452102,0.00590322174231131
0,-0.5,0.000854345822551074,0.00610970909180709,-0.00923106952665269,0.008296164595834,-0.00683009354652144,0.00610636214036215
0,-0.5,-0.00370834430640846,0.00598958702313563,-0.00270325213544485,0.00816681512957074,-0.00197910064675207,0.00599032145841277
0,-0.5,0.000811551390333043,0.00617117436758288,-0.00583073390661873,0.00837783282430039,-0.00428538300890873,0.00616990028935516
0,-0.5,-0.00814834934794219,0.00619989243584238,-0.00545950349132566,0.00920862694732576,-0.00371449598968376,0.00620365374874351
0,-0.5,-0.0177156058836503,0.00613570346954043,-0.00872648067242202,0.00749654995063299,-0.00710512408082613,0.00615476465091272
0,-0.5,0.0107943428901966,0.00624437974563966,0.00534677934442763,0.00998468947336192,0.00336271412882089,0.00625183369514411
0,-0.5,-0.00304580370360548,0.00595887579103625,0.00422252568446506,0.00869387453917306,0.00293593952149168,0.0059589251834838
0,-0.5,0.00417758990462425,0.0061759897408014,0.00801035043221869,0.00807152305592802,0.00617502748840997,0.0061745030689853
0,-0.5,-0.00854695406298091,0.00633458241973915,-0.00970930061549879,0.00893894860167066,-0.00702636910955518,0.0063362308661815
0,-0.5,0.00127169119930478,0.00610975728917263,-0.0186496763658489,0.0097109733228301,-0.01193001513588,0.00609949260033416
0,-0.5,-0.00634814428493834,0.00625108754029777,-0.0128567867688856,0.00916892960570858,-0.00868311963810083,0.00624860186362449
0,-0.5,0.00143475330047391,0.00590968567476641,0.00661036327031087,0.00844093599431993,0.00471035873005854,0.00590815697844414
0,-0.5,-0.00657191795572751,0.00611299756053583,0.00162002066231948,0.00980443699035726,0.000981086552179579,0.00611607125464574
0,-0.5,0.00337574222657399,0.00635490663275394,0.00437435052797928,0.00916257560494541,0.00295364382127832,0.00635509184332589
0,-0.5,0.00242456962565089,0.00618104682415937,-0.00551803660659496,0.00848241718137962,-0.00398733457841005,0.00618032726937171
0,-0.5,0.00245465830387809,0.00630890322142312,0.00660403778015456,0.00870055541589794,0.00495301754390825,0.00630760808721991
0,-0.5,-0.00312870590795393,0.00606000006581596,-0.000593231160879552,0.00901787906259154,-0.000397836390696396,0.00606070885101952
0,-0.5,0.00729616585892285,0.00618514280299104,0.0206497157328613,0.00943806512658716,0.0139957713190329,0.00617489354414913
0,-0.5,-0.00439813734864971,0.00627354555404463,-0.00531818802143179,0.00843892251523452,-0.00399226704848782,0.00627378553696675
0,-0.5,0.00368385468491199,0.00612465815583409,0.00207957611799899,0.00811421924041405,0.0015958641675017,0.00612545881183888
0,-0.5,0.00668716821594263,0.00613911063640091,0.0183930817545811,0.0086259329105876,0.0133984498403148,0.00612933481454942
0,-0.5,-0.0159418320396164,0.0060404892072498,-0.0150025142533738,0.00860590917383121,-0.0105009630474364,0.00605111662486785
0,-0.5,-0.0073611133395744,0.00614042655505862,-0.0149068655406268,0.00916597964449772,-0.0103523017038304,0.00613658791465532
0,-0.5,-0.00274669145682995,0.00630749366628829,0.00187905913741756,0.00902495057614572,0.00131774558033174,0.00630790013337333
0,-0.5,0.00544562518437391,0.00605685244392315,0.0083017564710064,0.00817972172909658,0.00619109159311409,0.0060562134281355
0,-0.5,-0.00455812245051608,0.00596664126525774,-0.0010894842085718,0.00765120409592126,-0.000856104991098133,0.00596814506132913
0,-0.5,-0.00139974029042977,0.00601082165549889,0.00924641083224559,0.00886206228337593,0.00647241388821051,0.00600785142198756
0,-0.5,-0.000811138885049441,0.0060413553784685,-0.00519322505071512,0.00966282966362091,-0.00327429541809815,0.00604061179810228
0,-0.5,-0.00360129455942887,0.00629111984418233,-0.0108483407743636,0.00891422854050665,-0.007553867531372,0.00628802241784627
0,-0.5,0.000706582972774316,0.00619291302526081,-0.00226652159032133,0.00894274133848351,-0.00161863251310417,0.00619276111875452
0,-0.5,0.00875239992662374,0.00620819244295251,0.0173810195765077,0.00931427756186259,0.011721935908097,0.00620384731330337
0,-0.5,0.0163702544182246,0.00595050256479827,0.0107982924199309,0.00874596976057547,0.00718735936685408,0.00596677130219892
0,-0.5,-0.00385736599374551,0.00622097226976321,-0.00156778222404388,0.00786878517294333,-0.00120290058657144,0.0062219288757926
0,-0.5,-0.0055149169734232,0.00596082154021587,-0.000516480612147683,0.00875840268412021,-0.000357661118683013,0.00596309642038233
0,-0.5,-0.0142259671908832,0.00619737802532637,-0.00716165605586658,0.00801037185357806,-0.00553980967668164,0.00620965474084905
0,-0.5,-0.000889492657389448,0.00634634373935121,-0.0119799280280666,0.00848157188641292,-0.00897535842317258,0.00634080062426868
0,-0.5,-0.0019031209737946,0.00619509364625446,-0.00522659362194787,0.00983154988865052,-0.0033177659993077,0.00619456481139553
0,-0.5,0.00146189145293256,0.00615936422795814,0.00558132127371833,0.00889422299965715,0.00376609795681526,0.00615849534875248
0,-0.5,0.0112427382848461,0.00606034588294934,0.00548419024548526,0.00807529017363474,0.00407213150942701,0.00606842347016986
0,-0.5,0.00627410779463569,0.00614190621829922,-0.00102685255977573,0.00848849470603917,-0.000734236853217925,0.00614471566952715
0,-0.5,-0.00334854130641209,0.00607216367325038,0.00311815969863775,0.00892504026585674,0.00218204001456153,0.00607263731505533
0,-0.5,-0.000142550559471004,0.00605274372630016,-0.00353261513010398,0.00791768441020393,-0.00256756208795271,0.00605225925863776
0,-0.5,0.00125835031608528,0.00601275758802103,0.00155915177565377,0.00866330158316406,0.00108381033474096,0.00601278797098612
0,-0.5,0.00352344183962414,0.0059474334025748,-0.00113849055317672,0.00935423695684967,-0.000714457337848096,0.00594833014317538
0,-0.5,0.00135233034971862,0.0061303721547994,0.000277044553841244,0.00796613992101483,0.000221042746360454,0.00613050128335179
0,-0.5,0.00194123915420964,0.00638225239880488,0.00744218146880612,0.00933687599347183,0.0051203805776892,0.00638070426287001
0,-0.5,0.0038061378242928,0.00580674404464476,-0.00346993268297886,0.00781350558696504,-0.0025791015114672,0.00580735191424575
0,-0.5,-0.00469399916076589,0.00620927173467368,-0.00619631422258735,0.00980596946334213,-0.0040324915222442,0.00620968386070501
0,-0.5,0.0075424942049358,0.00649211304745425,-0.0030808200109688,0.00909287414278977,-0.00224552089894839,0.00649560943429966
0,-0.5,0.00740843849261085,0.0059984710544966,0.00647481851261755,0.00816496397489819,0.00463323895762475,0.00600096181118866
0,-0.5,-0.00615520868222955,0.00612703640957607,-0.0190147969748067,0.00853509448248946,-0.0136342125825228,0.00611627535912583
0,-0.5,2.60551329079215e-05,0.00620462026228877,0.00941211376886649,0.00825839263366702,0.00705404051363584,0.00620106296571389
0,-0.5,-0.00824039902593744,0.00629207992718518,-0.0072659698482122,0.0084792529067618,-0.0054319996513168,0.00629477539251341
0,-0.5,-0.00250070982870443,0.00597356525117594,-0.0158825609862524,0.00911267753645958,-0.0106974953209658,0.00596545075259838
0,-0.5,0.00829648889308302,0.00632215161498367,0.0155595161023117,0.00921315582312211,0.0106987682543212,0.00631896523356297
0,-0.5,-0.00713732348010317,0.00593613586949061,-0.00806497896346073,0.0090696439900877,-0.00549494888423079,0.00593770249627926
0,-0.5,0.00271522785536372,0.00608495639021444,0.00232311422523767,0.00738159804871875,0.00193790424978787,0.00608522124376568
0,-0.5,0.0101031386200586,0.00602121291045749,0.000741371036675011,0.00856720298464317,0.000527544955953925,0.0060287608887329
0,-0.5,-0.00217300564760508,0.00610055453067855,-0.00189454051271342,0.00951079237037708,-0.00120023064218056,0.00610079404174269
0,-0.5,-0.0117682993718135,0.00593449039278438,-0.0053253948049461,0.00988301869072249,-0.00329664426852291,0.00594412394810663
0,-0.5,0.00225006013671137,0.00611658121718936,-0.00214211271906579,0.00863341731928147,-0.00149512977421537,0.006116786912407
0,-0.5,0.00123476999833067,0.00596325445785239,0.00909928043385073,0.00782456294391571,0.00693333112447552,0.00595975779695907
0,-0.5,-0.00740522576115009,0.00584219743024511,-0.00927546651716295,0.00875659106485949,-0.0062137802489283,0.00584344706774021
0,-0.5,-0.000726432469949387,0.0060459411190855,0.0098577764378435,0.00851815020349373,0.00670572151640013,0.00604265946525882
0,-0.5,0.00309083523682286,0.00620595387555242,0.00101728200297783,0.0102654884222341,0.000614085130560534,0.00620660937929402
0,-0.5,0.00643360933435128,0.0060960618190353,-0.0081310080332149,0.00885953482978869,-0.00583215323806108,0.00609660084261783
0,-0.5,0.00425194594876523,0.00643087149920428,0.00403043664831976,0.00936521455723633,0.00279014364441795,0.00643157435592375
0,-0.5,-0.00601950302016757,0.0062602820689542,-0.00551724642286843,0.00983011140703245,-0.00362768253104279,0.00626191231631183
0,-0.5,-0.00660723733763228,0.00626240922233115,-0.00833123992235233,0.00781816712924381,-0.00654165709461233,0.00626247013382014
0,-0.5,0.00288074739983853,0.00627060310476027,0.00111835168061327,0.00888899610645352,0.000809711513226941,0.006271141996345
0,-0.5,0.0148371532721953,0.00614822403704642,0.0159904630688039,0.00796847025336822,0.0125598967751026,0.00615273492861892
0,-0.5,0.000886856968026467,0.00591978901513221,0.0128901595419677,0.00877164192203221,0.00859673255510143,0.00591424496610634
0,-0.5,-0.00637898392311071,0.00589078750749837,-0.00136863666942948,0.00834818727513928,-0.00094360074140893,0.0058938208072683
0,-0.5,-0.00101845212130247,0.00614881733505798,-0.00850255926902312,0.00869685885353731,-0.00583445360597297,0.00614643127442551
0,-0.5,0.000596829259065827,0.00592764163913917,0.00357910886310185,0.00797852073637099,0.00271459479263657,0.00592711111105315
0,-0.5,-0.00419157874793094,0.00587345635593468,-0.0078457382164717,0.00748687265354354,-0.0062067913415913,0.00587185272748235
0,-0.5,0.0112784033344776,0.00596142027983558,0.0143035613550554,0.0090255425837272,0.00939019660109081,0.00596435209614465
0,-0.5,0.00448926778355053,0.0059770574087886,0.00577876481550145,0.00900003231295399,0.00396673422565305,0.00597738824993351
0,-0.5,0.00176946696344755,0.00589566729835511,0.00558518658124887,0.00801704460614203,0.00401778916948254,0.00589467629776727
0,-0.5,-0.00223833941898416,0.00613469677179333,-0.00182006593376757,0.00912118377119038,-0.00122333336046371,0.00613495144694919
0,-0.5,-0.00414446528757877,0.00591266090212105,-0.00148109403236247,0.00780563780453323,-0.00106534920778898,0.00591387806712267
0,-0.5,-0.00125410235635206,0.00613164187332043,0.00537401607160447,0.00800596600653053,0.00408267844286227,0.00613054685919858
0,-0.5,-0.00294077693047669,0.00646752957683428,0.00427327687121092,0.00944974511469638,0.00304505391088548,0.00646748726655221
0,-0.5,-0.0081882577060468,0.00598397256121934,-0.00708423465581586,0.00770019779296969,-0.00557986657083779,0.00598665734764397
0,-0.5,0.00278699775800214,0.00599699807552927,-0.00181805988759825,0.00889976783119285,-0.00120650359206847,0.00599746869053061
0,-0.5,0.00313523371234797,0.00600754838388883,0.00345429986379921,0.0110744970799756,0.00193400427064796,0.00600800143214044
0,-0.5,-0.00513363613389351,0.00618939456417694,0.000437504044909672,0.00927961819849657,0.000301156195276384,0.0061912768591597
0,-0.5,-0.00150371944256551,0.00625584900984808,-0.00898400516033043,0.00815976010917335,-0.00700180034075844,0.00625254041332045
0,-0.5,8.18433269796418e-05,0.00622989897845496,-0.00776113942172641,0.00988311858390848,-0.00506093827524367,0.00622807812433168
0,-0.5,-0.000872436609808068,0.00623379083936502,-0.00616698328546048,0.00826212684247444,-0.00480339962491298,0.00623220557682571
0,-0.5,-0.00331666104683847,0.00622096130136781,0.00327079451411626,0.00846081725983611,0.00245356236784993,0.00622131600347355
0,-0.5,0.00764085844743148,0.00601362648053116,-0.000581905686740362,0.00871942493194485,-0.000411615015750835,0.00601795077442104
0,-0.5,0.010112776716589,0.00618161244341256,0.0074328824933773,0.00992052818168414,0.00476999925217252,0.00618731913939837
0,-0.5,0.00594654272053132,0.0059467033164722,-0.00802815938687248,0.0087588123314748,-0.00550245091228796,0.00594708643963667
0,-0.5,-0.00116457671693158,0.00601441539689967,0.00424407960734116,0.00819183947609432,0.00322781554914929,0.00601374201833552
0,-0.5,0.00661214947065924,0.00600698335038534,0.00754287032987742,0.00798788217347066,0.00574949612399613,0.00600777690143518
0,-0.5,0.00282581625610992,0.00592333442882428,0.00209146170607613,0.00949574657202223,0.00131817097790825,0.00592380744847253
0,-0.5,-0.00657399765943351,0.00590412729943502,0.00187445940994432,0.0107657108974684,0.00103038697957489,0.00590733107433523
0,-0.5,0.0056824012482902,0.00618131989854832,0.00888278699323679,0.00895944152793839,0.00606636179429682,0.00618099596271135
0,-0.5,-0.0100228072399437,0.00624058383958584,-0.0130116572646619,0.00827126278246729,-0.00983715413245272,0.00624084548718208
0,-0.5,-0.000515140392944595,0.0063527448739641,0.00974162023349541,0.00999364951490916,0.00612501251058668,0.00635016056121696
0,-0.5,0.00160935268789873,0.00601724178289833,0.00916010329652712,0.008155882930074,0.00652329902656916,0.00601427321079706
0,-0.5,-0.00210925738204007,0.00596951903757164,-0.00121084176363943,0.00820851218350868,-0.000881155005058854,0.00596979443671753
0,-0.5,0.0019733358327327,0.00607487666951142,0.00557395797327728,0.00848677806522088,0.00401236087725422,0.00607398098806689
0,-0.5,-0.00851803739773089,0.00623364424885235,-0.0148840733896182,0.00953465646378581,-0.00971413967363007,0.0062320943334017
0,-0.5,-0.00685707012286028,0.00590900940518431,0.000864106093768463,0.0100558791904035,0.000510607373182941,0.00591255927010219
0,-0.5,-0.00201986225491392,0.00600718404923832,0.000170122875044602,0.00756540856256109,0.000131134086697747,0.00600748633435457
0,-0.5,0.00776886025710055,0.00626518848807257,0.00633050515907299,0.0094634573610507,0.00440911671999363,0.00626807614034018
0,-0.5,-0.00706168242097391,0.00609743834895404,0.00609196113507139,0.0084389935417578,0.00447840793826958,0.0060996155028392
0,-0.5,-0.000573816023291715,0.0063267232459879,0.00444547005982458,0.00845915664538266,0.00332162002745775,0.00632597692931845
0,-0.5,0.00379099806601079,0.0062184910004108,0.00167762747479433,0.00887858129291646,0.00116195433452361,0.00621941882080961
0,-0.5,0.00508405866204214,0.00635993125596621,0.00146761643757726,0.0105363194400522,0.000873536236106321,0.00636166824762088
0,-0.5,-0.00454342656343357,0.00608363021080725,-0.00616435797600751,0.00970606322476333,-0.00399830223977097,0.00608397127443855
0,-0.5,0.00252271026324197,0.00616692182914366,-0.00287635470161217,0.00876841778229694,-0.00200971306739153,0.00616708925755009
0,-0.5,0.00283445588767316,0.00616531073174218,-0.00878400417227816,0.00915686621646701,-0.00575257659011738,0.0061635052837374
0,-0.5,0.00344981125329515,0.00592394970911679,0.0156682466538183,0.0100048968381885,0.00960937389542663,0.00591785511394111
0,-0.5,0.00429776837566152,0.00599029541078317,0.00234930126904069,0.00691325956499632,0.00202679973370403,0.00599136778710417
0,-0.5,-0.010585972597745,0.00619073620473298,-0.000609644706717416,0.0086195532343361,-0.000438911783761071,0.00619874800597481
0,-0.5,0.00835227807576096,0.00595501291552011,0.0155739178280263,0.00891161570974802,0.0106804851239081,0.00595167761773936
0,-0.5,-0.000280585356362936,0.00605547958910206,0.00860275834649357,0.0109595560642899,0.00491679651269264,0.00605370401449784
0,-0.5,0.00959628783274535,0.00558772518997594,0.0167409654227073,0.00891989412869517,0.0106167071109313,0.00558604747026656
0,-0.5,-0.00723581247847036,0.00608288788926842,0.00989422645601006,0.00916243609400374,0.00664457737509961,0.00608348914485159
0,-0.5,-0.0036561272868007,0.00599270720275754,0.00139626606688473,0.0090262404881552,0.000949724112687859,0.00599363743308395
0,-0.5,-0.000176308634602655,0.00590203949402624,-0.0126365596861192,0.00855097286514166,-0.00882919989681295,0.00589610880549495
0,-0.5,0.00527149273044073,0.00618216969584812,-0.000854455097902632,0.00991983642358624,-0.000530553144072738,0.00618414400728686
0,-0.5,-0.00573419755997454,0.00619770879941088,-0.00781634761058202,0.00864971937027337,-0.00563664006129455,0.006197788189216
0,-0.5,0.00081133439382299,0.0063655312430516,-0.0102773971876229,0.00924503882203362,-0.00700602030395511,0.00636217986768326
0,-0.5,0.00595091255269738,0.00605644965898726,0.0045510357146789,0.00850028034257873,0.00334131822166737,0.00605823555571501
0,-0.5,0.000674249424306891,0.00594031117519267,-0.00344464998759417,0.00891382870043643,-0.00230794511509325,0.00593994358105726
0,-0.5,-0.00660603262699835,0.00620310306699477,-0.000382830480116684,0.00877153496110173,-0.000270912901880886,0.00620621646904815
0,-0.5,0.00296198544152292,0.00585534225421754,0.00587699943165072,0.00841820941784438,0.00406631424763807,0.00585474611921079
0,-0.5,-0.00206467287209928,0.00605377948048746,0.00401277315280862,0.00812471569703124,0.00290782390881895,0.00605347048790758
0,-0.5,-0.000627674541702204,0.0061782988803576,-0.011624098893478,0.00901309518938289,-0.0082900003426751,0.00617338683585756
0,-0.5,-0.00473370191170627,0.00598961787037084,-0.00974935467594902,0.00753921905731174,-0.00796898501384945,0.00598654735466126
0,-0.5,-0.00128872834980153,0.00603389175543349,-0.00629856695185221,0.00856588714351093,-0.00454179530954158,0.00603248795699103
0,-0.5,0.00239851449403656,0.00603894819299734,0.00439706019001563,0.00862895074722391,0.00313390014884638,0.00603864742850548
0,-0.5,0.00796785499550691,0.00614804523542465,0.0040121289048581,0.00829615969445838,0.00296289171151834,0.00615199879855265
0,-0.5,0.00484842133228692,0.00607715702970542,0.0181099337508755,0.00807767930840675,0.0136270276943304,0.00606524246029524
0,-0.5,-0.000428648071096886,0.00618096943180641,-0.010255690215681,0.00886038267458472,-0.00728127775305985,0.00617717401842907
0,-0.5,0.00251713411492095,0.00629677002813306,0.0045366260684747,0.00939790464507593,0.00310333698977649,0.00629653892743127
0,-0.5,0.000410292630668083,0.0057733554626123,-0.00288539632225999,0.00734912968372194,-0.00222987737252346,0.00577298007985892
0,-0.5,0.00365457631941925,0.00619756567906441,0.00874409371895384,0.010079507828906,0.00539961802115021,0.0061964348026505
0,-0.5,0.0143623048816944,0.00635210372720925,0.0103754100561245,0.0080694209244164,0.00805629211140011,0.00636190510337007
0,-0.5,-0.00940444880766033,0.00623774920467477,-0.00561564884657626,0.00856373347408678,-0.00397955125412531,0.00624290115308147
0,-0.5,-0.00858821768565085,0.00594126629316478,0.0001966916537212,0.00899639621656175,0.000127644887807007,0.00594682626012845
0,-0.5,0.00791825723901717,0.0061307153018137,0.00390692945249073,0.00763192789102191,0.00311459822121484,0.00613455891593714
0,-0.5,-0.011840828322422,0.00598671558039508,-0.0300017860371343,0.00933804465361478,-0.0197111059895854,0.00596810602699184
0,-0.5,0.00343287545034629,0.00609530029844274,-0.00197094441904347,0.00807644139409158,-0.00147089944914102,0.00609600328022478
0,-0.5,0.00586738570907558,0.00614320616900683,0.0128077855049016,0.00859564359501496,0.00907636310404708,0.00613973433850756
0,-0.5,-0.00257234092200559,0.00629191209766392,-0.000300504610400581,0.00920132190925542,-0.00020950602583765,0.00629237355804653
0,-0.5,0.00632495368659152,0.00604226987970951,0.00418273369270857,0.00882297677073947,0.00289680393588974,0.00604460485107126
0,-0.5,-0.00128751113769021,0.00583724713922187,-0.00661662843341322,0.00829069846936524,-0.00459941780312749,0.00583574381635382
0,-0.5,0.00499375279449908,0.00619966393746041,0.00890029382779697,0.0101090925351334,0.00552078421669467,0.00619926749587309
0,-0.5,0.0051229343771743,0.00636871808733414,0.00133059377305551,0.00880690252316439,0.000970641265543472,0.00637046707314023
0,-0.5,-0.00358274393326828,0.00587754741212935,-0.00820017383818666,0.00911451370642811,-0.00521847565353822,0.00587644672243307
0,-0.5,0.011803806247484,0.00598020362541661,0.00981806824510219,0.00973954851388483,0.00613993809838302,0.00598780461038081
0,-0.5,0.00696523637383567,0.00621919429354926,0.0127799038817854,0.00896911817399481,0.00895425225651624,0.0062169372483608
0,-0.5,0.00440313159542088,0.00624694809332222,-0.000355439401374319,0.00890505427480994,-0.000249130809833428,0.00624831712302647
0,-0.5,0.00839753708900998,0.00626180082184219,-0.00572954732604031,0.0086585380765178,-0.00412187530454128,0.00626558102649154
0,-0.5,0.00727258068400307,0.00626953190449968,0.00593257406336572,0.00834706369957187,0.00438496977545497,0.00627190570849258
0,-0.5,-0.00451846793475852,0.00600795229442711,0.00092302656462751,0.00740781690285067,0.000731897126449029,0.00600943118165099
0,-0.5,-0.00217393654368703,0.00613259658042223,-0.00107436089788315,0.00924408480700444,-0.000728592751552197,0.00613290078297851
0,-0.5,0.00356875821922921,0.00622759062651225,0.00822989124675398,0.00918761508017237,0.00544136734104283,0.00622639031430144
0,-0.5,-0.00205486771155905,0.00584511658803988,0.00178335458135512,0.00834326095947614,0.00124091515550118,0.00584532304689341
0,-0.5,0.00956708998759012,0.00611425568722711,0.0132613926207387,0.0088292564257881,0.00954654351007002,0.00611428428164898
0,-0.5,0.00481514697716965,0.00600673905668101,0.00411399937740567,0.00916346119748212,0.00277147303941198,0.00600789275142787
0,-0.5,0.000991712948112404,0.0061602872783349,0.00182252892558773,0.00881840669534386,0.00125680954269341,0.00616024429746758
0,-0.5,-0.000224533394295823,0.00610889044996778,-0.0120140049324475,0.00828062505962426,-0.00856961004191735,0.00610353923970718
0,-0.5,-0.00945339077941179,0.00618032534880155,-0.0034455667169235,0.00842830716887065,-0.00256512778583955,0.00618626791293892
0,-0.5,-0.00591843011602025,0.00634499916167156,-0.0118823798298166,0.0086526069442192,-0.0084368921366472,0.0063424867494831
0,-0.5,0.0045244759755937,0.00601081004140567,0.000433441901039739,0.00815873294572939,0.000320315555023258,0.00601232428409754
0,-0.5,-0.00434257264421299,0.00613387471901945,-0.0087138932849147,0.00796870488271351,-0.00673167098380631,0.00613195606623106
0,-0.5,0.00150343225357961,0.00596636881826654,-0.00429762721321702,0.00812368947778466,-0.00317923314889611,0.00596577991899445
0,-0.5,0.00720473182654135,0.00607706548753905,0.00627414624911936,0.00980361123000455,0.00384869259763427,0.00607978581754427
0,-0.5,0.00250491418586787,0.00616423097751845,0.00470158697031822,0.00918160284045174,0.00309811348219718,0.0061639914983917
0,-0.5,0.00180134482046459,0.00618362266393145,-0.00629620241523267,0.00891905083796063,-0.00434781292326929,0.00618249876409021
0,-0.5,0.00147575310705107,0.00587926417944436,-0.00974431983360226,0.0102791904977353,-0.0056392859774479,0.00587699984162561
0,-0.5,-0.00642521976686729,0.00599261081799488,-0.0050410543366212,0.00874712103425612,-0.00345866677079398,0.0059947988390905
0,-0.5,-0.00518638892854425,0.00605160231843939,-0.006397692080301,0.0091406141988827,-0.00431365287801907,0.00605221362158861
0,-0.5,-0.00159338681354755,0.00592735980169282,0.000591439534073558,0.00803725429813407,0.000434952044354886,0.00592753755481963
0,-0.5,0.00309469667802035,0.00617066986613097,0.00463659930378965,0.00827737185513629,0.00358676503110052,0.00617043328683282
0,-0.5,-0.00785071380361733,0.00562889772225317,0.000757939835331941,0.00725218310350948,0.000588847024985954,0.00563383409328529
0,-0.5,0.000962912087438807,0.00627253839562482,0.00673696077079918,0.00904838666891817,0.00475857284947448,0.00627100743991113
0,-0.5,-0.00154380171586669,0.00627849491886058,-0.000843394858809672,0.00875202980391388,-0.000608079055597523,0.00627863666759351
0,-0.5,0.00495112487252746,0.00600683616511545,0.0114431349148059,0.00937339806775471,0.00769046136259841,0.00600425818643001
0,-0.5,-0.0066601889756901,0.00576647290227199,-0.00115229234103347,0.0079426400143731,-0.000843673972677271,0.00576988725109046
0,-0.5,0.00845392948710652,0.00612540059588975,0.00124775012821842,0.00801600479544992,0.000972527106391126,0.00613052008110557
0,-0.5,0.00473996002463479,0.00580797247654264,-0.000720331639052145,0.00764767165535355,-0.000540678673747428,0.0058096922656967
0,-0.5,-0.00104572810194144,0.00597724010877388,-0.00127462484905131,0.00867279974044906,-0.000884388878611541,0.00597726342368918
0,-0.5,-0.00251901199752617,0.00607668900884753,-0.00342382378425477,0.00988691101452254,-0.00217661655802128,0.00607680693874213
0,-0.5,0.00281189541005728,0.00630808351114585,-0.00183031430650556,0.0101020055501156,-0.00116756516400701,0.00630854140902142
0,-0.5,-0.000330991113521333,0.0058791749130979,-0.00290298280986237,0.00747391818652682,-0.00221983890874822,0.00587880671697373
0,-0.5,0.00119420261872003,0.00594491534745542,0.00142778021815284,0.00757510887119174,0.00109747125755298,0.00594493205627599
0,-0.5,0.0024400488838831,0.00615936635704015,-0.000931853441091582,0.0091687441687752,-0.000614449882968875,0.00615976850330475
0,-0.5,-0.011476654758104,0.00629039581730621,-0.00782982509104554,0.00770045559869056,-0.00611903681745361,0.00629701406640792
0,-0.5,-0.00975877788431596,0.00608810249011626,-0.0103816341794893,0.00801113203676838,-0.00775209643841814,0.00609067394433892
0,-0.5,0.0100019194844268,0.00614251657909428,0.0107934691201023,0.00844361842793415,0.00796633255758488,0.00614516359001763
0,-0.5,0.00453949303420389,0.0059776027893108,0.0102173216239847,0.00889903715286962,0.00704915285591481,0.00597542468161762
0,-0.5,-0.00618231230512008,0.00613604412678768,-0.0106828135917052,0.00980317688932915,-0.00694528164134403,0.00613531816584091
0,-0.5,-0.00599759060225818,0.00620013593645517,0.00614831243983264,0.00922588233121653,0.00417411419315827,0.00620146249719006
0,-0.5,0.00743563540074647,0.00596689359482681,0.000741122271669054,0.00978457410304644,0.000450026493127774,0.00597102542653441
0,-0.5,-0.00242960737848878,0.0060772123895661,0.00188515625802265,0.00835853839177817,0.00135480142740859,0.00607751070304079
0,-0.5,-0.00624585761829185,0.00598295130779492,-0.0119095842739618,0.00884654617067879,-0.00801889353134612,0.00598105920000484
0,-0.5,-0.0134548630780931,0.00601340655806266,-0.00908766162828267,0.00808785949062854,-0.00669229613633251,0.00602352499443965
0,-0.5,-0.00869687479192357,0.00600208090289295,-0.000845469413817812,0.00849165570110312,-0.000582538717690739,0.00600768698198872
0,-0.5,0.00189222966195182,0.00631506245916775,0.00694779115172515,0.00907047204152279,0.00474460777903513,0.00631373932040709
0,-0.5,-0.00747734832839283,0.00611070858157292,-0.0128686202936969,0.00933506451487411,-0.00830381798490226,0.00610975824258876
0,-0.5,-0.00065138998820432,0.00600758953282613,-3.46944999757825e-05,0.00858391505145109,-2.43206900773563e-05,0.00600762105794581
0,-0.5,-0.0107172800334668,0.00605804225041127,-0.00655802426180409,0.0102330977987691,-0.00388347738223267,0.00606538532950192
0,-0.5,-0.00198594992201141,0.00623429596807316,-0.000114532444333637,0.00910568721706903,-7.97080835427501e-05,0.00623457565103557
0,-0.5,-0.00407387092913657,0.00591005497887791,-0.0163241602955619,0.00900953350372663,-0.0112988581380467,0.00590161261928451
0,-0.5,0.00605839279045713,0.00606022732982097,0.0141396032253782,0.00801073464572558,0.0106896623448389,0.0060545137295701
0,-0.5,0.0126862403193649,0.00630066480083213,0.00880350767829435,0.00807138054982378,0.00676138669524931,0.00630873674715604
0,-0.5,0.0093399439039523,0.00596209828244692,0.0105893363794783,0.00908512007081425,0.00708641508250367,0.00596487840295497
0,-0.5,-0.00417520001765868,0.00591539854925345,-0.00718098240337149,0.0083665118963528,-0.00501802767489265,0.00591481084180086
0,-0.5,-0.00209554129047004,0.00623234182542158,0.000906226665883796,0.00864772700955346,0.00066147871997171,0.00623262276323159
0,-0.5,-0.00083188420469678,0.00608285665383029,-0.00231737660106637,0.00793328038584201,-0.00177719054866412,0.00608267597021603
0,-0.5,0.0107116630524985,0.00616666480468403,0.00250998249282416,0.00822353942635145,0.0018737017140176,0.00617466988546651
0,-0.5,-0.00523199622038214,0.00613770316906976,-0.0119926015147088,0.0074010910423277,-0.00966567035006322,0.00613291506002859
0,-0.5,0.00638324156931664,0.00618173062249378,0.00738205675142298,0.00902298584588436,0.00511405474768397,0.00618277824024398
0,-0.5,-0.00291929565898596,0.00618951370704461,-0.00501722040349395,0.00843379710242417,-0.00374059292038734,0.00618912161440301
0,-0.5,0.00219848570521507,0.0061147176646258,-0.0105736637736891,0.00830334640660597,-0.00777451216282605,0.00611066821560078
0,-0.5,0.00315353085133856,0.00583049068938166,-0.00498832017561122,0.00807389930099615,-0.00366605010093124,0.00583022084444465
0,-0.5,-0.00102576255001303,0.00608251751434749,0.00761575967642541,0.00824223232530436,0.00574719381735818,0.00608017402597432
0,-0.5,0.00890450680987333,0.00604705209242224,0.00397521926623905,0.00777284634351418,0.00310685063812912,0.00605218936245781
0,-0.5,-0.00234054045424312,0.00637624025542419,0.0104551984412565,0.00940451626914029,0.00698107739852476,0.0063732530867146
0,-0.5,-0.00878430748810223,0.00601217748830012,-0.0162807906253164,0.0090748656273771,-0.0110792317581166,0.0060087866408429
0,-0.5,-0.00498583126155459,0.00620956818049014,0.00136353551418437,0.00809120546753817,0.0010430903414154,0.00621126486292288
0,-0.5,-0.000744039239717962,0.00571526273156503,0.000726802308935115,0.00794767971797931,0.00054161512639177,0.00571528331832101
0,-0.5,-0.00104250703329047,0.00578691770012221,0.00184855269294169,0.00800985277675017,0.0013127543159059,0.00578686810845196
0,-0.5,0.00353043788668228,0.00602946162758158,0.0119626640814438,0.00877752907566091,0.00822610632311224,0.00602537047908617
0,-0.5,0.000776031173009046,0.00608387100749107,0.00365767891591154,0.009067739502587,0.00244554490382031,0.00608347705907151
0,-0.5,-0.0057070292774047,0.00623977313483526,-0.00948312966422599,0.00890887457767922,-0.0066939332034327,0.0062389045965903
0,-0.5,0.00752654504943373,0.00599654542982276,0.018306601456869,0.00941274035551968,0.0121157050042821,0.00598981621731903
0,-0.5,0.00731224312387031,0.00618731378568107,-0.00103970887901938,0.00895431506489062,-0.000695218354654046,0.0061911123013569
0,-0.5,-0.00830919452117594,0.00604959921508547,-0.00760211705362541,0.00792768565257512,-0.00571392956433038,0.00605228336391804
0,-0.5,0.00146099294277025,0.00608078787819616,0.00469261873385238,0.00823632636147992,0.00343856116928183,0.00608007770551933
0,-0.5,0.0134308481853342,0.00606882662983509,0.00943478495750654,0.00820773661004809,0.00691414025886375,0.00607856163884974
0,-0.5,-0.00502104668019778,0.0060865024592083,-0.00811214178384235,0.00803565009030641,-0.00611273099556778,0.00608561253378203
0,-0.5,0.000354333504557548,0.00637811381359945,0.0037716506533742,0.0085527777079716,0.00284986404259592,0.00637756202149582
0,-0.5,-0.00530236020308703,0.00591343869541225,0.00341780806155985,0.0094794376031154,0.00217033134586359,0.00591521419202375
0,-0.5,-0.00164054213471142,0.00603886376466588,-0.00687229788375496,0.00688563856015602,-0.00576530466447682,0.00603660494262379
0,-0.5,-0.00684320241763453,0.00629412645862527,-0.0169887017358599,0.00860990650138953,-0.0123157022321424,0.00628676046854794
0,-0.5,0.000175639670189187,0.0059755842072865,-0.0145162670499951,0.00926273909245201,-0.00956256407883887,0.00596873179922663
0,-0.5,-0.000809115551654488,0.00627778312670157,-0.00654814983402587,0.00857674381978576,-0.0048619960147391,0.00627616451344966
0,-0.5,0.00471672412310854,0.00612017096804901,0.00359154402242521,0.00967323040793194,0.00227215314446923,0.00612141292023311
0,-0.5,-0.0102140032720985,0.00605188174800667,-0.00306939336816166,0.0100208848518053,-0.00188438589941558,0.00605930718113917
0,-0.5,0.00157456586994058,0.00592326606894104,-0.00497986126914242,0.00889466464338224,-0.00336670401636625,0.00592259551631043
0,-0.5,7.66925592182507e-05,0.00587058098308597,0.000675568165887712,0.00767245460260662,0.000520429244115418,0.00587056069921797
0,-0.5,0.000775766573248578,0.00626091082272025,-0.0039544827285869,0.00781746096201818,-0.00312406981554398,0.00626026377322435
0,-0.5,0.0064535613934681,0.00616245942753038,0.0019602773369489,0.00833806411956996,0.00148940622665123,0.00616530071859583
0,-0.5,-0.0135078762262212,0.00591938726473444,-0.00462067884655045,0.00822752000854127,-0.00338502312677682,0.00593233248168281
0,-0.5,0.00642602504284202,0.00589387928835806,-0.000142691123377921,0.00805494349084218,-9.93496346442403e-05,0.0058970235301026
0,-0.5,-0.000118692477055388,0.00612910732761817,0.00656551738009025,0.00854594252841214,0.00491079452171091,0.00612735796005565
0,-0.5,-0.00359755265517673,0.00618084289390852,-1.92348989723817e-05,0.00877531135700491,-1.35542079531853e-05,0.00618177213686276
0,-0.5,-0.000777468525995796,0.0061657569595807,-0.00148865409196075,0.00851217402093868,-0.00108116532451926,0.00616571630373751
0,-0.5,-0.00113450081425508,0.00612103735213305,0.00257575524946463,0.0101969787579971,0.00161139709529507,0.00612094216759466
0,-0.5,0.00526864581334292,0.00592337845251518,0.00666731674565777,0.0081102826436236,0.00493206898862976,0.00592363841822086
0,-0.5,0.00144335822629304,0.0059715142950334,-0.00773973864833913,0.00824286224207313,-0.00536097152033427,0.00596951559718414
0,-0.5,-0.00620410260610613,0.00618925569667042,-0.00640301327427424,0.00795803427731941,-0.00488618548937166,0.00619030341392749
0,-0.5,-0.00475790453516705,0.0059451425637589,0.00620271889544337,0.00824709111705701,0.00451427713413852,0.00594531283399997
0,-0.5,0.00235605914868566,0.00612248599193081,-0.00036123869686655,0.00851039227023147,-0.000255333750901466,0.00612288460394171
0,-0.5,-0.000824254064216732,0.00609600824057331,-0.00157617651917436,0.00874297508795487,-0.00106602672321682,0.00609597485081694
0,-0.5,0.0060995873372858,0.00606558501167687,0.00345974954726952,0.00811569829748564,0.00250643172608539,0.00606785802258797
0,-0.5,-0.0182161864681624,0.0062538831628122,-0.0172478802705654,0.00791635653615316,-0.0137412829711636,0.00626400028185495
0,-0.5,0.00484386477371835,0.00597439282363135,0.0066104907535858,0.00852105807120476,0.00466332245822481,0.00597452141973875
0,-0.5,-0.0017097732695966,0.00626820713749764,-0.00100394127704553,0.00874278016061978,-0.000737279642293628,0.00626837501226492
0,-0.5,0.00585152613670182,0.00598304908001586,0.00503529399895194,0.008452052381096,0.00361756454741493,0.00598463083035804
0,-0.5,-0.00929240853692069,0.00600213369893897,-0.0178648116849058,0.00896453016634009,-0.0122717199486469,0.00599734381016367
0,-0.5,-0.000417996634193488,0.00614007401762659,-0.00208172802483059,0.00903265922593122,-0.00141665963133632,0.00613994135694113
0,-0.5,0.000694289428904065,0.00610910184871286,-0.0011186976780757,0.0085216886142278,-0.000810689160533937,0.00610908908445971
0,-0.5,-0.00772529362805477,0.00600704456782582,-0.00660544937460073,0.00851269189001861,-0.0047484637904159,0.00600980720660006
0,-0.5,0.00353242817401252,0.00602057104798667,0.00208489989507161,0.00845400631084769,0.00153193756388197,0.00602132276909512
0,-0.5,-6.04035848029558e-05,0.00586185843360921,-0.0168427814226119,0.00903367922429157,-0.0111938963864335,0.00585223692513242
0,-0.5,-0.00286158332007552,0.00618950003016315,-0.00874682034392894,0.00940053168523767,-0.00590412499579224,0.00618758784462922
0,-0.5,0.000700286846673689,0.00621158267828644,-0.00874665464118812,0.00912550129645637,-0.00581880937501821,0.00620920088667587
0,-0.5,0.01068587471887,0.00608856674219424,0.00346034963835144,0.00852151198547859,0.00248194054364263,0.00609646663732331
0,-0.5,0.00807987220047087,0.00611274399811184,0.00723230683532456,0.00772135178856421,0.00568951584466724,0.00611514028035339
0,-0.5,0.00129694287918476,0.00628938447643154,0.00123874452907806,0.00861450984935181,0.000892112163153734,0.00628944672556057
0,-0.5,-3.07333388756238e-05,0.00577925448360142,0.00383134135761214,0.0106762613965612,0.00215266241777328,0.00577889291503406
0,-0.5,0.00741661442339843,0.00614734933172281,0.00823463151148012,0.00834452249636915,0.00603842151207592,0.00614869001419845
0,-0.5,0.0071353936147895,0.00621507250069277,0.00579161431057772,0.00875630553888155,0.004052712590111,0.00621753152676663
0,-0.5,0.00123646612076719,0.0061082479756282,0.00135905608160058,0.00907517147036938,0.000919610473446354,0.00610829776227884
0,-0.5,-0.00476871107449759,0.00593284181502139,-0.0079403768913959,0.00852845158688245,-0.00574021268801634,0.00593207020722139
0,-0.5,0.00137789691764524,0.00597756948585766,0.00110503656193248,0.00805257965964126,0.000834054836425284,0.00597765954475611
0,-0.5,0.00549641331627302,0.00632511246635404,0.000496566161828476,0.00880448045321158,0.000350135712221957,0.00632721047011946
0,-0.5,0.00367707434838906,0.00632029942927517,-0.00325118609556295,0.00873771325675017,-0.00234250279227126,0.00632086021806571
0,-0.5,0.00108312412956449,0.00592165162421305,0.00276388791701778,0.0080293740366329,0.0019786798722125,0.00592144393641333
0,-0.5,0.0011732891426945,0.00630871987999865,0.00452037237574097,0.00901140418782469,0.00313494864049914,0.00630812849473737
0,-0.5,-0.00981953598762074,0.00605498491956981,-0.012458097534919,0.00811095867373805,-0.00917432799807698,0.00605588806000625
0,-0.5,0.0110201378907549,0.00590871514626941,0.00829921000541713,0.0105487680289799,0.00476345627721747,0.00591621106686883
0,-0.5,-0.000501247978288307,0.00610440064800398,0.00284901225527431,0.00876716514530172,0.00200717104489732,0.00610412513099698
0,-0.5,-0.00530224319951482,0.00610482267513953,-0.00895469104403083,0.00850442775510982,-0.00672864363610526,0.00610357084122734
0,-0.5,0.0113175523626188,0.00596440210370237,0.014271819588998,0.00913863940735227,0.00952405943764801,0.00596720848575884
0,-0.5,-0.00654587506018743,0.00601712199606004,0.00860927207016024,0.00875182319886441,0.00596792018708309,0.00601765908776745
0,-0.5,-0.00176874277277738,0.0060554880180549,0.00357363232848226,0.00847188052677072,0.00254140533536883,0.00605524266462037
0,-0.5,0.00543496509102784,0.00617859151235658,0.0102609950227768,0.00781619507851774,0.0080059491032057,0.00617610800721476
0,-0.5,-0.00721438084150085,0.00601552533136002,-0.0156110817001013,0.00876248454970531,-0.0109729395652665,0.00601044342531092
0,-0.5,-0.00284207734389115,0.00616515134802915,0.00274920596960308,0.0076762485744366,0.00221552828353475,0.00616537961328441
0,-0.5,0.00477200736080109,0.0060039298950235,0.00513509787979977,0.00835924236969582,0.00370151061422051,0.00600460529071854
0,-0.5,0.00518169670745401,0.00603523447302223,0.00886016485180597,0.00825191794728352,0.00656157864141189,0.00603403540319203
0,-0.5,-0.00911401929817817,0.00608517271297318,0.000915159606429237,0.00833797042381887,0.000678843432199536,0.0060912183807966
0,-0.5,-0.00444387670131114,0.00608047173562115,-0.00452044369040728,0.00789602587534921,-0.00356233660544218,0.00608098902506589
0,-0.5,0.00661118213304126,0.00605517150875028,0.00130470633789321,0.00885548403931037,0.000890197618487024,0.00605833252233915
0,-0.5,-0.0131953879526675,0.00612854192085465,-0.0132228705992161,0.00803292996768004,-0.0100227825062071,0.00613388774421071
0,-0.5,-0.0019091959025735,0.00638812078386083,-0.00558786664986466,0.00966590123885031,-0.00384846584693426,0.00638735178444871
0,-0.5,-0.00624887017857417,0.00624091995449324,-0.0034556144065291,0.00891994062919282,-0.00238690139040893,0.00624328532292627
0,-0.5,-0.00963968677079425,0.00602156591711172,-0.0125981029315487,0.00865544657138724,-0.00919270693898264,0.00602219056676974
0,-0.5,0.000845633123478586,0.00598401596595163,-0.0099635951418607,0.00764481706274458,-0.00778723370122287,0.00597953299674509
0,-0.5,-0.00670583832711406,0.00595280631747817,0.00376588952475955,0.00760422697937821,0.00289773289132893,0.00595555783642655
0,-0.5,-0.0126966350217851,0.00630811236541844,-0.0107194964291271,0.00987579013104574,-0.00714364464903335,0.00631581923981226
0,-0.5,-0.00820627483673273,0.00618655830011445,0.000622894141798733,0.0076419745150526,0.000483897642537014,0.0061913696711141
0,-0.5,-0.000121231773483651,0.0060088644859867,-0.00276345333893242,0.00815909252850534,-0.00202468948269971,0.00600856064873131
0,-0.5,0.00846837323534937,0.00613857224136969,0.00176861167669194,0.00798324877273652,0.00136946630673406,0.00614362840455999
0,-0.5,0.00691512504560586,0.00608627349201116,0.000531583448084819,0.00907205704912583,0.000368396255643841,0.00608976323252526
0,-0.5,-0.00739831606234808,0.00588171438940417,-0.0136061195491918,0.00850983342065161,-0.00976391742651786,0.00587861179108084
0,-0.5,-0.000820655077483173,0.00585804609397917,0.00906072556438886,0.00932068313567465,0.00569305434136004,0.00585560934418305
0,-0.5,-0.00159037508661332,0.00600065831843925,-0.00165886079090861,0.00969008486202394,-0.00104295334165127,0.00600076572456789
0,-0.5,0.0129793082629706,0.00610288755126267,0.0112871024612064,0.00848163183592832,0.00834014570000548,0.0061101011616535
0,-0.5,0.00419144708162592,0.00617350093302982,0.00832139900412867,0.00801204065045563,0.00650020304887264,0.00617172530986749
0,-0.5,0.00165631869916331,0.0062353527260725,-0.00158197102481641,0.00891405004496597,-0.00108673016238873,0.00623546367901417
0,-0.5,-0.00354955566029943,0.00609752931605021,-0.00463602683076169,0.00989941949486657,-0.0028904976626141,0.00609783931318592
0,-0.5,0.00457906178670725,0.00604810570563109,0.0100307242799968,0.00882935701686292,0.00671078089994951,0.00604632946396479
0,-0.5,-0.00831635037513459,0.0062159660539201,-0.00212938055514317,0.0088047076866831,-0.00147184956429182,0.00622074074334034
0,-0.5,0.00432458429548366,0.00608026181413974,0.00972992429089734,0.00773757542134926,0.0074291900857176,0.00607758608027262
0,-0.5,0.00373299776133168,0.00629128184826355,0.0131440314670443,0.0104297180096914,0.00813841532391268,0.00628760772164845
0,-0.5,-0.00756217612639394,0.00629552691775191,-0.00603632281686,0.00864842817806283,-0.00433593000234965,0.00629821960733816
0,-0.5,-0.006361672328032,0.00613791963637813,-0.00514685000474919,0.00877057949928899,-0.0036876418422943,0.0061398659486652
0,-0.5,0.00127354334951208,0.00604785928931332,-0.000734808368143887,0.00859954273387365,-0.000531544501814593,0.00604795811550434
0,-0.5,0.00660343177640152,0.00611200470598839,0.00748963098784733,0.00832468729830802,0.00527796464877193,0.00611315153080082
0,-0.5,0.00173165457541092,0.00579419735715744,0.00648484459943222,0.00814999092697281,0.00458955685568656,0.00579279173862592
0,-0.5,-0.00414792369255217,0.00590087952281678,0.000494300410212088,0.00847905771246561,0.000353519536869595,0.00590217867424607
0,-0.5,0.0048593504572983,0.00635245444707189,0.0101997433067567,0.00838451168134582,0.0076953107272212,0.00634998399278631
0,-0.5,-0.00573751806177382,0.00638540395610615,-0.00106383040154445,0.00842752035370057,-0.000817284703843434,0.00638762575934684
0,-0.5,0.00487092647759109,0.00605716339971111,0.00548213203695376,0.00980040371232901,0.00342132515318478,0.00605804862097855
0,-0.5,0.000692557987077995,0.00610623286342312,0.00790027367906868,0.0089786718586861,0.00547905685866171,0.0061040785732634
0,-0.5,0.00370802229232063,0.0061687138400299,0.00756121394533601,0.00848938355381782,0.00552394695091888,0.0061675068441918
0,-0.5,0.00518945418436507,0.00622965769583583,-0.00441891549389943,0.00851464375045729,-0.00330891035729574,0.00623079387458875
0,-0.5,-0.00374651851348068,0.00617778352637356,-0.000657049499008142,0.00846266402973132,-0.000480564789207299,0.00617877536418805
0,-0.5,-0.000135570373218591,0.00627152632800252,0.00585331859489966,0.00826091444279631,0.00434678580779196,0.00627019539422029
0,-0.5,-0.00541737764126912,0.00597908210868853,-0.0102253147122442,0.00807200257469167,-0.0072035512873328,0.00597739438879055
0,-0.5,0.00145933310074168,0.00584955177805268,0.00750249985165257,0.00721476224336139,0.00597024395648103,0.00584697396010212
0,-0.5,-0.000564610657281959,0.00601462891333376,0.00604384563236261,0.00774214986477897,0.00464813610965288,0.00601304715421169
0,-0.5,0.000672307352943505,0.00632413640749673,-0.0014848881419988,0.00890894575186913,-0.00107523266797175,0.00632408729179624
0,-0.5,0.008598460377377,0.00608069829706746,0.0172026451609952,0.0080430729541564,0.0131378029904265,0.00607345824711613
0,-0.5,-0.00865599131589584,0.00615736757938614,-0.00499138930804572,0.00882025582117881,-0.0033185577051025,0.00616197742115248
0,-0.5,-0.00584019489342122,0.0058841520395732,-0.00060550144247947,0.00793905109868085,-0.000443719027646661,0.00588674012196587
0,-0.5,-0.00188200297858504,0.00590958230104869,-0.000392416937063609,0.00831094600680664,-0.000284369562984512,0.00590984509888166
0,-0.5,-0.00497444248430689,0.00571713044585246,-0.015267277630377,0.00817213791332948,-0.0107588169708716,0.00570992686950842
0,-0.5,-0.0056372838690838,0.00589516844474569,-0.00431102692738859,0.00886092219493464,-0.00283978392030278,0.00589697434286604
0,-0.5,-0.00265744077844277,0.00602010875583554,-0.0130495006445241,0.0087105570692528,-0.00903643441549021,0.00601456902078642
0,-0.5,0.00300402147530716,0.00577096958227552,0.00315285177586641,0.00735045007956051,0.00237416236778582,0.00577123439969423
0,-0.5,-0.00688950024268843,0.00644436694676583,-0.00812647771127072,0.00743015449402117,-0.00680160112368647,0.00644444890927769
0,-0.5,0.00497502946327914,0.00601053488778008,0.00853257133328479,0.00844976786529103,0.00607531972277968,0.00600963063309902
0,-0.5,-0.00385734642589997,0.00592329661904225,0.00450107890289447,0.00808043890858142,0.00344085797958114,0.00592352676779669
0,-0.5,-0.00100569796340443,0.0057011997889581,-0.00351357303544768,0.00724304101686328,-0.00264807246411898,0.00570072363839425
0,-0.5,-0.00517229012979653,0.00619460681148481,-0.00971474965402018,0.00815114378847552,-0.00738660961144865,0.00619261484374106
0,-0.5,-0.00421760349060279,0.00622673309430613,0.00529486796260622,0.0091995062159898,0.00365685681528137,0.00622704721996068
0,-0.5,-0.00415488648677081,0.00601925033088922,-0.00782380317765989,0.00892316778277237,-0.00519789987196882,0.00601852617103225
0,-0.5,0.00969025294430453,0.00617770553221883,0.007031091088889,0.00880069580151075,0.00493285149024262,0.0061827025867365
0,-0.5,0.00112537338551595,0.00610565232491462,0.00888439971541099,0.01058794347695,0.00523478997787596,0.00610374609627919
0,-0.5,-0.0044302491397642,0.00627441524513598,-0.0102335773417849,0.00900624634899162,-0.00700775803734175,0.00627233739793196
0,-0.5,0.00800708486474404,0.00606265514724248,0.00724712743420536,0.00790493523790217,0.0055713236830235,0.00606508792875574
0,-0.5,0.00430691366809594,0.00567737350184141,0.0123034769493309,0.00850377889695031,0.00830540136563986,0.00567334951016175
0,-0.5,-0.00957584215304195,0.00614532387878433,-0.00499533675812841,0.00820489719580263,-0.0035736627839085,0.00615103006676122
0,-0.5,-0.00143672338669198,0.00603666662223138,0.00496164475116307,0.00800736233889645,0.00373648383857274,0.006035786648535
0,-0.5,-0.00487007472461431,0.00599618361645027,-0.00720154537391471,0.00818333330941695,-0.00537373273240924,0.00599579879188388
0,-0.5,-0.000847021163067862,0.00609822109204367,0.00485091808960853,0.00926749349216424,0.00329095944279577,0.00609748250665235
0,-0.5,0.00425673216079255,0.00619720667425675,0.0114747225948076,0.00958717540615357,0.00725420164477455,0.00619473643659398
0,-0.5,-0.00564661909719072,0.0060707716225909,-0.00455203561048106,0.0093931551340048,-0.00296216627938899,0.00607246862059204
0,-0.5,0.0103550577556907,0.00596695341541747,0.0174580305988552,0.00877259570229955,0.011787050565352,0.00596457273305275
0,-0.5,0.0122511040184702,0.00588177568655446,0.0067925859710667,0.00820707645868222,0.00470565907079732,0.00589154053875287
0,-0.5,0.00429800252722428,0.00604715149302015,0.00875473001243545,0.00931499847515137,0.00569349562584027,0.00604612233470244
0,-0.5,0.00907282211903257,0.00623494796058388,0.00592793848551432,0.00883087262571051,0.00406306427245653,0.00623962028586579
0,-0.5,0.000253090985956768,0.00619631102662419,0.00540041929247464,0.0088469377430143,0.00380343343175792,0.00619528000617795
0,-0.5,0.00778508227821647,0.00627599392999012,0.0027397532111507,0.00787793140563484,0.00219978337453527,0.00627992080820161
0,-0.5,-0.00785342119330858,0.00621010240418176,-0.00686187647518616,0.00904970267261526,-0.00488015718088239,0.0062128045203846
0,-0.5,0.0103960964027826,0.00625769322156144,0.0271026133487986,0.00931453664548365,0.0186144084401573,0.0062407952065191
0,-0.5,0.00264640011700951,0.0060790349346293,0.00624912964522125,0.00751322721100244,0.00497693872118248,0.00607773214394714
0,-0.5,-0.00562701200018841,0.00611787012829808,-0.00472728339224704,0.00833308868455497,-0.00344912367420912,0.0061193077356173
0,-0.5,0.000743712030903311,0.00592839370853791,0.00442480410709933,0.00837127778470028,0.0031760880041402,0.00592767251262238
0,-0.5,0.00316882362247198,0.00602150196227752,0.0137015884824225,0.00863582564141627,0.00950669572569085,0.00601553722702766
0,-0.5,0.00904161590576618,0.00591965748148211,0.00868029820849323,0.00832409001181382,0.00604284977383989,0.00592308453029308
0,-0.5,-0.0110085018925391,0.00589904361544699,-0.000675233115514849,0.00834145474353867,-0.000474347190496379,0.00590824187047492
0,-0.5,0.00676224025936205,0.00593807957677859,0.00612725374536599,0.00857393153935558,0.00430098729026653,0.00594013470376166
0,-0.5,0.00975903138647427,0.00623134816921637,-0.00497423398101816,0.00797317160725332,-0.00378043073349685,0.00623709906986973
0,-0.5,6.25044627911805e-05,0.00608666219390299,-0.00247521220607722,0.00828111926124118,-0.00175831747253339,0.00608643616325546
0,-0.5,-0.00863391961836801,0.00605801137392702,-0.00280289141162058,0.00907310274215284,-0.00188301692526969,0.00606323710197001
0,-0.5,0.00603661887019031,0.00644782343885362,-0.00104383335092026,0.00886246822338835,-0.00075525344071493,0.00645026394506911
0,-0.5,-0.0018832066276596,0.0061317254903524,-0.0033101808237066,0.009191377648586,-0.00223628816330675,0.00613161999526828
0,-0.5,-0.0191148971778517,0.00610415023978322,-0.0256781288414664,0.0089855621517801,-0.0179223643584684,0.00610737483883528
0,-0.5,-0.00163209477481827,0.00600140180590662,-0.00811090899018059,0.00760940539571715,-0.00628690359972685,0.00599865475549322
0,-0.5,0.0022228179191618,0.00579136441044392,-0.000514862138636348,0.0071836506900629,-0.000411592691618691,0.00579173580789079
0,-0.5,-0.004057800987455,0.00617490452221956,-0.00557973501401047,0.00853610449232449,-0.0041201472444913,0.00617486786494069
0,-0.5,-0.00557536815977941,0.00598732398727236,-0.00549691807249712,0.00799549989543459,-0.00415410530118774,0.0059883571260744
0,-0.5,0.00668284291673148,0.00626828128618759,0.0148637788910051,0.00946222578480592,0.00996698206821547,0.00626442141944138
0,-0.5,-0.00418390242920891,0.0064093308993348,-0.00166939186156541,0.00903363901361286,-0.00115769911180252,0.00641043928056991
0,-0.5,-0.00432817975420635,0.00609149573319084,-0.00244376410287475,0.00902128105616829,-0.0016991580872366,0.00609265441533514
0,-0.5,0.0025581133231263,0.00611105183192112,0.00322945030628294,0.00908031713128899,0.0022473576094892,0.00611116059910398
0,-0.5,-0.00203699865848134,0.00587241495106408,0.00458757608919138,0.00798389798223981,0.00338640535823147,0.00587185487458497
0,-0.5,-0.00480861561438099,0.00635280492992941,-0.0147145091541428,0.00906877049619906,-0.0104371175017217,0.00634684865320483
0,-0.5,-0.00209370671462458,0.00610667262098264,-0.00401453073418922,0.0085955468430116,-0.00293231746356419,0.00610636533913661
0,-0.5,-0.000918958435930242,0.00628440635285015,0.0193368349005204,0.0106250433375044,0.0117274539234389,0.00627478341040981
0,-0.5,-0.00519811373765099,0.00595400259220777,-0.00116879913690925,0.00737159507775223,-0.000939111495040134,0.00595596874715616
0,-0.5,0.00174480643024777,0.0059949102302679,0.00780037208162982,0.00845007302141011,0.00555323373640154,0.00599283630640956
0,-0.5,-0.000318604173379953,0.00586573221928266,-0.00569964534100706,0.00856717751389406,-0.00400659177346599,0.00586450967016927
0,-0.5,-0.00575047723844169,0.00616257967073818,0.00100093082389567,0.00904367054195672,0.000680948088540575,0.00616492911489404
0,-0.5,-0.0110190427014574,0.00604449989689815,-0.0136401388768638,0.00773611812293016,-0.0107382752935127,0.00604495112620231
0,-0.5,-0.00686126688187729,0.0063344630877093,-0.00221569058669301,0.00877876038911095,-0.00158269158751739,0.00633756502081806
0,-0.5,0.000251218795850639,0.00609224367412339,0.00357562387033033,0.0081296178337794,0.00276646616261703,0.00609168866819524
0,-0.5,-0.00526273263603647,0.00599018022408785,-0.00530958470813708,0.00775938467174691,-0.00428292061985541,0.00599087861681001
0,-0.5,0.00655733751753213,0.00616020330691717,0.0102138694329552,0.00834547627853191,0.00742071021444268,0.00615933286330292
0,-0.5,0.000578155082945352,0.006241303565003,-0.00863891972520261,0.00813888694926635,-0.00658415262539291,0.00623825124144117
0,-0.5,0.00730933882520469,0.00627151908567916,0.0145946767244838,0.0092638912765564,0.00990488745917362,0.00626836735622957
0,-0.5,-0.00207190652743571,0.00613534555739256,0.00980402928383832,0.0094193519919373,0.0065363191175255,0.00613255930631216
0,-0.5,0.0105724744839305,0.0061324970220821,0.0302077122629313,0.011270985065433,0.0169580134417817,0.0061197227369573
0,-0.5,-0.00355003252770087,0.00634581929737131,0.00251408279493464,0.00866488500642998,0.00184004329404066,0.00634645939649194
0,-0.5,-0.00731490446821354,0.00628105950762298,-0.00911268141093734,0.00882307970090354,-0.00672307182701938,0.00628164415251288
0,-0.5,0.00255009212250624,0.00618292475027154,0.00275293867225097,0.00779909581079155,0.00215195172398759,0.00618305911761373
0,-0.5,-0.000169787936953422,0.00625980330120081,-0.000158353222405606,0.00985292153785378,-0.000103468820127165,0.00625980458178122
0,-0.5,-0.00180234912193983,0.00610631996871658,0.00279141738159302,0.00825647304447914,0.00202204194467721,0.00610625871310126
0,-0.5,-0.000595571836655418,0.0062311152157776,0.00310213686120623,0.00867889934300664,0.00225629518243222,0.00623077857684814
0,-0.5,-0.0123236010355606,0.00613553753184686,-0.00412416765834151,0.00772099600966085,-0.00328947674619059,0.00614575203915692
0,-0.5,-0.00645387443224158,0.00628745069846906,-0.00342891197303772,0.0084167791169564,-0.00246597533238148,0.00628994992014536
0,-0.5,-0.000228341948932258,0.00583568131659018,0.00535510734023615,0.0082804028309705,0.00378716160958635,0.00583457914481583
0,-0.5,-0.00447594898799159,0.00603881652338042,-0.0114689983611651,0.00830759901239572,-0.00850842505972492,0.00603494373894905
0,-0.5,0.0126772547707046,0.00603253675041042,0.0017785110849017,0.00949631791418968,0.0011719416629354,0.00604432016639829
0,-0.5,-0.0017028146506587,0.0063269908667594,-0.00185619436144864,0.0080439409882027,-0.0014507977676804,0.00632704627261327
0,-0.5,0.00681712563970019,0.00594768319344032,0.000935307179096817,0.00877086521380569,0.000621286322596977,0.00595115404294834
0,-0.5,-0.00474856598447698,0.0060035971410727,-0.0138309832894369,0.00757894221119321,-0.0108084531783421,0.00599657032076797
0,-0.5,-0.0119242572678486,0.00600426944534856,-0.0169230189861005,0.00861733123774502,-0.0119364466903248,0.00600424777945415
0,-0.5,-0.000552185875959809,0.00618812159634217,0.0035856110252547,0.00983743377551752,0.00229731758921762,0.00618776504155379
0,-0.5,-0.000613388904718258,0.00610195472411661,-0.0139349796770375,0.0106311460675507,-0.0081399399105149,0.00609714428290767
0,-0.5,0.00489833712428663,0.0061156557717271,-0.0038186941063879,0.00794405824775807,-0.00296901191068678,0.00611676020729669
0,-0.5,0.000123368196233637,0.00605335268139176,0.00427670757601755,0.00838259006980292,0.00305679798490207,0.00605266506531038
0,-0.5,-0.000984625092456495,0.00615224367939937,-0.00812691625843592,0.00801494516159478,-0.00622819389900084,0.00614951113232427
0,-0.5,-0.00596032442602413,0.00617013666820131,-0.00182081674204938,0.00868373499230449,-0.00128929145163142,0.0061725730690649
0,-0.5,-0.0065054759976279,0.00609250494203123,-0.000530393118908769,0.00727731122345165,-0.000426045234675576,0.00609558513268618
0,-0.5,0.0173423360616736,0.00646100636795456,0.0057122821777874,0.00923896087702616,0.00397218447550886,0.00648032257443865
0,-0.5,-0.0108499303590503,0.0062183203483228,-0.0139849979684527,0.00803473407311317,-0.0112304351896809,0.00621772133336587
0,-0.5,0.00254065169488083,0.0061686676159884,0.00251824192810348,0.00786160939611077,0.00197304616305747,0.00616885203578519
0,-0.5,-0.00563926585417363,0.00620960068555356,0.000283608107070579,0.00755448032122223,0.000229284390839324,0.00621186671825265
0,-0.5,-0.000496013100128886,0.00607762349144063,0.00351825644879758,0.00810741240776267,0.00262859592915331,0.00607713478921925
0,-0.5,-0.00500380010814117,0.00614350152925196,-0.00046486159848358,0.00799876113811313,-0.000354353505572709,0.00614530377503714
0,-0.5,-0.0113488161516323,0.00614717066761908,-0.0136351267909116,0.00918586519992742,-0.00936136897380803,0.0061501468250305
0,-0.5,0.00106769774388487,0.00579253337240234,-0.00402698935592887,0.00796510799436158,-0.00279989957183844,0.00579201198617491
0,-0.5,-0.00305941021375802,0.00620452831491782,-0.00458904439391084,0.0080684069692974,-0.0034811619532362,0.00620433118184134
0,-0.5,0.0103022878334636,0.00594977305663934,0.00636642603373085,0.00850960348585444,0.00450949576359057,0.00595623095657034
0,-0.5,0.00476413023950191,0.00604190565354493,0.00383460379732288,0.00942917639862386,0.00243765122722508,0.00604314334625788
0,-0.5,0.00384878273015323,0.00613574501074544,0.00874629228215957,0.00748047484071287,0.00728331211580732,0.00613297317612008
0,-0.5,-0.00330090425917357,0.00606290403996393,0.00646051528084994,0.00836243719117615,0.00469641334747418,0.00606208299074089
0,-0.5,0.00165229428180563,0.00606133871084258,-0.00322007831198199,0.00828157284075678,-0.00234619788257102,0.00606113454654512
0,-0.5,-0.00124775390024299,0.00572148433790668,-0.0101576987268543,0.00783589034558889,-0.00738099254058252,0.00571730120207149
0,-0.5,0.00333274271460656,0.00604559147955737,-0.00363587758945086,0.00834397659263915,-0.00259490424097127,0.00604591434370782
0,-0.5,0.00749452646494077,0.00600222139027987,0.00572775388616034,0.00791536904557335,0.00434274145649644,0.00600499987072983
0,-0.5,0.000408484713201555,0.00631324977307819,0.00467729212870065,0.00830984487199405,0.00351953476107526,0.00631239540603207
0,-0.5,-0.00637855852778516,0.00601540053431061,-0.001387197209428,0.0079731613439373,-0.00106084714144717,0.00601833849237403
0,-0.5,0.00339656854979018,0.00594094139334144,-0.00650121397457819,0.00924505579612421,-0.00422861055390153,0.00594046273700675
0,-0.5,-0.00878394146407988,0.00597335324219655,-0.00424639968332342,0.00809468255727112,-0.00322193288122627,0.0059783550903267
0,-0.5,-0.00133846256513707,0.00602744035902228,-0.00120489357045905,0.00813959072326827,-0.000900513242315486,0.00602751301532583
0,-0.5,-0.00186105433402819,0.00620497086391243,-0.0061403676342799,0.00850196300817188,-0.00450518964690246,0.0062037678766661
0,-0.5,-0.00623202443637557,0.0062331559983635,-0.00789806796764661,0.00809355284526308,-0.00595656554052907,0.00623339455951314
0,-0.5,-0.00822692540168815,0.00598002639676926,-0.00985687639091548,0.009302581506274,-0.00649369573987387,0.00598193556334737
0,-0.5,-0.00368419443264749,0.00633262432785808,-0.000666225405445908,0.00894756548156135,-0.000469906940166923,0.00633355405816228
0,-0.5,-0.000124468172885713,0.0062047645895614,0.000936154853564416,0.00939750178385093,0.000621043339417188,0.00620473813621628
0,-0.5,-0.016292558620314,0.00590911485651324,-0.00474049044215292,0.00847959789317589,-0.00336136182251692,0.0059283856575518
0,-0.5,0.000450313929501748,0.00583091422748738,-0.00714463677771786,0.00954657612496496,-0.00448646461797877,0.00582937580990684
0,-0.5,-0.0102203127877025,0.00614645611616512,-0.00536776096377672,0.00888391927193164,-0.00366449487914323,0.00615303521453857
0,-0.5,-0.00111819210761825,0.00623182089488971,-0.0114653368956246,0.00829461287880813,-0.00853944551020483,0.00622672418790223
0,-0.5,0.00100777990979992,0.00617139578587136,0.0127054207097548,0.00912721099886553,0.00851218538212431,0.00616625267431007
0,-0.5,0.00606102583760341,0.00604174722662804,0.0055859598808691,0.00814789981077672,0.00426692276211043,0.00604311610483075
0,-0.5,0.00332306865315277,0.00617553848280513,0.00328545143341796,0.00748471963997209,0.00271309560760805,0.00617580314719532
0,-0.5,-0.00883353816546027,0.00594783200797518,-0.00322107106878387,0.00800701325392112,-0.00244294093154445,0.00595325824233943
0,-0.5,-0.00149317118238789,0.00584614927730808,-0.00228066849638264,0.00834153619280421,-0.0016213753219056,0.00584611855253962
0,-0.5,0.0052326217807919,0.00631238110150342,0.00769717406490936,0.00904492527172759,0.00543111024926712,0.00631223309185831
0,-0.5,0.00294245120547503,0.00580367593842216,0.00605909122603226,0.00861683083288958,0.00411451488715164,0.00580303371407304
0,-0.5,0.00820800928768473,0.00596507822385185,0.00351989637333127,0.00920024646717062,0.00226824608779968,0.00596974727331285
0,-0.5,0.00562303187257122,0.00631226959717884,0.0112398149945353,0.00849065907910604,0.00842011136051103,0.00630952185691641
0,-0.5,-0.00298676669390739,0.00627202750284689,-0.00248162248437035,0.0092623405784342,-0.00164486569704545,0.00627246559923385
0,-0.5,-0.00273674836548807,0.00629288465663857,-0.0142086781978141,0.00817788075327773,-0.0110737163728518,0.00628479415977502
0,-0.5,0.00578133068695229,0.00597786728568182,0.00752098569811936,0.00897899328202635,0.00504183709559664,0.00597846647293338
0,-0.5,-0.00209442109486624,0.00605762839397922,-0.00284702686856581,0.00861377895412523,-0.00200518662968011,0.00605765533292642
0,-0.5,-0.00558928255333745,0.00610711687115447,-0.00333180129918219,0.00831959285476657,-0.0023895638465045,0.00610897761830382
0,-0.5,0.00747084621320821,0.00611018289846743,0.00922295063739176,0.00814840892308266,0.00707356571050661,0.00611060389281438
0,-0.5,-0.00536089269425914,0.00605440585073487,-0.0127573122651131,0.00855279399228722,-0.00879356639496799,0.00605082356800129
0,-0.5,-0.0113938348854265,0.0060757329327928,-0.00727949459338775,0.00899196701372301,-0.00507744349183888,0.00608336190637644
0,-0.5,-0.00419552464578534,0.00614023122252999,-0.00594414067922125,0.0086472383551206,-0.00424309267719623,0.00614020215797001
0,-0.5,-0.00489317900471244,0.00592679891266404,-9.45987107422287e-05,0.0075252289645716,-7.21276804922784e-05,0.00592860978106944
0,-0.5,0.00325423936377336,0.006069102913687,0.00841828423796688,0.00868597452555442,0.00617720717301063,0.00606707706205996
0,-0.5,0.00256789501526482,0.00625076872742629,0.00216550606759762,0.00912251464318641,0.00150687944138775,0.00625107478966993
0,-0.5,-0.00671480638535105,0.00594103881591401,-0.00972962687480888,0.00873511290391926,-0.00692674860219365,0.00594082067334397
0,-0.5,0.00304761314059397,0.00614487734238395,-0.00312706957506324,0.0084015795091152,-0.00226625450112954,0.0061451776695337
0,-0.5,0.00476690798951224,0.00611174073949032,0.00571823686813232,0.0082315693515601,0.00427267266260376,0.00611206610977771
0,-0.5,-0.00787087178288458,0.00602185766624392,-0.00695662312952168,0.00808422663763398,-0.0052879809396669,0.00602437873840533
0,-0.5,0.0074877877528615,0.0062032304676715,0.00951542321600588,0.00879204660935754,0.00671727618721458,0.00620401289818407
0,-0.5,0.0101979880874606,0.00604278416932733,0.0123815360238628,0.00867105862429978,0.00844252576020408,0.00604520135746466
0,-0.5,-0.00255161185135682,0.00588010052589345,0.00891401926309131,0.00937685565338872,0.0057213434158832,0.00587809650862279
0,-0.5,0.00219579442648373,0.00628704109968301,0.010014069748051,0.00920251988762117,0.00684606868528464,0.0062840850101654
0,-0.5,-1.67367619368444e-05,0.00611191975472274,-0.0016996927924891,0.00861777349401961,-0.00120407880979593,0.00611181419631868
0,-0.5,0.00229643459276738,0.0059344744913395,0.00441202040135366,0.00840107486764478,0.00308628175331173,0.00593415331865256
0,-0.5,0.00398305170774559,0.00611713750194979,-0.00171277570754752,0.00926330674661846,-0.00110943467275275,0.00611820194541449
0,-0.5,0.0035974540376289,0.00617169616532815,0.00648997950709303,0.0091066447504491,0.00433306467262537,0.00617127645049524
0,-0.5,9.22832710491185e-05,0.00603931908490713,0.0047358735844607,0.00779022031000455,0.00357726708785964,0.00603837371077533
0,-0.5,-0.0110935649780866,0.00591205575827289,-0.00142617475374383,0.00800966800040408,-0.00105434698120922,0.00592130441420084
0,-0.5,0.00431468290398332,0.00596862803130248,2.28720132204702e-05,0.00852617627785933,1.58558138315791e-05,0.00597002417269779
0,-0.5,0.0038566865251445,0.00613395891284906,0.00213265034783669,0.00827572725022847,0.00164204013229682,0.0061348416777936
0,-0.5,0.00893986750717606,0.00631943205002075,0.00640626730135944,0.00912687137160417,0.00440851913257954,0.0063236541640917
0,-0.5,0.00255625914440558,0.00619767262230658,0.0058217743421167,0.0082869919054874,0.0043568890373286,0.00619678172856578
0,-0.5,-0.00451503714877692,0.0061269447607397,-0.00872286146980192,0.0079304836762966,-0.00665616420681733,0.00612520776747381
0,-0.5,-0.00735529295858603,0.006264159390934,-0.00894047401760598,0.00884060928453986,-0.00637685240987163,0.0062651080804708
0,-0.5,0.0121497932615151,0.00639085240959344,0.0132254281577815,0.00865219876813188,0.00992550513240808,0.00639423236475476
0,-0.5,0.00014421693520368,0.00592852622923249,0.00547443147693846,0.00850465033926428,0.00380290427374177,0.00592743385289155
0,-0.5,-0.00457586453309022,0.00604951333952013,0.00269780445748591,0.00791478717366942,0.00206291437352007,0.00605074378653637
0,-0.5,-0.000393730015450324,0.00639654222485892,-0.00259238871003364,0.00923416017774394,-0.00181737554408471,0.00639632581094609
0,-0.5,0.00442088237497155,0.00610230185480417,-0.00171455760178431,0.00955960303022465,-0.00108710554854347,0.00610364154167394
0,-0.5,0.00960741923547719,0.00616880029028967,0.0123680507152032,0.00908786903195321,0.00837390515303094,0.00617039706718226
0,-0.5,-0.00343624769933303,0.00601146064172425,-0.00486411826455866,0.00835160280278986,-0.00340623226286377,0.00601147591072005
0,-0.5,0.00607827662464337,0.00629437615398671,0.00057608837196836,0.00871732530682634,0.000409706859940358,0.00629695643940843
0,-0.5,0.00165397345461519,0.00623580838646334,0.00377333315603873,0.00852280062457465,0.00268024207617778,0.00623549252313647
0,-0.5,0.00535031089077276,0.00622459038589585,0.011485247571631,0.00861716898407474,0.008385134414951,0.00622162227049124
0,-0.5,-0.000851793917077456,0.00582541881470898,-0.00693517878944708,0.00809906751546432,-0.005027699764886,0.00582352089938129
0,-0.5,-0.00333687597495543,0.00605281079257326,-0.000111118519338443,0.00963991608785355,-7.09239098102862e-05,0.00605363111934821
0,-0.5,0.00912342028448292,0.00597993144862401,0.0176572118890713,0.00794354236783423,0.0131941536425047,0.00597312531156372
0,-0.5,-0.000564442968934288,0.00603799215997701,-0.0013736127741246,0.00906169285543303,-0.000924464810376501,0.00603795252710272
0,-0.5,0.000817584751007223,0.00618373558150935,0.00820453479716549,0.00823907274708659,0.00637105697330427,0.00618086963694253
0,-0.5,0.00474013280469394,0.006100531135052,0.0129331140320977,0.00970566652147592,0.0080125375628002,0.00609748360250625
0,-0.5,0.00095362059971267,0.00582368775100027,0.00591431720846939,0.00830605318059112,0.00407377247263681,0.00582247485122824
0,-0.5,-0.0033281347615665,0.00604872952754111,-0.00129615570881882,0.00845466894679196,-0.000915084551692534,0.00604948485147937
0,-0.5,-0.0117819922565847,0.00604732082635964,-0.0198187437483328,0.00822472171707523,-0.0143385084899775,0.00604238737450318
0,-0.5,0.00225344690361577,0.00590788314627034,0.00407322410450415,0.00800150137559648,0.00297753507152017,0.00590759542406968
0,-0.5,0.00769719194269867,0.00606805360330302,0.00446656792682632,0.00806415792727229,0.00343373213486404,0.00607153990059658
0,-0.5,-0.00290430113029233,0.00604309088881907,0.00331772685891341,0.00737534786757785,0.00270505168860777,0.00604317343915186
0,-0.5,0.00884319424275864,0.00605355417969886,-0.00271219477261543,0.00807470028819977,-0.00207097458511461,0.0060589993237723
0,-0.5,-0.008161956410219,0.005860233241205,-0.0124200911308894,0.00777994731132003,-0.00944431115704111,0.0058585003075317
0,-0.5,0.0136795529379335,0.00610741631481931,0.00407269658343606,0.00969514240585062,0.00260842498616512,0.00612054721244085
0,-0.5,0.00332857333766708,0.00613499143839088,0.00780421466328117,0.0106170239040776,0.00460624219098527,0.00613425654245262
0,-0.5,0.0157873178852742,0.00618536835853523,0.0127936563958715,0.00912398544954785,0.0090301195006963,0.00619739141682347
0,-0.5,-0.0116192301488,0.00602031972842254,-0.00624021601210583,0.00915732460468262,-0.00394829957373438,0.00602917561223265
0,-0.5,0.000314981604915783,0.00600171234877268,-0.00808870766267503,0.00801311866948634,-0.00599704141769606,0.0059990397564228
0,-0.5,0.0079106583656934,0.00622158702655826,0.00662181656854804,0.00820317737403078,0.00495602898213216,0.00622429397064723
0,-0.5,0.00274954162412613,0.00610415753128795,0.00175662443038755,0.00979702836147068,0.00109527197177918,0.00610462142609576
0,-0.5,-0.000361065296349075,0.00610918689428708,0.00315348736863828,0.00861710094767227,0.00229486387817648,0.00610881265204317
0,-0.5,-0.0024855031653457,0.00593129357809489,-0.00457139407760369,0.00780491912354853,-0.00350162259281805,0.00593083368809708
0,-0.5,0.00294057585359582,0.00618503481562416,0.0044240454357446,0.00795105775167295,0.00338077275559248,0.00618483516844581
0,-0.5,-0.00251939983334266,0.00646113459867755,0.0073933300976591,0.0089967566204951,0.00520244920661356,0.00645972820441682
0,-0.5,-0.00378819365092582,0.00610901890327788,-0.00203399321090638,0.00838124568186738,-0.00146732860507985,0.00610990761040417
0,-0.5,0.00430908343828296,0.00644983279759265,0.0180318157243106,0.00934036814154395,0.0126260312097016,0.00644023966694117
0,-0.5,0.00824565704189693,0.00623138080380802,0.0120085010783588,0.00900713275530476,0.00844816319983048,0.00623114047045981
0,-0.5,0.00103126725731254,0.00626162723774073,-6.48131312281884e-05,0.00955293085433708,-4.20401899507999e-05,0.0062617022366347
0,-0.5,0.00182933947062464,0.00610338400416491,0.00707126571843482,0.00827034591204196,0.00511207863118921,0.00610172134672462
0,-0.5,-0.0144574352724418,0.00624845901037104,-0.015005773438565,0.00906523557830678,-0.0103385508928563,0.00625569164246027
0,-0.5,-0.00197027749672559,0.00603074425861981,0.00517712776571084,0.00836033784926436,0.00379779042931822,0.00602996362762387
0,-0.5,0.00351363870788268,0.00605810730713381,-0.0037318205710408,0.00924594969570122,-0.00237381205365762,0.00605860140830643
0,-0.5,0.00225623407506174,0.00600160970655216,0.000439938688465418,0.00876594088260736,0.000304308384945574,0.00600198201352092
0,-0.5,0.00484703855198946,0.00602564999628547,0.0121781204288767,0.00813534796167933,0.00885847325547906,0.00602157223556964
0,-0.5,0.00982214232454105,0.00604811589228901,0.0270587983678644,0.0105099334314563,0.0163330814471411,0.00603552636657412
0,-0.5,-0.00498365579966361,0.00619034650190908,0.00471435305181944,0.00881409631333815,0.00352595500004091,0.00619123546027222
0,-0.5,-0.00301101524501626,0.00624655454029455,-0.000994003753984834,0.00825031275027479,-0.000751498789410011,0.00624715687228681
0,-0.5,-0.00294689744922444,0.00606631565332445,0.00376601261651438,0.00872137418425318,0.00269380842420284,0.00606642059286973
0,-0.5,0.0105973631293173,0.00591805307740986,0.026383795400656,0.00830539700368375,0.019119364668391,0.00589880220712368
0,-0.5,-0.00342392343373275,0.00635662165865526,-0.0045937160786787,0.00881108167907154,-0.00321872947521959,0.0063567161197176
0,-0.5,0.000643445691226906,0.00583279869020336,-0.00271051011520434,0.00759112714447575,-0.00203971456202419,0.00583250959746118
0,-0.5,0.00921174782578738,0.00605106065614549,0.0106653621527036,0.00935013490118965,0.00698703930227038,0.00605371790474396
0,-0.5,0.00634889452750183,0.00625440061020547,0.00505537327525736,0.00841739901470281,0.0038335588337084,0.00625621230753244
0,-0.5,0.00662806280491172,0.00604146299949415,0.003275610952237,0.00964153252916435,0.00209296110362905,0.00604438451677072
0,-0.5,0.00675433747655238,0.00603854804146894,0.00308925392154003,0.00833484072551931,0.00226612199967418,0.0060415404160234
0,-0.5,0.00125831220889614,0.00619995899466153,-0.00429331537181209,0.00936043181551602,-0.00292391202340752,0.00619946071644284
0,-0.5,-0.00568567428500765,0.00616293356568849,-0.00803137374893211,0.00942503389527984,-0.00525230928038517,0.0061632751991877
0,-0.5,-0.00186631441975877,0.00624615400386892,0.0114679573999769,0.00866783764963273,0.00848653037295074,0.00624129437088625
0,-0.5,0.00126514499001484,0.00590539656881133,-0.00468424461062749,0.00905704752863588,-0.0030713184581945,0.0059048012757206
0,-0.5,0.0032104784991561,0.00600997968061235,0.00680798624117106,0.00895797817053579,0.00453584533880572,0.00600921609469502
0,-0.5,0.00636670808322064,0.0062430795255872,0.0117281725237169,0.00868920337187589,0.00868785813966375,0.006240600722861
0,-0.5,-0.0114297493983317,0.00597859660965509,-0.0100282651513213,0.0081766965240931,-0.00743106483700783,0.00598424027177832
0,-0.5,4.90708245074831e-05,0.00616519273484474,0.0040626468001233,0.00981456971841846,0.00255314751707455,0.00616472332407019
0,-0.5,0.00116054971948079,0.00615774054683632,0.00380233463270983,0.00792079762349934,0.0029115191892933,0.00615722612454988
0,-0.5,0.0106709827503719,0.00610528003749913,0.0127849290081588,0.00968527192979374,0.00831918293588893,0.0061085367892715
0,-0.5,-0.011618419113747,0.00593387618345042,-0.0156596197483255,0.00753141060070017,-0.0121406094738459,0.00593293830114283
0,-0.5,-0.00504368138079659,0.0059717910054094,-0.00855694132176974,0.00772372830121254,-0.00684768545856647,0.0059701825818208
0,-0.5,-0.00230412412172264,0.00608439995141608,0.00705691163999574,0.00941220291475644,0.0044533888700404,0.0060833361622791
0,-0.5,0.00170768311588101,0.00588473349989166,0.00548465264415848,0.00764887241819905,0.00416237797779358,0.00588363352898113
0,-0.5,0.0120169396756356,0.00577346294407462,0.0210693602008102,0.01030828912795,0.0122268730955377,0.005773065044941
0,-0.5,-0.00493140741664432,0.00632522512648628,-0.00712871453673411,0.00837764206101298,-0.00548310256916862,0.00632482437920415
0,-0.5,-0.00251593649942837,0.00607055789582541,0.00260439162669406,0.00813508102063964,0.00200734135722618,0.00607072685112986
0,-0.5,-0.00219450548889648,0.00595838309538739,-0.0108174188970166,0.0084057723369575,-0.00754459531219547,0.0059544646372492
0,-0.5,0.00404575550694755,0.00619306749519255,0.0134468650285063,0.00792501638688356,0.0103227363948144,0.00618660173157371
0,-0.5,0.00222936593792054,0.00590368891403563,0.00390068953235407,0.00782084170672326,0.00291299850303789,0.00590342163605822
0,-0.5,-0.00152968422547888,0.00613273713258204,-0.00568809078620429,0.00799132771267215,-0.004268307609404,0.00613158556458067
0,-0.5,0.00013102527353912,0.00601767264356504,0.00461092243379558,0.00821428449956465,0.00338389392292221,0.00601682364687932
0,-0.5,0.00053121756434744,0.00610307491601709,0.000703440004689167,0.00770328199299284,0.000543972061198058,0.00610307391556413
0,-0.5,-0.0214305307503576,0.00608041030969376,-0.0211415467193985,0.00895559565791295,-0.0144508302910811,0.00609875442717895
0,-0.5,-0.00489307361211718,0.00601405737971545,-0.0059179688290505,0.00887427928099695,-0.00406248576550271,0.00601461007687695
0,-0.5,-0.0092481708857928,0.00585107585710527,-0.0128567368506938,0.00742436907551263,-0.00992687925323001,0.00585007505184165
0,-0.5,-0.00189591200389201,0.00638333656997032,-0.00530267507816767,0.00757527315809086,-0.00439979522919205,0.00638224981057735
0,-0.5,-0.00203187120144022,0.00637027642822788,-0.00214543473504549,0.00855092982683358,-0.00158601369305527,0.00637038790786071
0,-0.5,0.00316452004654394,0.00607372618385047,0.00217775872622896,0.00783924993578028,0.00169379876074925,0.00607425058812658
0,-0.5,-0.000248897302370923,0.00577338166585124,-0.00147598548474788,0.00714786526323666,-0.00119979845614399,0.00577327402797886
0,-0.5,0.0125272207172103,0.00613878063462036,0.0159608634713561,0.00863308571599028,0.0117577039430826,0.0061401346106331
0,-0.5,-0.00242414949860487,0.00596119079706596,0.00786328492271661,0.00751450769447199,0.00642492892292123,0.00595853033995052
0,-0.5,-0.00440595841137943,0.00623438569699406,-0.00285425157576012,0.00859461396920648,-0.00201758445688125,0.00623547532702898
0,-0.5,0.00469993324853879,0.00589743136964979,0.00512357245605177,0.0078201126979818,0.00382685050683611,0.00589799808708686
0,-0.5,0.00357212789544461,0.00619372223710196,0.00849802685537427,0.00869524157081792,0.00616820329429803,0.00619191078604096
0,-0.5,-0.00266945043683368,0.00604693170169336,9.35779761827594e-07,0.0090479502853954,6.2859599340288e-07,0.00604745757638648
0,-0.5,0.00305720598131089,0.00599353772878015,0.00128557112445809,0.00886982448629865,0.000866837814284537,0.00599417904763868
0,-0.5,-0.000627111378345708,0.00614414333835579,-0.00779430751767045,0.00863415567783658,-0.00557813151536446,0.00614192014216417
0,-0.5,-0.0063797615938573,0.00610910047501065,-0.0109038481660392,0.00980893586772989,-0.00690015007832746,0.00610859682503498
0,-0.5,0.001569211688756,0.00593770340351188,-0.0062333872470975,0.00753329097703218,-0.00481156153216626,0.00593614133473228
0,-0.5,0.00312663863190213,0.00620497551993738,0.0104625112165067,0.0115298401119254,0.00573335168420575,0.00620332486862816
0,-0.5,0.000761268422995037,0.00607694048788175,0.00372521111455615,0.0077788579502272,0.00287825939030735,0.00607637532649222
0,-0.5,-0.00534778886348999,0.00617726425660584,0.00527601960997786,0.00803345248820777,0.00415372304420585,0.00617807950572211
0,-0.5,0.00998807192049075,0.00582117982290957,-0.000688337971618771,0.00769023159030591,-0.000515218115270008,0.00582887113747281
0,-0.5,0.00860624444518094,0.00610681574250144,0.00522291270548746,0.00828232707559383,0.00375915563641588,0.00611118373176576
0,-0.5,0.000770387125383144,0.00621127640589194,0.0060509630401274,0.00817746644191131,0.00466418690136406,0.00620976601403765
0,-0.5,0.00144805595810446,0.00633293298098614,0.0032750298203508,0.00835551872034271,0.00245281332366916,0.00633266005894463
0,-0.5,0.00761954126322607,0.00630874586089749,-0.00389037984956946,0.00870693749113006,-0.00285349603890904,0.00631223760716141
0,-0.5,-0.0030087817775785,0.00638656549581549,-0.00498347044411955,0.00912269115791822,-0.00350864240806019,0.00638634106608542
0,-0.5,0.00491901132389654,0.00596230194310085,0.00829940194794401,0.00838428878864632,0.00573492180468489,0.00596164898788184
0,-0.5,0.00245213645183392,0.0062274121402628,-0.00174662740222427,0.0087020942932369,-0.00123676373799619,0.00622773103175242
0,-0.5,-0.00608322873830704,0.00603991121576285,-0.00295753214234322,0.00811435835761738,-0.00213777700405087,0.00604230801971869
0,-0.5,-0.00702133737655956,0.00603275748104939,-0.000553090434089624,0.00831269994096308,-0.000405827330905221,0.00603639318481097
0,-0.5,-0.0071212837778355,0.00602244828093521,-0.00486619151540687,0.00980156460853145,-0.00295509401941454,0.00602556143485281
0,-0.5,0.00255095045095466,0.00599899050570759,0.00910785703750955,0.00814405747479341,0.00656867966534983,0.00599625854538693
0,-0.5,-0.000597308045835129,0.00617257615719086,0.00301054129923505,0.00838955002853659,0.00219267503949852,0.00617225600021336
0,-0.5,0.00254739802811147,0.00605075109238657,0.00156905790523997,0.00922276727024121,0.00104755064263304,0.00605114868921274
0,-0.5,0.00346130159127951,0.00620248013140248,0.00484222046784798,0.0083572461181087,0.00345138838559711,0.00620248503056433
0,-0.5,0.0033462944585043,0.00622546587374703,0.0107156078024994,0.0084586129745796,0.00795689390663174,0.00622175566361982
0,-0.5,0.0154926484640574,0.00628352107240607,0.0292217211542742,0.00873551157203432,0.0207863251605638,0.00626997928013083
0,-0.5,0.0057509127811416,0.00590776517089226,0.0119752667014843,0.00860699700110316,0.00829960693242469,0.00590504372114415
0,-0.5,0.00516241319796058,0.00617809702250693,0.00676838223751097,0.00877009099963201,0.00473194913993185,0.00617840303951349
0,-0.5,-0.00290031303844324,0.00596487442487635,0.000136975904109816,0.00763783365079894,0.000107351500978416,0.00596550494126588
0,-0.5,-0.000623771366426863,0.00620446438102805,-0.00109204011613066,0.00839460802935602,-0.000820104368834457,0.00620444412328228
0,-0.5,0.00397842801107795,0.00616281727793573,0.00211513939094355,0.00913240654337571,0.00143503343895049,0.00616380949186158
0,-0.5,0.000158249874601079,0.00626908991332143,-0.00542311406459049,0.00839909986201924,-0.00406550662467535,0.00626792573936169
0,-0.5,0.000171839400725277,0.0062474311691142,0.000841973962198816,0.00818553644423377,0.000656563936218728,0.00624740272304363
0,-0.5,0.00159622463493502,0.00622760909112026,-0.00363225454269167,0.00832585081035704,-0.00275416111642028,0.00622725077723249
0,-0.5,0.000295659943263024,0.00600718284307734,-0.00668871583282639,0.00953756719932738,-0.00411504318965038,0.00600592915618881
0,-0.5,0.00936273308574872,0.0058733673607013,0.00598130572412541,0.00835972556928083,0.0043410350022262,0.00587863049454228
0,-0.5,-0.00479045098561827,0.00604936786362105,-0.0122908406616101,0.00900973311657362,-0.00853929168509396,0.00604567978883838
0,-0.5,-0.0110460165182182,0.00632915262174032,-0.00774677531908613,0.00814947737864925,-0.00601639679724088,0.00633513085507964
0,-0.5,-0.00604234807094585,0.00649028506129288,-0.00995690216681185,0.00831961535786971,-0.00767647529157227,0.00648877184429716
0,-0.5,0.00387325202098946,0.00615399817787441,0.00466867010373621,0.00860510774348778,0.00335847244485972,0.00615426695942607
0,-0.5,-0.0075671149031525,0.00610619937034363,0.000433923033188429,0.00943480926039427,0.000285550357830676,0.00611036684381351
0,-0.5,0.0017045826418451,0.00603810200260301,-0.00214915487330172,0.00822111678040812,-0.00159678133836965,0.00603812831540051
0,-0.5,-0.0164869408586222,0.00625538741209394,-0.00495738807322225,0.00834567676544011,-0.00366524949079203,0.00627363838160602
0,-0.5,0.00255566075357631,0.00596900362651309,-0.0119536664245133,0.00823523428378858,-0.00859099007297276,0.00596395481628469
0,-0.5,0.00983556760019045,0.00596321958559282,0.0037317700936155,0.00821083880370683,0.00268646739267878,0.00596993820422745
0,-0.5,-0.00925006258310107,0.00594977964406662,-0.00839486303095205,0.00914526515049784,-0.00561842321720886,0.00595384468886141
0,-0.5,0.0078855676955871,0.00597965628032409,0.00597231776899703,0.00973906575154662,0.00371073275331425,0.00598327828718431
0,-0.5,0.005704581338023,0.00616354676048122,-0.000399936330181021,0.00948559360586933,-0.000253862302102753,0.0061658866264677
0,-0.5,0.00890594501801629,0.00600462473148246,0.0124164810381526,0.00751541106080658,0.00976733453908336,0.00600342671543873
0,-0.5,-0.00590676375623026,0.00606937540593528,-0.0169488568466982,0.00756127560350648,-0.0134886142521134,0.00605855650593554
0,-0.5,0.0107811189898256,0.00611126736062349,0.0109247537953602,0.00908685005822979,0.00741529936234739,0.00611572738050261
0,-0.5,-0.00664997553407287,0.00609369503411351,0.0019898530492812,0.00799094884720512,0.00151315019029591,0.00609675936315196
0,-0.5,-0.00293183894853876,0.00601091583333795,-0.00851635286627049,0.00885143152994792,-0.00607054637184126,0.00600881436732935
0,-0.5,0.0068986147488578,0.00606112363477266,0.0102274236335597,0.00921249276219442,0.00682470478212514,0.00606119828359972
0,-0.5,0.0099894555412774,0.00620431089315261,0.0150263315618988,0.00796051875250628,0.0114281219380617,0.00620210747950828
0,-0.5,-0.000226850788333739,0.006306642006568,0.00346767599637221,0.0093500984779262,0.00236603655286868,0.00630625372429589
0,-0.5,-0.000439181865362519,0.00628285143841637,0.00582806250139601,0.00848179515514681,0.00432767275482793,0.00628154748602455
0,-0.5,0.00412132022122852,0.00598472161616519,0.0047045076468389,0.00792392875572157,0.0035183757051101,0.00598506596459152
0,-0.5,-0.0113085210870673,0.00603895653389182,-0.0177934158573235,0.00887970459631933,-0.0120446547659243,0.00603768493478617
0,-0.5,0.00521640654989895,0.00601937726243336,0.00592299413978591,0.00818077089556627,0.00442539139051914,0.00601994334422619
0,-0.5,0.000401271548751038,0.00607526205120712,0.00486856656293478,0.00914422260999875,0.00332834096785341,0.00607446098697151
0,-0.5,0.014815354750877,0.006058622429712,0.0188256250547181,0.00945213671328734,0.0122010290497364,0.00606382315954597
0,-0.5,-0.0149337699672138,0.00658165972697853,-0.0193815100704633,0.0107617212390133,-0.0120285484197125,0.0065868516618243
0,-0.5,0.0018824054075158,0.00617622088165089,-0.00238364136358962,0.00809304344409915,-0.00184768463373083,0.00617623019003145
0,-0.5,-0.00199651991294545,0.00608134297768698,0.00358887752597777,0.0081329019080911,0.00271841536852716,0.00608109354472762
0,-0.5,0.00241777814714332,0.00617546643615191,0.00413436431454966,0.00857035939093468,0.00298464694135996,0.00617524628551782
0,-0.5,-0.000869584823613425,0.00594634685241559,0.00462141980055617,0.00841254593417467,0.00330711988683968,0.00594557962565932
0,-0.5,0.00353629337184032,0.00633304943561423,0.00150118660139327,0.00837693283785612,0.00109583161300398,0.0063338365113332
0,-0.5,0.0131531529917996,0.00616505708545777,0.00938001867925692,0.00845867797554916,0.00694822129572165,0.00617403744607097
0,-0.5,-0.00948374317150223,0.00618132073582979,-0.0105322236882516,0.0087237346029068,-0.00755699369782969,0.0061836781672547
0,-0.5,0.0061581710044922,0.00603199645317923,0.00244316188814417,0.00775337588362432,0.00189879598778192,0.00603453643351665
0,-0.5,-0.0072937750926499,0.00628997050990325,0.0082315962593118,0.00928514769479161,0.00551844100120007,0.00629156806514418
0,-0.5,0.00373190002231543,0.00596350358602581,-0.0046019826704442,0.00841706236828883,-0.00325699581711867,0.00596375279881337
0,-0.5,0.00826271370830357,0.00600173770627649,0.0212198697480862,0.0106373809053945,0.0126321658724552,0.00599492901928548
0,-0.5,0.00175408948349311,0.00592857021758986,0.00940136414675367,0.00811322457471364,0.00718403551066514,0.00592489778837574
0,-0.5,0.00348584273400692,0.00637231268160575,0.00808625684289457,0.00845801046444801,0.00583177965585232,0.00637080228036249
0,-0.5,-0.000803038671469998,0.00607650109448425,0.00706360730598467,0.008551922006707,0.00507387748099594,0.00607465955324491
0,-0.5,-0.00466406341558057,0.00605381128825304,-0.0080781242583809,0.00971460569958897,-0.00502124642215877,0.00605355631480819
0,-0.5,-0.00648691356668918,0.00628848540899719,-0.0136966132936443,0.00919408809500355,-0.00959548838989737,0.00628497094390363
0,-0.5,0.00555451292702581,0.00608032219659194,0.014149499365213,0.00873506879194844,0.0100148128125606,0.00607522839716675
0,-0.5,0.0044613534129244,0.00564680173372781,0.00394181802730875,0.00759615599587046,0.00292123300189615,0.00564771436562617
0,-0.5,-0.00752933516924615,0.00633564069345152,-0.00118814224808141,0.00869487033353198,-0.000872170195399006,0.00633953191020151
0,-0.5,0.00515870042086638,0.00614973550207854,0.00240401346986063,0.00802901262517588,0.00182590816251169,0.0061514174193355
0,-0.5,-0.00894406848970327,0.00593869363567048,-0.0204969200376034,0.00818117419413664,-0.0152285940236502,0.00592720806257133
0,-0.5,-0.00550837800966152,0.00627761236286658,-0.00167609358486183,0.00767359058621594,-0.00131880796445061,0.00627962601524382
0,-0.5,-0.00685752228276716,0.00608340083182667,-0.00170171182953896,0.00842723923990833,-0.00117648160588852,0.00608674316898776
0,-0.5,0.00284819307350652,0.00613755337530886,0.00229756153942044,0.00851947794138962,0.00168779679701285,0.00613793466486838
0,-0.5,0.00158120414504142,0.00591339319877124,0.000614853652927121,0.0078201954332197,0.00046008862170187,0.00591356682895306
0,-0.5,0.0076945994214518,0.00612338688103311,0.00278275721714469,0.00770291107463149,0.00222100260835881,0.00612732883043577
0,-0.5,-0.00427369776068531,0.00622482468420454,0.00104317610554212,0.00836239374559125,0.000782723345212156,0.00622608077853927
0,-0.5,0.000718163485174605,0.00606268442412051,-0.00293357800404915,0.0082498721505731,-0.00214706262868293,0.00606238324386097
0,-0.5,-0.0067140056308917,0.00610892549204929,0.00401551505721079,0.00873845998831497,0.00277112554084457,0.00611165011219956
0,-0.5,0.00340849835558833,0.00617331591557653,-0.00207242806295068,0.00948757107585429,-0.001366399837988,0.00617401710898445
0,-0.5,0.00576054307648646,0.00603783797350297,0.00249146913422125,0.00849823334795798,0.00176419397991409,0.00604006105108491
0,-0.5,-0.00107753277857993,0.00581396767766876,-0.00241157464238092,0.00795959234552749,-0.00173522965038295,0.00581382436174254
0,-0.5,0.00247346447575483,0.00596783932045748,-0.00411718038136632,0.00827174280726679,-0.00296860633332607,0.00596763717153591
0,-0.5,0.0127209263741775,0.0063753954814906,0.0137914534484836,0.0104199104908788,0.0084488280221719,0.00638163826116424
0,-0.5,-0.00117101065111986,0.00629399579352771,0.00115789200767065,0.00914467819364941,0.0008019910850085,0.00629404688829264
0,-0.5,0.0114434111337706,0.00629521875188563,0.0127100788690938,0.00833867246132647,0.00953004773448262,0.00629803467160117
0,-0.5,-0.00752414652327415,0.0059672638991633,-0.0113326790275085,0.00762730174537379,-0.00887850422655014,0.00596559649887738
0,-0.5,0.0017676894578257,0.00590129390214634,0.00435848114450356,0.00923623383685187,0.00278831409830326,0.00590094019264105
0,-0.5,-0.00321775156244268,0.00629888835764591,0.0018724338128124,0.00909490229306103,0.00129469187288341,0.00629949671646373
0,-0.5,-0.00226880513410438,0.00607713830591556,0.0044506665614099,0.00812251085043001,0.00329475824931387,0.00607671963710711
0,-0.5,0.000135496511233253,0.00622697964782457,0.0113906642641701,0.00863494485726171,0.00816480984787261,0.00622223593409713
0,-0.5,-0.00314445637379335,0.00614755243682447,-0.0112621233904653,0.00820493610953525,-0.00832928127322037,0.00614324922998647
0,-0.5,0.00470936617646635,0.00603516191627174,-0.000888185116578908,0.0090966639667466,-0.000592748774238298,0.00603677644273776
0,-0.5,-0.00647387413106713,0.00603099955527295,2.99604995552049e-05,0.00790687199176123,2.28063116661279e-05,0.00603410197392882
0,-0.5,0.00632657125942384,0.00626376967369093,0.0037638115513101,0.00910745854101446,0.00258946169516436,0.00626612196913257
0,-0.5,-0.0150406547648615,0.00607729228304255,-0.016809041806508,0.00895064462648935,-0.0115649033805074,0.00608407424526694
0,-0.5,-0.00387540825480218,0.00623321578120047,-0.0170073594870435,0.00928368710524387,-0.011430497572281,0.00622499120255461
0,-0.5,0.00212348022637968,0.00593277642293592,0.000176576632878291,0.00800207878989918,0.00013059418890928,0.00593311586070404
0,-0.5,0.00279073722647533,0.00586028791314809,0.00573249522618426,0.00789659089858563,0.0042053511366554,0.0058595285556724
0,-0.5,0.0053615883916399,0.00611205731343315,0.0144997439382409,0.00811093276657915,0.0108796489019297,0.00610552503900417
0,-0.5,-0.0141348402422301,0.00598961429629482,-0.0132689393579053,0.00805856640017257,-0.0101094163125986,0.00599690102895151
0,-0.5,0.00320463951511015,0.00608326151233074,0.00442173545373378,0.00915027042980933,0.00296799157324817,0.0060833685153855
0,-0.5,-0.000481920001719656,0.00623422316281417,-0.00547721887456517,0.00840763846727382,-0.004133040622806,0.00623302612987227
0,-0.5,-0.0143297105390591,0.00588037349959826,-0.0191525847935609,0.00920138791093076,-0.0123297618566577,0.00588444769770377
0,-0.5,-0.00609681440873004,0.00614226741077229,-0.00499659215862824,0.00881985564122035,-0.00350323694398324,0.00614406918183476
0,-0.5,0.00866179393585934,0.00612961066042247,0.000759806233540067,0.00927553332521944,0.000499827301392461,0.00613503412855676
0,-0.5,-0.0037652937532385,0.00620146719697948,-0.00769334195989545,0.00835310647869708,-0.00590609241035866,0.00619998638257841
0,-0.5,-0.00201329460375292,0.00597445472572491,0.00163417787369394,0.00847390954815659,0.00115374708847989,0.00597465865491722
0,-0.5,0.00661775416278429,0.00615328650973921,0.0144390412704031,0.00896121241938937,0.00980221217347152,0.00614950836120118
0,-0.5,0.000321257823943325,0.00617859862644664,0.000590717362659693,0.00819676925895694,0.000441112496714623,0.00617859206240334
0,-0.5,-0.00235103834277709,0.00615156691860083,0.00728637503732733,0.00932737693133276,0.00487597195266976,0.00615024856148118
0,-0.5,0.000195803087012285,0.00603629081204676,0.0064312352433326,0.00930868608089207,0.00417189480969525,0.00603500614936605
0,-0.5,-0.00419010600090784,0.00650963024701516,0.00450715181919841,0.00945052837726442,0.00316685952544117,0.00651013626698965
0,-0.5,-0.00127585670044964,0.00604369666492573,-0.000219038361075066,0.0100536755980597,-0.000128022576899634,0.00604381566592432
0,-0.5,0.00342552824616845,0.00612549729829464,0.00171266875327969,0.00828641538591834,0.00130977378840785,0.00612622482032961
0,-0.5,0.000101868475204739,0.00616936173469931,0.0109110544930207,0.00825263646509985,0.00809813681250687,0.00616463968374728
0,-0.5,0.000985884305035699,0.00618235994967903,-0.00050429321985104,0.00841451335288998,-0.000364631187212375,0.00618242017566742
0,-0.5,0.000326956584259735,0.00633999058766911,-0.0084267009750863,0.0109260588365924,-0.00500179109844332,0.00633825810252975
0,-0.5,-0.00467041457028328,0.00625239205859631,-0.0031246042285593,0.00864746847528874,-0.00230909479824114,0.00625355832773242
0,-0.5,-0.00421537919446647,0.00621905722135451,-0.00395804169519679,0.00808390346619757,-0.00299751239905628,0.00621968309061112
0,-0.5,-0.00446001035206431,0.00629260368504311,-0.0146155617269255,0.00930547407147645,-0.0102668049821847,0.00628659563481475
0,-0.5,-0.00281265316095531,0.00615914406513917,-0.0104244219740298,0.00795700957275249,-0.00777181708499531,0.00615535639591625
0,-0.5,0.000998939625159217,0.00612425441156658,0.00892654288402909,0.00877335387223582,0.00622542319864583,0.00612151076428636
0,-0.5,-0.0123436567846866,0.00605547815583497,-0.00864279531784049,0.0098037473491084,-0.00544530861541968,0.00606451323197184
0,-0.5,-0.00812218037277398,0.00616154712575571,-0.00629547206230539,0.00884882686275623,-0.00441267266865316,0.00616489844057126
0,-0.5,0.00408396907326474,0.00612790952111406,0.00451710242560867,0.00910143162637941,0.00298071394848812,0.0061284752452395
0,-0.5,-0.00333528399405151,0.00618229061554156,-0.00814013544992222,0.00916276494179212,-0.0055609021855801,0.0061808690221872
0,-0.5,-0.00817092840687283,0.00592542539529187,-0.00363277220264906,0.00802670021870986,-0.00257714486167859,0.00592997397113032
0,-0.5,0.00284033977646258,0.00594514726872867,-0.00712445109732807,0.00930804398651324,-0.00465956671179226,0.00594411873988276
0,-0.5,-0.0154713130224654,0.00638165845937031,-0.00785806302804851,0.00911434423520768,-0.00546222549718044,0.00639609249870968
0,-0.5,-0.00102787258915166,0.00603871668431404,0.00338773934490437,0.00840216652352203,0.00251600648817486,0.00603832680007762
0,-0.5,-0.00150247068808833,0.00613906802969899,-0.00946205700180866,0.0086761858600061,-0.00672911760460034,0.00613595105038486
0,-0.5,-0.00727584817734781,0.00630922239181517,-0.00538156334756887,0.00828114588353337,-0.00397463476017295,0.00631182049344196
0,-0.5,-7.18419605720999e-05,0.00599575869124404,0.000254239660458414,0.0100761374694064,0.000156072909861371,0.00599575725942361
0,-0.5,0.00654559326263085,0.0059516097011306,0.000373541458484703,0.00771897067705908,0.000293158569374712,0.00595482732545481
0,-0.5,-0.0103125984247952,0.0061786575605385,-0.00391836269479885,0.0091724202091637,-0.00272940296858172,0.00618575857629379
0,-0.5,-0.00963259376065957,0.00637156647990274,-0.00314088185535377,0.00918458224451555,-0.00222486182171547,0.00637763280759244
0,-0.5,-0.000682393453900894,0.00625543443343991,-0.0094836462465736,0.00907234871103375,-0.00644943846321644,0.00625252440262009
0,-0.5,0.0133046363057198,0.00607653110832405,0.0127914151418155,0.00787776860078738,0.0099251151438963,0.00608228920610436
0,-0.5,0.00206249941347518,0.00626587428070238,-0.00273682522735296,0.00868437258341226,-0.00200929371020697,0.00626588957094955
0,-0.5,0.00237619249495876,0.00604615232001579,0.00140621671572955,0.00945997861619026,0.00090995629357085,0.00604650795667947
0,-0.5,-0.00670959141067365,0.00608850396542586,0.00432284325931242,0.008434850805876,0.00317345721806474,0.00609106075917387
0,-0.5,0.00127542831823277,0.00622119749251073,-0.000409777883621704,0.00810881030731022,-0.000325686093936561,0.006221305789482
0,-0.5,0.00324567543428021,0.00603391252150573,0.00571185349823217,0.00831277115511188,0.0042297096871295,0.00603336812841641
0,-0.5,-0.00373298077237429,0.00602928545993183,-0.0123770533695371,0.00913679424888418,-0.00798955456930112,0.00602558763700923
0,-0.5,-0.00205956882734784,0.00626444553506532,-0.00458314509480255,0.0082171198852911,-0.00333906616726844,0.00626395784126762
0,-0.5,0.00181431467958285,0.00612834062783188,0.0125040302539404,0.00870573319653983,0.00899959379447611,0.00612269714017606
0,-0.5,-0.00626830563920711,0.00612972213928575,-0.0109118819063564,0.00765770593545244,-0.0085533996342733,0.00612726357035177
0,-0.5,-0.00355640163192028,0.00566755169265852,-0.00454668177450737,0.00873381056365314,-0.00295772893651286,0.00566786334543935
0,-0.5,0.00149360375871474,0.00612312239316719,-0.00972779040207226,0.00894323391073886,-0.00670508527701987,0.00612001677943174
0,-0.5,0.00509740582808206,0.00616739366780619,0.0066431881330348,0.00827857951426103,0.00489957129328455,0.00616753607967485
0,-0.5,0.00263539120216318,0.00596993925619699,-0.0104085902364192,0.00849990357936518,-0.00728980813271081,0.00596647367344375
0,-0.5,0.00274045205006034,0.00587214879041846,0.0041274184305564,0.00817152907397277,0.00295606559487231,0.00587205479178978
0,-0.5,-0.00363211904530382,0.00616474184514651,0.00670281288595169,0.00857505000063609,0.00467660370273688,0.00616411657436534
0,-0.5,-0.00270196074310375,0.00603912797178505,-0.00695249754746705,0.00775921097572287,-0.00547218613910923,0.00603745373400045
0,-0.5,-0.000119356453052098,0.00597550500432818,0.00495474123617846,0.00845323327763305,0.00344153415880489,0.00597461887534902
0,-0.5,0.0061429181779373,0.00627818209693923,0.00783147064619694,0.00871750181002545,0.00558581975875531,0.00627864214692782
0,-0.5,0.00165645975467234,0.00619972363342494,0.0155438588884059,0.00958228989107673,0.00976194832266447,0.00619309778138049
0,-0.5,0.00302719148232739,0.00606947312934252,9.00987345723466e-05,0.00820485793057282,6.69617397153956e-05,0.00607014593084783
0,-0.5,0.000829018706453054,0.00629562887714835,0.0114107756541125,0.0091431845888586,0.00784466119311739,0.00629135751637797
0,-0.5,0.00987001750786957,0.00617872981336766,0.00880222125875892,0.0079955469572688,0.00683697697597759,0.00618236956631197
0,-0.5,0.00332663942159136,0.0059755235456081,0.00432176466100225,0.00822096267497303,0.00321817698499377,0.00597557671430536
0,-0.5,0.0031242595149965,0.00626653422224666,-0.00277054486052763,0.0100896425986713,-0.00175875621275674,0.00626700474147968
0,-0.5,0.00799404983449999,0.00595934482203375,0.00827807898695191,0.0088341339444989,0.00564724686855599,0.00596175042013762
0,-0.5,-0.00781134876832389,0.00628121621701327,-0.00852860281969417,0.00922275754657896,-0.00592911893456,0.00628303588848087
0,-0.5,0.00515591819854641,0.00619839597586907,-0.00382563344693175,0.0098300125430625,-0.00247680934971752,0.00619985894081862
0,-0.5,-0.00440124198756825,0.0065505037258503,-0.00941998352625301,0.00985068805568707,-0.00623603286117036,0.0065492020678869
0,-0.5,-0.00380105646193709,0.0062075056426161,-0.0075791130864483,0.00910373885248976,-0.00524839821234846,0.0062065700922092
0,-0.5,-0.0153756469531822,0.00630137283814924,-0.0272853228917907,0.00933110651060387,-0.0184226823658983,0.00629414317140312
0,-0.5,-0.00201799464764618,0.00602255998015072,-0.00988223090874387,0.00786423812710762,-0.00750575984291328,0.00601868146986884
0,-0.5,0.00192397325328085,0.00581747056754909,0.0104443538342204,0.00820415271817393,0.00747932975671139,0.00581342452707814
0,-0.5,0.00502121901242,0.00639970549780509,-0.000243952032078532,0.00901914018051181,-0.000181704371580899,0.00640143524314692
0,-0.5,0.00320586856102669,0.00609140331416215,-0.00410505666167336,0.00880755979131709,-0.00289273119151999,0.00609154297056287
0,-0.5,0.0128063332573927,0.00609286044334802,0.0254103471880163,0.00950647772279386,0.016587263828211,0.00608472226037208
0,-0.5,0.00358421512851326,0.00607702663528257,0.0154081666538806,0.00869925023543759,0.0105144889884676,0.00606985335224695
0,-0.5,-0.0116081168754886,0.00625088032562344,-0.0126309876751004,0.00779422172359969,-0.0102676431482722,0.00625295671321312
0,-0.5,-0.00489152399708267,0.00610071375954731,-0.00426207497411984,0.00873404767270139,-0.00303677590481397,0.00610178701246584
0,-0.5,0.00382422861749073,0.00640525730338089,0.00227361617963369,0.00910930256495667,0.00156653380981022,0.00640609251914776
0,-0.5,-0.0167698939229506,0.00624795504444699,-0.0149087523400573,0.00798287993425873,-0.0117783321976654,0.00625804653096578
0,-0.5,-0.011888001227016,0.00608344154119175,-0.0138584280583539,0.00922537890573147,-0.0091915133434632,0.00608760498943565
0,-0.5,0.00393864634217815,0.00614952183560153,0.00715168912456707,0.00984267069035587,0.00461069424401484,0.00614910659044501
0,-0.5,0.00155331908767214,0.00610544208383781,-0.00575880639398409,0.00849208335150266,-0.00415475070798228,0.00610435914729812
0,-0.5,0.00536086156131749,0.00639666236802904,-0.00552679715131082,0.00949407889063808,-0.00363641563351412,0.00639772896514257
0,-0.5,-0.0117811243880074,0.00616298430635353,-0.0157928876781262,0.00911994592411229,-0.0109473565953823,0.00616435045285576
0,-0.5,-0.00161170235268516,0.00604541798526799,-0.0141040998276562,0.00902199573214608,-0.00953370247137398,0.00603889434715302
0,-0.5,-0.00147592813378743,0.00605030358504626,-0.00702867747938452,0.00901161879146871,-0.00480587126188094,0.00604876058792825
0,-0.5,0.00937048630837611,0.00613901425814389,0.0129599144718159,0.00933590290437938,0.00892307493915639,0.00613960714297611
0,-0.5,0.00833351668600753,0.00614060198135764,0.00794860058434289,0.00872477507708492,0.00573228776575715,0.00614325062293506
0,-0.5,0.00357179279889202,0.00623494422033231,0.0107912696047145,0.00879867197424751,0.00761227032584662,0.00623173342079533
0,-0.5,0.00402186734753391,0.00608407171403496,0.00272337953534402,0.009145817281679,0.00178675600108292,0.00608502250689561
0,-0.5,0.00276942246034837,0.00600659722696302,-0.00128384889510253,0.008676310446585,-0.000884891928442243,0.00600710969110552
0,-0.5,-0.000940648903583839,0.00602907113221645,-0.00845137457943881,0.00744753772095631,-0.00667042852071507,0.00602583950997857
-0.5,0.5,-0.491184536140355,0.023217415660571,-0.506979855570146,0.0358376866641546,-0.459710691625989,0.0236636238892412
-0.5,0.5,-0.498746915348544,0.0232653066972912,-0.475160311117331,0.0337796459130588,-0.448629504663881,0.0239461395443849
-0.5,0.5,-0.528370234596872,0.0254596401928489,-0.560817620080642,0.0401305895265252,-0.482347115440924,0.0260403034327986
-0.5,0.5,-0.521528701898573,0.0250909440799826,-0.502015069834177,0.0351692135339035,-0.471240910243151,0.0257094165499677
-0.5,0.5,-0.508623185813476,0.0246748892182889,-0.501586258751947,0.034637150821485,-0.461774389587769,0.0252345940224255
-0.5,0.5,-0.492295741912841,0.0235821587358333,-0.464592616670335,0.03322076146458,-0.446003028582805,0.0241588787844859
-0.5,0.5,-0.507465852081676,0.0240218556354962,-0.490758580627266,0.0361123914743878,-0.458455416870136,0.0246607551390236
-0.5,0.5,-0.551538491670206,0.027125618294796,-0.571599055572995,0.0389323379814957,-0.512127482576845,0.0276126032698077
-0.5,0.5,-0.489241855260698,0.0235767760530313,-0.510188353417015,0.0335721827371627,-0.441543943782139,0.0241510822734466
-0.5,0.5,-0.481661506755317,0.0231540243936895,-0.499588924868427,0.034743693279148,-0.441460154690212,0.0236609432926442
-0.5,0.5,-0.560516227114801,0.0295240820805361,-0.559097457801062,0.0396733038038197,-0.51166609861779,0.02991410659046
-0.5,0.5,-0.503227413399892,0.025990467155331,-0.467915745921016,0.0349944484203004,-0.440280442553861,0.0264808396339531
-0.5,0.5,-0.481755386118638,0.0242531666282045,-0.500078460861676,0.0334675878082269,-0.441030306531184,0.0246728922622039
-0.5,0.5,-0.495955398340076,0.0236352801727239,-0.465038638013426,0.0325213203893608,-0.446881902031772,0.0242516388427679
-0.5,0.5,-0.479279993369174,0.0244363871474806,-0.436062539652454,0.0315349836358721,-0.421395429060434,0.0249383963108348
-0.5,0.5,-0.500656056683711,0.0245609183782194,-0.514093330168748,0.0350364002801698,-0.443887704428965,0.0251661965184795
-0.5,0.5,-0.536036830674336,0.0259673705506091,-0.533199106075621,0.0357024124274909,-0.46859510376758,0.0267076181309008
-0.5,0.5,-0.536226659523787,0.0247924485321526,-0.487265770143956,0.0345589818303981,-0.463758565593051,0.0257365341074935
-0.5,0.5,-0.505454100599652,0.0237761246397664,-0.496605152272922,0.0338285038983043,-0.458681914614732,0.024407102019187
-0.5,0.5,-0.510991035736769,0.0250355390226599,-0.526593042825766,0.037977397430906,-0.461383989460598,0.0255951840779351
-0.5,0.5,-0.504652259218023,0.0253612667014139,-0.484646021548194,0.0358623586523961,-0.451364298061884,0.0258788409228923
-0.5,0.5,-0.514857079122493,0.0242936037823913,-0.494604676808424,0.0332358413635706,-0.471352957833239,0.0248897389882613
-0.5,0.5,-0.484622629465899,0.0230157584202676,-0.434578288082057,0.0301542600576214,-0.431070087356085,0.0236755940127995
-0.5,0.5,-0.51718180362987,0.0251488163432654,-0.545406873025215,0.0374481529452466,-0.478718169994588,0.0256301049077706
-0.5,0.5,-0.490800783129737,0.0243439489237465,-0.500752776564865,0.0348406906484724,-0.449818776035421,0.0247974762928006
-0.5,0.5,-0.451478325149419,0.0233857757073445,-0.458159317301909,0.032399984819799,-0.408580377335231,0.0237660323833163
-0.5,0.5,-0.502200240907163,0.0241178224534215,-0.472037472552657,0.0336031012174391,-0.428275571570985,0.0249035995518851
-0.5,0.5,-0.477403343835916,0.0227333843641834,-0.468113472615314,0.0322433955876617,-0.432970822790066,0.0232998685182293
-0.5,0.5,-0.484018587941081,0.0240619827397392,-0.530201284873261,0.0369203851525266,-0.452292669927086,0.0244276354522019
-0.5,0.5,-0.488142215134736,0.0243791913891805,-0.502686602579042,0.0352124658030876,-0.448447480196644,0.024807583380355
-0.5,0.5,-0.516043714026508,0.0243826272550222,-0.524611285719533,0.0355749707815249,-0.462352235028576,0.0250761518447073
-0.5,0.5,-0.498361481168846,0.0242477567245236,-0.50948328483525,0.0373992754445853,-0.46126145641536,0.0247064308448812
-0.5,0.5,-0.503786565037366,0.0239816593883943,-0.491544460835015,0.0348739954192022,-0.449448883962834,0.0246521956756529
-0.5,0.5,-0.528785953036407,0.0259875174178601,-0.535720735658002,0.0377051205759297,-0.480425625175371,0.0265392729708312
-0.5,0.5,-0.502565316222744,0.0238707461374746,-0.486657935861079,0.0342121537395477,-0.447780322500894,0.0245504091576622
-0.5,0.5,-0.534317689750765,0.02527159561016,-0.539923689190982,0.0359499617675898,-0.468583632702148,0.0260801169015822
-0.5,0.5,-0.497572455150189,0.0224510115750116,-0.485260527393984,0.0312513306530526,-0.456018225435678,0.023111269140512
-0.5,0.5,-0.508343470024849,0.024577749573591,-0.532960670127922,0.0355851909566303,-0.468011561702846,0.0250847733021129
-0.5,0.5,-0.489132116317008,0.0244959501094396,-0.48921189409123,0.0353991192491226,-0.449625065769637,0.0249175673996746
-0.5,0.5,-0.455066016001247,0.0229551186217456,-0.457899329753562,0.0329870086174611,-0.412973938323001,0.023380767775071
-0.5,0.5,-0.485440626817061,0.023598130136209,-0.488416603907827,0.0358475224919625,-0.430055224535324,0.0242124854635632
-0.5,0.5,-0.50237959135453,0.0251874532262223,-0.519933946637374,0.0358536533227058,-0.459292074452409,0.0256382566101152
-0.5,0.5,-0.533048420481827,0.0248507312375853,-0.504804092814755,0.0359300475985875,-0.473264342907879,0.025654647233856
-0.5,0.5,-0.434287778606224,0.0212541221735375,-0.423989815374221,0.0294560284669368,-0.384091571280366,0.0218076056207913
-0.5,0.5,-0.529565377867459,0.0259782181183152,-0.508564024807071,0.0350237720929563,-0.490360908677276,0.0264548615660492
-0.5,0.5,-0.510329498074764,0.0250856714354195,-0.515195361939335,0.0373954411444609,-0.46226040303233,0.0256244745259073
-0.5,0.5,-0.490284428822507,0.0235664035403965,-0.479672679260523,0.0357751067230327,-0.437732005424468,0.0241892713546582
-0.5,0.5,-0.484659256029599,0.0240130672084319,-0.443465969898916,0.032372632344012,-0.425580919141549,0.0246012933226319
-0.5,0.5,-0.486282575272175,0.0244699569819023,-0.480810786840242,0.0349415592346378,-0.456922926155159,0.0247952578516289
-0.5,0.5,-0.475932246116584,0.0217244726563124,-0.441881348206273,0.030142227246178,-0.434048615559438,0.0223515630216512
-0.5,0.5,-0.567300412688263,0.0271405283105223,-0.589323939120236,0.0422064195948067,-0.51875521165987,0.02779900044428
-0.5,0.5,-0.516312683156434,0.0257146231053403,-0.537657481180891,0.0387999204432312,-0.466188841039754,0.0262388080543392
-0.5,0.5,-0.505021456722599,0.0242736274189545,-0.487743070690208,0.0328876190314277,-0.442754548038493,0.0249803440744893
-0.5,0.5,-0.532672175046798,0.0262701469515166,-0.549018259838813,0.0399950560052582,-0.479053452818442,0.0268555647135816
-0.5,0.5,-0.530942882144519,0.024105514441103,-0.526240493643424,0.0350688060974295,-0.476648212522228,0.0249312245342806
-0.5,0.5,-0.499990683043529,0.0247831373649096,-0.532954344950202,0.0350100330865757,-0.46299316394084,0.0252060328132763
-0.5,0.5,-0.491856590631849,0.0230049581481053,-0.520166929365584,0.0340850948006329,-0.467733093074541,0.0233740109584975
-0.5,0.5,-0.483679792484485,0.0225642131274591,-0.492476844695572,0.0347818361827375,-0.426795960412941,0.0233004714951059
-0.5,0.5,-0.503805395459854,0.0243190718611336,-0.509023302477188,0.0361962550874406,-0.459559527838815,0.0248646018180061
-0.5,0.5,-0.50898582109124,0.0245925875041259,-0.513597833594164,0.0353982935828581,-0.462405507365587,0.0251598041877874
-0.5,0.5,-0.509868999296619,0.0241570884265116,-0.503074816385016,0.0353534322794271,-0.462375154116401,0.0247806769829652
-0.5,0.5,-0.541424961465702,0.0268767227042898,-0.520239452214045,0.0383826163715959,-0.493238820622792,0.0274094254471601
-0.5,0.5,-0.546484590859208,0.0261125714123532,-0.549108488641791,0.0382220058835687,-0.503644949840812,0.0266962670735488
-0.5,0.5,-0.523809036798881,0.0256164084172647,-0.501904993767653,0.0356210049280255,-0.470678158382195,0.0262158282784524
-0.5,0.5,-0.51400802317242,0.0233210004397228,-0.527212325100842,0.035515043821124,-0.463008064843177,0.024094410629223
-0.5,0.5,-0.501563272025842,0.024101612806228,-0.488588600157276,0.0332082513673354,-0.472613046219757,0.0244962835858092
-0.5,0.5,-0.505330713678821,0.0252286338680713,-0.47419471198968,0.0340182253941383,-0.443976340383538,0.025814454050368
-0.5,0.5,-0.509283643855941,0.0246843142075231,-0.514091570869575,0.0348351102736291,-0.454067575838919,0.02531588251798
-0.5,0.5,-0.503360504771934,0.0250348050088092,-0.48833026476861,0.0325184899251344,-0.440621231715313,0.0256395313231839
-0.5,0.5,-0.525946164070915,0.0243641412967061,-0.534375551582125,0.0362145544328665,-0.478721764750967,0.0250528947496819
-0.5,0.5,-0.483429830529192,0.0228534745946699,-0.486652147117194,0.0337594295521622,-0.437388156854045,0.0234540119182404
-0.5,0.5,-0.481498229897295,0.0230659180547156,-0.47270794829419,0.0325615199660266,-0.421334452944715,0.0237553888795232
-0.5,0.5,-0.49473803401832,0.0230055465962778,-0.500862112737294,0.0338523443102645,-0.457900923656362,0.0235457304658283
-0.5,0.5,-0.450801802452636,0.0218628875642075,-0.437168789583421,0.0294882960006543,-0.404931913424667,0.0223986912735945
-0.5,0.5,-0.49670418847431,0.0229196802587928,-0.477900842346648,0.0322192062893212,-0.449109890587791,0.0235994811711109
-0.5,0.5,-0.505725079948368,0.024832247801432,-0.496433150323394,0.0358328541934373,-0.445701165753101,0.0254594892962038
-0.5,0.5,-0.508280644059082,0.0246391841225916,-0.517199636306192,0.0350375762558165,-0.463626835326965,0.0251809963032278
-0.5,0.5,-0.512758855329187,0.0246417507112238,-0.505027029861923,0.0345819659496639,-0.458217717437841,0.0252936095552631
-0.5,0.5,-0.477397733811514,0.0226986766225801,-0.482563341616908,0.0333728637652428,-0.422907125554178,0.0233607769902462
-0.5,0.5,-0.517243412032022,0.0244088638037026,-0.504247571786985,0.0349720237689106,-0.468619658851791,0.0250584912250686
-0.5,0.5,-0.497207017220858,0.0246144615762511,-0.493039085319176,0.0361796109663717,-0.444269789849053,0.0251668135140853
-0.5,0.5,-0.490629367694029,0.0231602313529418,-0.480856484166783,0.0334950887654914,-0.439177718016807,0.0238194027397139
-0.5,0.5,-0.524575171210694,0.0254727254500011,-0.514724535819992,0.0370934001337466,-0.478688644212969,0.0260307523329686
-0.5,0.5,-0.507780454244231,0.0238135721733384,-0.542876918247541,0.0376914525878418,-0.457518063198027,0.0244883813742438
-0.5,0.5,-0.540471605492297,0.0265291809130452,-0.501007195777417,0.0385063947515397,-0.474194520789863,0.0272204533873328
-0.5,0.5,-0.473348748366679,0.0224929467600886,-0.460740188934501,0.0340005264976182,-0.417137529946986,0.0231697648348112
-0.5,0.5,-0.519790514693438,0.0247589388709342,-0.520077400657421,0.0374021899133275,-0.460722414631209,0.0254785556886536
-0.5,0.5,-0.486429123601913,0.0252721881771969,-0.47544667518881,0.0354987705276218,-0.423451942150185,0.0257446568938016
-0.5,0.5,-0.486383476384813,0.0247770039796413,-0.487677984036567,0.0349656482252399,-0.442056630378456,0.0251988838954691
-0.5,0.5,-0.528475444123343,0.0251645205188977,-0.560477313678806,0.0393183336752951,-0.491961784730833,0.0256742754848798
-0.5,0.5,-0.49887340700757,0.0237807604555096,-0.465634619404609,0.0325058517644778,-0.427623269583694,0.0245730691240852
-0.5,0.5,-0.499477004473416,0.0252017305580732,-0.486655374356472,0.0361580674980417,-0.433202728577325,0.025779442993497
-0.5,0.5,-0.478042628453027,0.02326069176738,-0.500312821585627,0.036060942971086,-0.421216507521234,0.0238812058324164
-0.5,0.5,-0.514767143917305,0.024481693541184,-0.482232008807569,0.0341056734662896,-0.459662613116741,0.0251687101772875
-0.5,0.5,-0.505751803794908,0.0242651240564422,-0.50496444795158,0.0355860181494045,-0.45409139014149,0.0248928210213767
-0.5,0.5,-0.500518199065734,0.0251591211016964,-0.49109216855908,0.0358916079327703,-0.458820994519762,0.0255931275387119
-0.5,0.5,-0.456564881694575,0.0220166331790636,-0.462080514292748,0.031237564736548,-0.418271679921267,0.0224932585271121
-0.5,0.5,-0.493880426991851,0.024547833906081,-0.492553816033314,0.0357916722829026,-0.445221087290237,0.0250581401335864
-0.5,0.5,-0.512549755727571,0.0242975378671501,-0.495158579304097,0.0327337213474018,-0.458309559710289,0.0249843613300886
-0.5,0.5,-0.558971782640351,0.0249243385213332,-0.549132420849913,0.0392719266725989,-0.490185927230412,0.0260039453588557
-0.5,0.5,-0.510922140698445,0.0247263033223805,-0.545881424610208,0.0374456855823184,-0.475205659575514,0.025186383829194
-0.5,0.5,-0.488570635552061,0.0244032501750673,-0.481458326066555,0.0342876009686052,-0.430494336291866,0.0249634702676603
-0.5,0.5,-0.489430016596144,0.0245916779653449,-0.466666326265258,0.0316314395295647,-0.44351232428016,0.025055637865153
-0.5,0.5,-0.482175137691563,0.0235314151284379,-0.487939794200564,0.0316905156147066,-0.438472006975721,0.0240399967154264
-0.5,0.5,-0.536116268570467,0.0270929514355203,-0.520656419360444,0.0364963820734482,-0.478825174726384,0.0276333614789493
-0.5,0.5,-0.485743641081491,0.0246611166231938,-0.487274475664924,0.0347401156433827,-0.431032193473913,0.0251567859274809
-0.5,0.5,-0.525230229620982,0.026229937711438,-0.560132711597081,0.0407728491739847,-0.469018599507692,0.0267926005074686
-0.5,0.5,-0.497794121119564,0.0231558202669894,-0.494568099934215,0.0333228566990448,-0.448455231154321,0.0238351282944292
-0.5,0.5,-0.50714099145365,0.024829927348642,-0.486327699974755,0.035756949426101,-0.437700100424607,0.0255255704173109
-0.5,0.5,-0.498526951891141,0.0237557240021314,-0.507829684991271,0.0350533770047994,-0.452883533118471,0.0243412848551795
-0.5,0.5,-0.50180113707172,0.0246348711329299,-0.47098308352588,0.0357686993322579,-0.437786938415941,0.0252866919711985
-0.5,0.5,-0.475135324321147,0.0226812046065906,-0.442966787249869,0.0315908040468444,-0.413386076121415,0.023390521644914
-0.5,0.5,-0.554978789424214,0.0261278386416483,-0.569897379590031,0.039715645513291,-0.493458953074779,0.0269411494313775
-0.5,0.5,-0.47713628441741,0.0220772268302517,-0.47785013841817,0.0306838955996629,-0.431613540864009,0.0227173055495664
-0.5,0.5,-0.481597888855784,0.0223013625835478,-0.489738405540731,0.03260531753765,-0.428421714737623,0.0230208252518572
-0.5,0.5,-0.56507691116047,0.0268896192997433,-0.539669542695796,0.0390237687898764,-0.494057785781788,0.0277534554447828
-0.5,0.5,-0.509536406064434,0.0254154253724889,-0.501988337879571,0.0353316430610066,-0.463850803003689,0.0259001539736182
-0.5,0.5,-0.506071109616665,0.0244232516228695,-0.520515149101609,0.0371736425765089,-0.460988553853783,0.024978102156328
-0.5,0.5,-0.472518094905206,0.0224539843835632,-0.432813763458979,0.0296763295453994,-0.417222211293101,0.0231227201794638
-0.5,0.5,-0.527625198263568,0.02412761914997,-0.55218116244519,0.0381913854646282,-0.490919196155355,0.0247203225073352
-0.5,0.5,-0.506709498718667,0.0250171946081862,-0.515685922286778,0.0370747461016186,-0.44462776219594,0.0256416973900903
-0.5,0.5,-0.504492580500121,0.025182991267358,-0.482243578377643,0.0349361644449312,-0.460798388202524,0.0256488195114621
-0.5,0.5,-0.493568175687348,0.0246438782597723,-0.536651860137685,0.0358099869419244,-0.467764721900612,0.0249474908791923
-0.5,0.5,-0.50383906769054,0.0244915395443631,-0.480745585914107,0.0339601159342658,-0.446658802117224,0.0251269927837187
-0.5,0.5,-0.505278496865061,0.0248258075930588,-0.482758484184717,0.0347306367601089,-0.44884960656958,0.0254263971619592
-0.5,0.5,-0.505638700474869,0.025783950922664,-0.488331970736438,0.03543201294873,-0.463849684772194,0.026189334912255
-0.5,0.5,-0.475425666958202,0.0236903967247885,-0.495502050538517,0.0352101377984922,-0.426684316783946,0.0241918163881894
-0.5,0.5,-0.498462601287931,0.0236050684390539,-0.484102091963858,0.0328784285206644,-0.449090926745034,0.0242410383658765
-0.5,0.5,-0.52406425249151,0.0251676110065756,-0.523911936004096,0.0366869651535932,-0.465215172809373,0.0258641882550115
-0.5,0.5,-0.49156610333979,0.0223812981617363,-0.479245928816888,0.0320089668272813,-0.437408020373816,0.023160985359166
-0.5,0.5,-0.503599845071787,0.0227341850238686,-0.510653759907086,0.0332851067761172,-0.443420941543732,0.0236101271517011
-0.5,0.5,-0.486903530336079,0.0230350013177102,-0.494106825885793,0.0353820347566617,-0.448431036916948,0.0235572004637857
-0.5,0.5,-0.511716024510871,0.0245523932605917,-0.518043805259601,0.0359004742864861,-0.455525066859397,0.0252215602965984
-0.5,0.5,-0.564580146595189,0.0274010777670399,-0.569633100826925,0.0389799180386297,-0.508876069271981,0.0280786167175116
-0.5,0.5,-0.47455265207139,0.0229033521062072,-0.520890966669174,0.035014006233583,-0.440180915148899,0.0233420222695048
-0.5,0.5,-0.506372287941077,0.0258969094481367,-0.50347646521947,0.0370110688476133,-0.44079425162848,0.026429890864041
-0.5,0.5,-0.540297755087153,0.026456365628083,-0.509420304777874,0.0362266832600304,-0.475182173387838,0.0271485602950321
-0.5,0.5,-0.504796849893731,0.0228774716297106,-0.507535312555016,0.0355346780285526,-0.440821485916277,0.0237800580607377
-0.5,0.5,-0.497415044649804,0.0228755357655463,-0.487166076377817,0.0331847948875962,-0.450184324529111,0.0235598412775499
-0.5,0.5,-0.518801797173056,0.0247016619982526,-0.517955032397285,0.0362158214209596,-0.457987135103631,0.02543580182373
-0.5,0.5,-0.513712555241318,0.024162302887369,-0.517976381951437,0.0347466377920043,-0.478252804582329,0.0246749303637819
-0.5,0.5,-0.46093157771943,0.0227886050867695,-0.467170282995495,0.0322229741780036,-0.415926653232788,0.0232774593651306
-0.5,0.5,-0.50669894811662,0.0259185339417776,-0.517115814429234,0.0374806257589236,-0.476146569195146,0.0262323388143037
-0.5,0.5,-0.539041282582309,0.0258389185758874,-0.522510015908752,0.0360623554489385,-0.479849854088722,0.026556926442219
-0.5,0.5,-0.495799439973904,0.0233426657572956,-0.484408977392646,0.0317735793383288,-0.439164371702379,0.0240585653614665
-0.5,0.5,-0.515063601178918,0.0241053136223072,-0.562020850337489,0.0367812973796391,-0.479986734256932,0.0246235938358376
-0.5,0.5,-0.502931205824086,0.0234095971551452,-0.509060746156876,0.03575588917867,-0.452045199156974,0.0241064372596693
-0.5,0.5,-0.53679901668837,0.0258605982628977,-0.547031599467855,0.0377962190866549,-0.484145658741933,0.0265075718119234
-0.5,0.5,-0.484941998762479,0.023404956820373,-0.540459006831962,0.0347544423888057,-0.444992073151826,0.0239025399662547
-0.5,0.5,-0.522763313066058,0.024570023018841,-0.505173246405141,0.035361140227462,-0.45579217970658,0.0253978248207025
-0.5,0.5,-0.49530392648634,0.0235056782868254,-0.504649659845575,0.0331903714146473,-0.450212335002258,0.0240935788803643
-0.5,0.5,-0.466625163565144,0.022422989430537,-0.473971702097882,0.0339551294220698,-0.420205187127505,0.0229854714864241
-0.5,0.5,-0.499968813774948,0.022477157185015,-0.517798393829762,0.0344508533741714,-0.452253290884464,0.0232232633799115
-0.5,0.5,-0.544979360724209,0.0265074067853461,-0.546774047452485,0.0380936965106476,-0.49665404270014,0.0270975645476694
-0.5,0.5,-0.527573841955699,0.0249410817264932,-0.528682784603065,0.0364322777546537,-0.455963360152927,0.0257877720602258
-0.5,0.5,-0.498350320613832,0.0248741115593262,-0.483778207696042,0.0348549291039662,-0.454585890908529,0.0253388089854439
-0.5,0.5,-0.490186077459003,0.023307361020985,-0.471623717328869,0.0314022694518235,-0.435042143697532,0.0239804658041971
-0.5,0.5,-0.483592060801605,0.0239040013022952,-0.485715464443028,0.0328223823320054,-0.429705636879657,0.0244633410216858
-0.5,0.5,-0.533138487926474,0.0254995418715292,-0.516062177712627,0.0367879908651061,-0.49000543193176,0.0260733610917244
-0.5,0.5,-0.501426840565207,0.0236130334153861,-0.505830522963278,0.0364029414715702,-0.437154340814172,0.0243957275288237
-0.5,0.5,-0.499552728449687,0.0238445498953229,-0.486631986094027,0.0350910555920161,-0.459132792892203,0.0243750192935244
-0.5,0.5,-0.502060226683794,0.0233200544379647,-0.491730880913594,0.0340147795352792,-0.454769654257238,0.0239844024303052
-0.5,0.5,-0.499271803256169,0.0220311805322656,-0.500239860749279,0.0350820025870966,-0.451498362766901,0.0228224777089823
-0.5,0.5,-0.507166480718605,0.0240795369683738,-0.521681740720434,0.035513037368669,-0.458506901684324,0.0247074765050205
-0.5,0.5,-0.464938900137327,0.0230101483330133,-0.432413849936336,0.0298157326589656,-0.420038706870024,0.0234962502343883
-0.5,0.5,-0.454655126503052,0.0226023146736918,-0.476195383752379,0.0324195942899394,-0.416528744004971,0.023022875054163
-0.5,0.5,-0.493870390670589,0.0233115239761453,-0.494907827874531,0.0329231243776814,-0.441395690470408,0.023982062991804
-0.5,0.5,-0.482008830928333,0.0228526453756934,-0.484943593956409,0.0316703599417013,-0.4465298633412,0.0233362362906648
-0.5,0.5,-0.495578426905751,0.023648137073446,-0.474757025433404,0.0344663039608036,-0.425009790897841,0.0244305450474581
-0.5,0.5,-0.522005975624767,0.0252442407609145,-0.518978557021032,0.0360684577903147,-0.475376478295711,0.0258173244885151
-0.5,0.5,-0.460308749761573,0.0222793809973058,-0.465431899228118,0.0313243406240539,-0.406104971653739,0.0228901779075866
-0.5,0.5,-0.491244866652374,0.0234743887703105,-0.498906205283623,0.0354515228328863,-0.440864382084977,0.024093655549673
-0.5,0.5,-0.473264585113456,0.0237067569130297,-0.471425168680716,0.0335684008135197,-0.425656423728081,0.0241877815965761
-0.5,0.5,-0.525517674378381,0.0241392120833225,-0.501762426970284,0.0358825586601843,-0.47366045655024,0.0249000496223107
-0.5,0.5,-0.435224330426415,0.0222278296161304,-0.432511029115314,0.0298268890796916,-0.399077623999653,0.0225884125806081
-0.5,0.5,-0.524087991338912,0.024889864282672,-0.525739894559501,0.0373858230473429,-0.476866563118393,0.02551478146114
-0.5,0.5,-0.515670705340786,0.0242458255888733,-0.538592928018643,0.0351166017060313,-0.464442536442642,0.0249291270109131
-0.5,0.5,-0.5141658139931,0.0230501326499138,-0.535684351337743,0.0344298036093468,-0.460365753978952,0.0238877572352644
-0.5,0.5,-0.503315838824592,0.0242285091905108,-0.507877586642833,0.035939607139857,-0.456072884253527,0.0248076189866954
-0.5,0.5,-0.514961762047308,0.0247776362576118,-0.503242817797326,0.0368995399691908,-0.462266601594493,0.0254121900893925
-0.5,0.5,-0.519389648875242,0.0243835098030834,-0.510547533779026,0.0356711925550901,-0.453291040758063,0.0252050902038491
-0.5,0.5,-0.526000301689434,0.0253930790484041,-0.530413850597895,0.0377032775792048,-0.474251683070641,0.0260181688353159
-0.5,0.5,-0.48337841204074,0.0227951785437033,-0.484573985834239,0.0324736820730994,-0.429890543893223,0.0234719909079456
-0.5,0.5,-0.465750016379848,0.0224405870689274,-0.507961883208467,0.0341505294538294,-0.422014226797275,0.0229725761231082
-0.5,0.5,-0.481370409552894,0.0241747417930045,-0.489872063791257,0.0354037100201161,-0.440611413087789,0.024599551199752
-0.5,0.5,-0.530892902647417,0.025435152466115,-0.518783011586403,0.0362350838221238,-0.479332548661267,0.02608302134768
-0.5,0.5,-0.509677490544834,0.024290650215326,-0.515106998676572,0.0337614933381897,-0.469913064190187,0.0248226390478058
-0.5,0.5,-0.546982358097956,0.0269617625823483,-0.53526446082487,0.0376527078796727,-0.479166348477081,0.0276533258010252
-0.5,0.5,-0.544796530672538,0.0267279611477653,-0.55038168104871,0.0377838929985911,-0.483791769671811,0.0273907937958632
-0.5,0.5,-0.521169497757651,0.0238136228382914,-0.502553835968768,0.0351749573672529,-0.471562480954334,0.0245595899059991
-0.5,0.5,-0.517061108361549,0.0238320710779938,-0.547011190010965,0.0366196840608468,-0.486322490465025,0.0243233525421831
-0.5,0.5,-0.471589810290052,0.0225332888062024,-0.472258005216887,0.0330902154165736,-0.423718583885357,0.023122869942572
-0.5,0.5,-0.515656855772512,0.0241779781559214,-0.506504231146935,0.0340589155123768,-0.453980081315857,0.0249639556806407
-0.5,0.5,-0.483490853096637,0.0232264539004196,-0.498397961151958,0.0336822543030045,-0.445688770349999,0.0237111917676111
-0.5,0.5,-0.442708615841409,0.0212115119611211,-0.448138049121002,0.0312378467076879,-0.398065415475018,0.0217604361275841
-0.5,0.5,-0.488773492592941,0.0242866123119159,-0.507100747505201,0.0356198049307865,-0.456204773593938,0.0246618586860207
-0.5,0.5,-0.51224497527492,0.0239910386552691,-0.53652205336784,0.0358910448785017,-0.463295940838747,0.0246593171804404
-0.5,0.5,-0.480894854909886,0.0237449804573555,-0.495000747741597,0.0338904702275677,-0.438525091725187,0.0242172498197696
-0.5,0.5,-0.523423269856049,0.0250316250136471,-0.491296821054283,0.0345842010601074,-0.475988084668383,0.0256407613679729
-0.5,0.5,-0.593033359997911,0.0274284629229259,-0.548717358484517,0.0409021107705013,-0.539223021890385,0.0282784015666371
-0.5,0.5,-0.472288845510182,0.0244786788075335,-0.429532742319183,0.0336847709102803,-0.431180753363177,0.0248432062560152
-0.5,0.5,-0.519251352261908,0.0240012335744897,-0.503570865098966,0.034411734055036,-0.465312143146613,0.0247605715749292
-0.5,0.5,-0.507774135736038,0.0252954982969029,-0.521678027008357,0.036120555007136,-0.457555668220559,0.0258161346135496
-0.5,0.5,-0.533914017576997,0.0262375672504531,-0.500441076483823,0.0367010572112429,-0.489023251608786,0.0267638368657473
-0.5,0.5,-0.459782948404255,0.0229798763569408,-0.47229068480916,0.0327913572910325,-0.428124782036819,0.0233341106890462
-0.5,0.5,-0.516363986328694,0.0252494994348887,-0.522448508186799,0.0365052688654906,-0.474455899047007,0.0257509405168278
-0.5,0.5,-0.492576695086462,0.0229541592022388,-0.500317486710795,0.0331213948405002,-0.436450200514851,0.0236916378393889
-0.5,0.5,-0.516596419723863,0.0243719813636775,-0.508759709719642,0.0353555017771757,-0.45996651160518,0.0250965839329102
-0.5,0.5,-0.513945319053346,0.02626102657595,-0.530404587007785,0.0388320961600717,-0.460140453551509,0.0267398504900556
-0.5,0.5,-0.463016269038799,0.0232631794256935,-0.493655575299731,0.0341515495673981,-0.432237600237514,0.0236016334547183
-0.5,0.5,-0.489045540476529,0.0244996645570365,-0.472503475845911,0.0317449417057545,-0.434106375396318,0.0250322370287379
-0.5,0.5,-0.511706487029655,0.0243444008230799,-0.524671636031208,0.0361692796898484,-0.46225609074776,0.0249775707200955
-0.5,0.5,-0.501627451666999,0.0245674061672738,-0.463489841950899,0.0329792658278166,-0.44049392512539,0.0252078624916475
-0.5,0.5,-0.51478128486522,0.0255782571013463,-0.516662301165766,0.0364569543001583,-0.472999524967483,0.0260427367623343
-0.5,0.5,-0.493898859894388,0.0241985077279702,-0.495563788061182,0.0347373577970529,-0.439744338580997,0.0247857473108307
-0.5,0.5,-0.487196812677466,0.0237030552671441,-0.486555850082621,0.0331092886023939,-0.422381599102071,0.0243821568214006
-0.5,0.5,-0.528073227766468,0.0241520457227906,-0.560469628109865,0.0364105268299932,-0.485383839999613,0.0248207980273906
-0.5,0.5,-0.5148415162732,0.0246260988203049,-0.528424091575874,0.036905276746113,-0.466879710074513,0.0252338919830115
-0.5,0.5,-0.521613649999951,0.0255999274209497,-0.556793474167604,0.0372138643053029,-0.467126735541623,0.0261983034526895
-0.5,0.5,-0.486645953333282,0.0236713819253915,-0.494338198352723,0.0350436554672305,-0.432589834009366,0.0242743363801123
-0.5,0.5,-0.489061163389972,0.0226790053145243,-0.488225649721952,0.033120841878329,-0.44295867356091,0.0233265407522785
-0.5,0.5,-0.513183043069901,0.0241468692013922,-0.53175828218534,0.0348415033263182,-0.457792308857661,0.0248652356892957
-0.5,0.5,-0.494327559033893,0.0237920200520006,-0.479208250485657,0.0319161112990352,-0.459030116428422,0.0242510843553594
-0.5,0.5,-0.509159046950329,0.0255780889052333,-0.545485646072593,0.0395365811123205,-0.468295358617757,0.026009424656932
-0.5,0.5,-0.489012744074778,0.0242838721787502,-0.469109087187885,0.0326494969394605,-0.442999288726535,0.0247750034668537
-0.5,0.5,-0.492415314227726,0.0248156432392387,-0.491330278319042,0.0370758060156146,-0.435408651532739,0.0253455017882468
-0.5,0.5,-0.444574991760974,0.0221728871851119,-0.421881735244094,0.02854338501269,-0.392590280763609,0.0226963021309758
-0.5,0.5,-0.506302744225563,0.0246021333250086,-0.517092058506711,0.0357912277531721,-0.46446430485874,0.0251118558956924
-0.5,0.5,-0.536627531948992,0.0249395606440628,-0.546621290826612,0.037448876049277,-0.491681492033343,0.0256045600018247
-0.5,0.5,-0.542757088318021,0.0253680876133677,-0.53603782239088,0.0368986174108226,-0.493890859170721,0.0260673436162636
-0.5,0.5,-0.467345802414655,0.0239953695674172,-0.48921663607933,0.0348308422743851,-0.440715914627129,0.0242671354268753
-0.5,0.5,-0.53184321035395,0.0262282577084451,-0.506851745706749,0.0366957736626281,-0.486014452530975,0.0267525093136562
-0.5,0.5,-0.547237724361458,0.0269005279612768,-0.574233145936716,0.0403383810241602,-0.487815157484596,0.0275484159599064
-0.5,0.5,-0.470344527841145,0.0237298053315867,-0.457058763568997,0.0324510702384923,-0.429131117278431,0.0241481242006654
-0.5,0.5,-0.447076483522061,0.0223641112963912,-0.44098087853559,0.0316996608083294,-0.408384105571055,0.0227787541078661
-0.5,0.5,-0.50193488468769,0.0237707106785143,-0.494556036740826,0.0329119737266062,-0.453959697555135,0.0243951993861849
-0.5,0.5,-0.500065033979408,0.0240383838496525,-0.486259707637217,0.0337724379435468,-0.452598633721623,0.02462123725931
-0.5,0.5,-0.498241059737209,0.0239355610835495,-0.50418065099578,0.0347634455352714,-0.448702019091931,0.0245375470224948
-0.5,0.5,-0.489652876046826,0.0236758913986072,-0.494114014866184,0.0362429243797546,-0.452253475413014,0.0241463205412768
-0.5,0.5,-0.498802294925998,0.024430417020331,-0.50313497152553,0.0364215273592542,-0.452722469373934,0.0249566952281619
-0.5,0.5,-0.513445367967979,0.026180887973644,-0.496406702014757,0.0360948561399706,-0.459582729115375,0.0266655698529418
-0.5,0.5,-0.471758917177002,0.0220564671911633,-0.458367164611581,0.032560990556135,-0.42764339759863,0.0226568138934865
-0.5,0.5,-0.510139958350301,0.0247875404260206,-0.502184004985884,0.0376673698444778,-0.455669406826259,0.0254069098458377
-0.5,0.5,-0.470798554734053,0.0255024367404683,-0.489887910092982,0.0356864708900654,-0.436988623584336,0.0257446416462411
-0.5,0.5,-0.464495967576652,0.022569219236387,-0.459132589512172,0.0315163624206769,-0.413013540388094,0.0231494630032964
-0.5,0.5,-0.524519824004062,0.0255132433057066,-0.564757611551204,0.039186102940584,-0.483536848321654,0.0260221281009571
-0.5,0.5,-0.550333987935333,0.0267816224023828,-0.53033686914885,0.036825670630835,-0.482515426508122,0.0275223392734447
-0.5,0.5,-0.521552043242623,0.0253770970599226,-0.521816336419728,0.0383349766585927,-0.475582277706498,0.025929114568213
-0.5,0.5,-0.489078243693861,0.0234010690165709,-0.503292287455301,0.0325632489559505,-0.456406186593512,0.0238402040123728
-0.5,0.5,-0.501757833342686,0.025635265879286,-0.49052392541933,0.0349354016643365,-0.44180379730825,0.026144029257025
-0.5,0.5,-0.518354286183439,0.0237705108055476,-0.510256297357833,0.0324446913675053,-0.474637501550787,0.024437164280359
-0.5,0.5,-0.493128447738217,0.0239902054342287,-0.438664931059527,0.0324920146735059,-0.43467005144526,0.0246279529938965
-0.5,0.5,-0.474295876360341,0.0239872654290437,-0.47581825635181,0.0339172920020408,-0.441254687166825,0.0243357829620517
-0.5,0.5,-0.522567233110838,0.0249996031929452,-0.496539814928734,0.0359173171325616,-0.471741527351799,0.025638453771019
-0.5,0.5,-0.539419108431088,0.0243437462802426,-0.5628430135531,0.0371682044262801,-0.487761091959582,0.0251663194179022
-0.5,0.5,-0.473606333143831,0.0232006813513365,-0.465794168297951,0.032598062231038,-0.426502520021862,0.0237279444547906
-0.5,0.5,-0.495381765224372,0.023004683724357,-0.484716152908108,0.0345805894303372,-0.435608382582858,0.023787097407903
-0.5,0.5,-0.518427506153668,0.0234522803770327,-0.52159071026825,0.0342928228487335,-0.474073660561025,0.0241584673007533
-0.5,0.5,-0.524178490484701,0.0246829832110201,-0.504244293987615,0.0350990035872066,-0.472973027405997,0.0253688378282079
-0.5,0.5,-0.477521565397243,0.0238872697270145,-0.503384274572733,0.0358068034240238,-0.432126645479262,0.0243554320905293
-0.5,0.5,-0.47164750928569,0.0237522571946922,-0.471913584168888,0.0346291168187049,-0.4445196790208,0.0240542701966228
-0.5,0.5,-0.513119233475618,0.0266191465536903,-0.522810464177197,0.039011746466947,-0.46091475792513,0.0270483679678724
-0.5,0.5,-0.522745931962643,0.0258438727899656,-0.567820427950083,0.0387979480398009,-0.481632313482789,0.0263173245077722
-0.5,0.5,-0.517351893727378,0.0251016367233089,-0.516362752491304,0.0338810663292194,-0.469414442660285,0.0256752958465726
-0.5,0.5,-0.521159543272263,0.0262094423927564,-0.503833002514938,0.0363974195723262,-0.468722419017405,0.0267260204127985
-0.5,0.5,-0.464187304372159,0.0235460290659907,-0.457458790003709,0.0323044392222977,-0.404652488339565,0.0240720419083869
-0.5,0.5,-0.489422862247574,0.0225135982698065,-0.511429368252447,0.0336710555744188,-0.436882248896075,0.0232483330109695
-0.5,0.5,-0.516632311092184,0.0233181189327183,-0.498482603212381,0.0341852118354535,-0.463443256142441,0.0241327185039032
-0.5,0.5,-0.498506445273825,0.0248245493594433,-0.529760378986293,0.0398898871844132,-0.456845698131119,0.0252775055660281
-0.5,0.5,-0.503007936122565,0.0235781327847222,-0.507898429295207,0.0328481172780539,-0.452230640000895,0.02425600480264
-0.5,0.5,-0.499705018962556,0.0231779985166824,-0.461044798995821,0.0343325784734812,-0.463232641218581,0.0237212154582181
-0.5,0.5,-0.463208220832197,0.0223538432533527,-0.425523774134538,0.0296502596694253,-0.399089960738895,0.0230466628327602
-0.5,0.5,-0.487220065149498,0.0232686365680396,-0.468759913553653,0.0315679758070391,-0.439970953111632,0.0238590620412624
-0.5,0.5,-0.470997901824122,0.0218373864115658,-0.461140883616626,0.0308558477658188,-0.421072313017658,0.022516165225181
-0.5,0.5,-0.527884948901576,0.0254798562311516,-0.504228933336862,0.0356987903366408,-0.471700787505761,0.0261432980635264
-0.5,0.5,-0.501250877463327,0.0234027142838045,-0.500166322813465,0.0346750125391382,-0.458990857773979,0.0240004232474609
-0.5,0.5,-0.50508342831869,0.0242426403536804,-0.502950916445184,0.0356153625461895,-0.454189974494639,0.0248622879613612
-0.5,0.5,-0.542835133706811,0.0275874862362771,-0.527725830294699,0.0378860728851206,-0.494002303199827,0.0280637856704665
-0.5,0.5,-0.528655700384402,0.0246299813807453,-0.541894701559375,0.0359022169294118,-0.48550890961485,0.0252617389240495
-0.5,0.5,-0.494122823040673,0.02391986578658,-0.522065533368161,0.0362824315770785,-0.452372593984948,0.0244317253060873
-0.5,0.5,-0.471027723684992,0.0223442243897484,-0.473532005170257,0.0326491598139136,-0.412562702522573,0.0230435831928592
-0.5,0.5,-0.513070964799831,0.0242903937571116,-0.499516432374001,0.0335853085686418,-0.455582774021772,0.0250096368655229
-0.5,0.5,-0.498624968561289,0.0250375154299861,-0.540712503364557,0.0377780782636156,-0.454246654902094,0.0254936610804704
-0.5,0.5,-0.500089432296844,0.0247953469476681,-0.529691725580868,0.0395521663699002,-0.451848952908828,0.0253103427392656
-0.5,0.5,-0.505851419448782,0.0251501854396653,-0.527197560549627,0.0374858089330982,-0.462628612297448,0.0256216130657235
-0.5,0.5,-0.558991681506518,0.0275656587404524,-0.553705762318912,0.0396573258472306,-0.508728447166316,0.0281465391861189
-0.5,0.5,-0.463645718341223,0.0228487814530671,-0.437389696068256,0.030302220824348,-0.42012612588178,0.0233322664580005
-0.5,0.5,-0.502806747630794,0.0257319712302402,-0.480894354727191,0.0360954455725021,-0.452491626559951,0.0261836910154982
-0.5,0.5,-0.469876260578809,0.0230432221248614,-0.487337189675473,0.0331213370002496,-0.435005619274181,0.0234588884570878
-0.5,0.5,-0.506212374463537,0.0237182255027763,-0.50742130604453,0.0375543743175045,-0.445736790886612,0.024488469902621
-0.5,0.5,-0.495014105557248,0.0240083629223473,-0.475052626990509,0.0333969045980828,-0.44105521015544,0.0246213230896079
-0.5,0.5,-0.47925070013158,0.0225177802661734,-0.482996946886677,0.0324719977095484,-0.430599914472205,0.0231561801893744
-0.5,0.5,-0.512558653131639,0.0232088808283677,-0.490046881044279,0.0337527696662217,-0.458170694170605,0.0240238280437762
-0.5,0.5,-0.49123270373288,0.0243482781567043,-0.491755212345388,0.0333801019592244,-0.436663292709107,0.0249070625138528
-0.5,0.5,-0.501460677688525,0.0241932853562503,-0.517694596954568,0.0354620319233137,-0.468801381506306,0.0246227405086969
-0.5,0.5,-0.514050395895973,0.0255585077020436,-0.534187501993448,0.0373526457509187,-0.456089255443951,0.0261394774960375
-0.5,0.5,-0.518269852265237,0.024509004278293,-0.501632705998827,0.0338485405727781,-0.457122962937261,0.0252663611255401
-0.5,0.5,-0.512498165504558,0.0239885862437158,-0.518245628447446,0.0372329731422685,-0.461212266882216,0.0246818698034394
-0.5,0.5,-0.500775342969842,0.0241391510354802,-0.546235795342657,0.037603657013819,-0.445805494706585,0.024779257526075
-0.5,0.5,-0.536449032010004,0.0258143085912635,-0.518706973914489,0.0364564739693912,-0.483578940927136,0.0264660534011646
-0.5,0.5,-0.513527211788585,0.0232071488117388,-0.500842360475878,0.0327935089899578,-0.46160970529982,0.0240009488853131
-0.5,0.5,-0.490331915893585,0.0230790597642824,-0.507500536469086,0.0340559989905114,-0.439953840685938,0.023735206251228
-0.5,0.5,-0.48625961334346,0.0250317671805863,-0.482646177288252,0.0356158196050649,-0.436909856724282,0.0254614804185601
-0.5,0.5,-0.531087529765311,0.0244313184751282,-0.498526954903841,0.03477533352735,-0.463344877408012,0.0253477398692331
-0.5,0.5,-0.516931102204536,0.0257568685907621,-0.501289106604031,0.0348806191356415,-0.46331615859578,0.0263045594445047
-0.5,0.5,-0.495899670011815,0.0246644298063248,-0.46652672706765,0.0320549758718962,-0.445438868596351,0.0251868297682377
-0.5,0.5,-0.523727376064403,0.0271320437316767,-0.514786136229295,0.0391027930125427,-0.47044565660221,0.0275733682902665
-0.5,0.5,-0.500776734865663,0.0236767150903857,-0.500085005806772,0.0338706844684446,-0.454058566361104,0.0242922235468132
-0.5,0.5,-0.503255236085,0.0251229675626188,-0.521561773971129,0.0384458060573047,-0.457345766335517,0.0256052430635899
-0.5,0.5,-0.490787162792582,0.0247773361916837,-0.502220012828889,0.0347474100602409,-0.45340099618906,0.0251666364601084
-0.5,0.5,-0.48989886400725,0.0229935424023126,-0.466336890447227,0.0314046514948859,-0.436792643724714,0.0236823393776469
-0.5,0.5,-0.458821814323428,0.0221764210941861,-0.428081430730947,0.0294139610213276,-0.411685233460763,0.0227313064485193
-0.5,0.5,-0.520359354512961,0.0243184812785818,-0.50950916824359,0.035412335761554,-0.464778079837763,0.0250638127183147
-0.5,0.5,-0.487730865257386,0.0232683872835326,-0.498719377977917,0.0330105670031825,-0.428616112823411,0.0239638660857988
-0.5,0.5,-0.482064889319355,0.0228795378637795,-0.45473828514528,0.0308354047454117,-0.431396241620585,0.0235141134761686
-0.5,0.5,-0.47648655403642,0.0216251254492357,-0.4785511930799,0.0323440241653933,-0.424108743836659,0.0223840755231402
-0.5,0.5,-0.559159896642741,0.0259933601971825,-0.556783160206354,0.0374882804807637,-0.496587363486285,0.0268644162448315
-0.5,0.5,-0.501237956417169,0.0232745238892768,-0.48897135716961,0.031377981693977,-0.450970779299252,0.0239700573868506
-0.5,0.5,-0.470058349589831,0.0224035672740867,-0.489788577836544,0.0336200825773544,-0.434069466697206,0.0228798399811311
-0.5,0.5,-0.47342319319942,0.0240680180184727,-0.483125837972244,0.0341222950325758,-0.433935206728063,0.0244586279036164
-0.5,0.5,-0.484807830469458,0.0236560445480558,-0.499673860828581,0.0354356006555057,-0.439230624642226,0.0241819324024205
-0.5,0.5,-0.475172709075727,0.024541468175282,-0.502681431154219,0.0355469110887991,-0.440562734504934,0.0248675709270445
-0.5,0.5,-0.480504926270443,0.0235692310635673,-0.486685530731145,0.0332882448516879,-0.428789558691316,0.0241313360968261
-0.5,0.5,-0.494897593563223,0.0234543957976644,-0.523080622676236,0.0336887437816731,-0.447904334561252,0.0240638354750743
-0.5,0.5,-0.545089752102983,0.0262219145478182,-0.547713721448486,0.0393165673905612,-0.491329479834613,0.0268899133282452
-0.5,0.5,-0.492636534759924,0.0227801779088513,-0.434757099939937,0.0298888321921602,-0.44091470642951,0.0234953110316283
-0.5,0.5,-0.511415822863402,0.0242202951605949,-0.515371125945833,0.0370402766099581,-0.45777483812602,0.0249036075226263
-0.5,0.5,-0.457690222735487,0.0226942452735206,-0.441081944253852,0.0317257973702225,-0.422705936115741,0.023091406221682
-0.5,0.5,-0.504011537399431,0.0239096909068119,-0.4722961274335,0.0322682048603354,-0.467169528028444,0.0244165329113599
-0.5,0.5,-0.510373853093505,0.0245678157978467,-0.528647416577093,0.0356602550234053,-0.466665855078798,0.0251179215782577
-0.5,0.5,-0.493260425939865,0.023894762251749,-0.502622150859677,0.0330517620220784,-0.448834346902558,0.0244294538845602
-0.5,0.5,-0.487772710251995,0.0246005277789007,-0.453634740187872,0.033475808967273,-0.439266442079473,0.0250737069836858
-0.5,0.5,-0.527068097530564,0.0251989388078525,-0.499934786474766,0.0349601450259083,-0.458538840808901,0.0259839683530844
-0.5,0.5,-0.512629492158588,0.0257574469548428,-0.51015053517162,0.0359661731160337,-0.481490132016385,0.0261070989609668
-0.5,0.5,-0.492551087711719,0.0246436539475196,-0.495925610217945,0.0362918147340927,-0.441192282237882,0.0251566354661977
-0.5,0.5,-0.500611411255838,0.022999068333314,-0.515980248001697,0.0349603731171522,-0.446109222666899,0.0237650811687787
-0.5,0.5,-0.505196240453314,0.0249537575327819,-0.493827018246022,0.0329031730557834,-0.452817201234186,0.0255109330581094
-0.5,0.5,-0.463594194140892,0.0245857120852872,-0.463505683104008,0.0346448319698421,-0.411919722027977,0.024959971426842
-0.5,0.5,-0.537388936172946,0.0255750451653817,-0.512976218299428,0.036601564072229,-0.485817457880339,0.0262469046269313
-0.5,0.5,-0.521704969256429,0.0235306962384176,-0.527984921557274,0.0349838905485722,-0.461627509304733,0.0244273273910713
-0.5,0.5,-0.492538131633332,0.0247868753120968,-0.479140133130454,0.0338727100778057,-0.445680332199018,0.025254560152305
-0.5,0.5,-0.484882274336727,0.0227309113660228,-0.496532821855621,0.0321375774595974,-0.457093822805037,0.0231422771687131
-0.5,0.5,-0.472410215152651,0.0233561800954989,-0.490956413819829,0.0335705469870414,-0.435396283330155,0.0237779573774424
-0.5,0.5,-0.496855863072963,0.02439411799689,-0.491480490725871,0.034745846296395,-0.433319512992269,0.0250407049194393
-0.5,0.5,-0.527323929411341,0.0259039734759723,-0.510728551873937,0.0368224466726741,-0.473272953043637,0.0265001464528903
-0.5,0.5,-0.472814093685799,0.023256962885424,-0.467510702927147,0.0323746010661103,-0.428094983108926,0.0237554534164234
-0.5,0.5,-0.488630397356095,0.0225938943286374,-0.50185789603543,0.0348357371719497,-0.441496391412529,0.0232588664369172
-0.5,0.5,-0.476560157926494,0.0237563305571078,-0.474698067219919,0.0342477358862008,-0.426869695845338,0.0242638263639028
-0.5,0.5,-0.492186347960861,0.025490132810845,-0.485188974003779,0.0372383444846461,-0.439091202909871,0.0259256473813711
-0.5,0.5,-0.506479336842121,0.0234342473470135,-0.51818660840871,0.0361877718737251,-0.462229409220364,0.0240775273011655
-0.5,0.5,-0.451944577294433,0.022356764160924,-0.443106111191668,0.0299049130283499,-0.406989740105046,0.0228439698688304
-0.5,0.5,-0.487027915544641,0.0242891924174116,-0.478013857526691,0.033847070161822,-0.422267901814519,0.024892730399076
-0.5,0.5,-0.501457758697382,0.0255525332016713,-0.493430137769249,0.0347503397479951,-0.461260140603219,0.0259470725878346
-0.5,0.5,-0.450805815002345,0.0236239118639244,-0.435369716439237,0.0338516626743925,-0.41811359144632,0.0239152924816414
-0.5,0.5,-0.504685909799343,0.0258458401079587,-0.489607367612461,0.0330236370028808,-0.450200671702596,0.0263199250450169
-0.5,0.5,-0.519579454599804,0.0240856687081904,-0.511876479856531,0.0350371522124511,-0.469383211709869,0.0247990005679172
-0.5,0.5,-0.509441601784452,0.0247173291911824,-0.524689050363362,0.0363866525747295,-0.459863255971889,0.0253006095254573
-0.5,0.5,-0.50274031324628,0.0248390932949729,-0.493791011151504,0.0338923146778118,-0.444009700734505,0.0254384105020816
-0.5,0.5,-0.483823137407265,0.022260355368653,-0.499836599948628,0.0348803602237135,-0.443875351297768,0.022852491263579
-0.5,0.5,-0.475838919200517,0.0234060046546259,-0.475094255448121,0.0327981558467239,-0.417347400705038,0.024008708020842
-0.5,0.5,-0.47987327686621,0.0229493710746789,-0.475435412661867,0.03183532383715,-0.424897539663041,0.0236014478456446
-0.5,0.5,-0.527603002284596,0.0260234707664621,-0.539228396346996,0.0362932424085194,-0.471086711672942,0.0266258122508422
-0.5,0.5,-0.512348416574321,0.0252815697456213,-0.511890120259657,0.0361011912190237,-0.475332366804756,0.0257176568677727
-0.5,0.5,-0.528816972661718,0.025048716988577,-0.531798944251399,0.0351752524740057,-0.476244056308755,0.0257353792274519
-0.5,0.5,-0.524640626921571,0.026352567412725,-0.563649563836753,0.0396674471077416,-0.487510841744073,0.0267595283275008
-0.5,0.5,-0.464649334884623,0.0225752363587009,-0.469340540307037,0.0318504407363051,-0.42464715351775,0.0230556187397054
-0.5,0.5,-0.506162549554284,0.0243431388744348,-0.491958155363717,0.0358103275175925,-0.468245438750139,0.0248357644480689
-0.5,0.5,-0.486209550190259,0.0234520400958221,-0.475153901754197,0.0315729286934248,-0.44590240093932,0.0239547038235416
-0.5,0.5,-0.489913904559,0.0242160260691159,-0.482252915434993,0.0352455554177943,-0.440607166335885,0.0247434450941105
-0.5,0.5,-0.476965242004181,0.0233703651810447,-0.458729085804928,0.0316192736197468,-0.429887969875146,0.0238975647197514
-0.5,0.5,-0.511160720701675,0.0256324094276594,-0.525039803898744,0.0374321673334764,-0.461806089390295,0.0261315886881125
-0.5,0.5,-0.482583961313265,0.0228589130583997,-0.482186523854883,0.0308111775882301,-0.447713910744627,0.0233375360381814
-0.5,0.5,-0.497269537443804,0.0230350316428416,-0.534189762467258,0.035906087182416,-0.452070803054833,0.0236800845096798
-0.5,0.5,-0.498273344150952,0.023564431879345,-0.48578812119018,0.0338309962244525,-0.455637940501365,0.02413668868788
-0.5,0.5,-0.495166220919631,0.0228332365100377,-0.507532412410395,0.035072150311107,-0.443083751482903,0.0235608767695798
-0.5,0.5,-0.477432885897637,0.0234692930376615,-0.453542299059935,0.0321820288557194,-0.431476493430939,0.0239801684947002
-0.5,0.5,-0.533609622512741,0.0230375946479394,-0.587199239896959,0.0368627422081844,-0.476517212419518,0.0240485962206857
-0.5,0.5,-0.512004934259291,0.0253725819964583,-0.507745507182604,0.0371221584255586,-0.455941160674812,0.0259496702844108
-0.5,0.5,-0.495011880866446,0.0244055437649002,-0.503390951260688,0.0340720844298812,-0.442485153476452,0.0249648325751865
-0.5,0.5,-0.477266087266408,0.0228983839563812,-0.463328287406857,0.033214068721119,-0.425443318387544,0.0235148982662458
-0.5,0.5,-0.484152900371904,0.0213821115155312,-0.4998086300543,0.0314165843073193,-0.436109368728852,0.0221621359949395
-0.5,0.5,-0.456313163643757,0.0229891445887987,-0.445703644367182,0.0304210621544436,-0.416067744824657,0.0234028466213863
-0.5,0.5,-0.477286097689776,0.022443640094738,-0.486117956321976,0.0328169794211548,-0.436878353726341,0.0229948099278793
-0.5,0.5,-0.506894818337863,0.0243667613520864,-0.521515902382421,0.0356730510234179,-0.472862904494207,0.0248196413922348
-0.5,0.5,-0.51013140748138,0.0244305320480913,-0.49573067997768,0.034484859061888,-0.46218171762622,0.025032304100552
-0.5,0.5,-0.472920976785388,0.0239263181952343,-0.467161406707148,0.0321546218288188,-0.426772115825621,0.0243748962336158
-0.5,0.5,-0.487358826345264,0.0228211552083527,-0.468561158845872,0.0329956323239244,-0.444484226226122,0.0234117529337305
-0.5,0.5,-0.511502353370866,0.0242619671993955,-0.509396613821183,0.0350177301108637,-0.458253459086698,0.0249376105163212
-0.5,0.5,-0.481118545944621,0.0237982507303621,-0.471446012250831,0.0338714848323957,-0.437244498753684,0.0242792984843473
-0.5,0.5,-0.548374252667228,0.0266016585668524,-0.575740741076308,0.0408368457924088,-0.503096057233307,0.0271739437665277
-0.5,0.5,-0.549170551879097,0.0260053221474305,-0.560483735405218,0.0408442449477809,-0.504117184241079,0.0266366907539388
-0.5,0.5,-0.468767200214453,0.0235963877444029,-0.473925924026234,0.0321110062670564,-0.423462655081933,0.0240498177125702
-0.5,0.5,-0.484605653096177,0.0233240855159199,-0.494561452280857,0.034317616021533,-0.435001827874948,0.0239163313885556
-0.5,0.5,-0.491190061283059,0.0236824442693253,-0.505104406100944,0.0357875645370955,-0.451829904924538,0.0241783985598508
-0.5,0.5,-0.533415330961586,0.0254513897245254,-0.538945014960013,0.0379330162346175,-0.472368989110637,0.0261934035101618
-0.5,0.5,-0.450876329795197,0.0220302340878625,-0.451755889144975,0.0310571966026389,-0.410547444019124,0.0225017060165633
-0.5,0.5,-0.514525478711539,0.0242413930110381,-0.495692902694158,0.0342131761427001,-0.451667385725467,0.0250212166806138
-0.5,0.5,-0.484765040168824,0.0229169417602099,-0.525879400205831,0.0327789813887459,-0.446773735641545,0.02343447547336
-0.5,0.5,-0.527221167319531,0.0241696645598893,-0.516255549275244,0.0355506714534059,-0.487724622050528,0.0247927508968854
-0.5,0.5,-0.509534742929693,0.0235110224576091,-0.495392276379167,0.0351497088628072,-0.466908744300582,0.0241441002137689
-0.5,0.5,-0.529055752090082,0.026646296245485,-0.508037999244907,0.0371977792049111,-0.472781359068236,0.0271866804688399
-0.5,0.5,-0.532273417351802,0.0256604404774693,-0.537112611925066,0.0366755143199395,-0.493292706723949,0.0261736115412379
-0.5,0.5,-0.500322528165267,0.0236944085387934,-0.502274311750893,0.0348581951960932,-0.450606237961522,0.0243345528576107
-0.5,0.5,-0.537946653832022,0.0251308083314396,-0.532908664673047,0.036505475879222,-0.490904375232184,0.0258071931703603
-0.5,0.5,-0.512860009404119,0.0252908165837824,-0.523160401165282,0.0365360186542473,-0.46132937573519,0.0258494859280554
-0.5,0.5,-0.503745049625467,0.0237460668251208,-0.532502959657435,0.0360110803430661,-0.470335387283563,0.0242252118171366
-0.5,0.5,-0.514627724218646,0.0248924540894334,-0.491261278270085,0.0347191865053589,-0.453960976938389,0.0255742152086425
-0.5,0.5,-0.464703413399414,0.0243651876498473,-0.471681321180801,0.0338342890037228,-0.415031450568608,0.0247559655807145
-0.5,0.5,-0.480935057097572,0.0232266786147266,-0.46884839653189,0.0323836626312778,-0.420734300967563,0.0238933654806338
-0.5,0.5,-0.49792135883699,0.0232137151247361,-0.476849715059992,0.0317985786626257,-0.454861311335008,0.0238214012377088
-0.5,0.5,-0.518843438317761,0.0252628301397922,-0.531083375250631,0.0370624375937472,-0.462761233302927,0.0258938714605211
-0.5,0.5,-0.520473996476146,0.0251220961038778,-0.4847259272303,0.034056730823069,-0.465859833733242,0.0257675041889599
-0.5,0.5,-0.449385880663542,0.0231819843314866,-0.461572827055464,0.0329528143754627,-0.41156283522935,0.0235356862461821
-0.5,0.5,-0.499824427187649,0.0242325710015442,-0.486366629815142,0.0346731834207395,-0.462291016832406,0.0247028855534056
-0.5,0.5,-0.48298783417231,0.0241289789717256,-0.487838442985601,0.0332162543162863,-0.432502262755462,0.0246377932054909
-0.5,0.5,-0.49468497613856,0.0241692741069779,-0.490626040022292,0.0351686938551434,-0.449125722642661,0.0246952731880952
-0.5,0.5,-0.499148728556384,0.0249550314128477,-0.50762688278383,0.0358189517753786,-0.47053883328475,0.0252854183075597
-0.5,0.5,-0.467692342163674,0.0221171442791029,-0.451071376744046,0.0306942085101497,-0.425365329415819,0.022673983916903
-0.5,0.5,-0.507841600562381,0.0240021901675222,-0.499057167448323,0.0330402848105442,-0.449345087139553,0.0247311172378402
-0.5,0.5,-0.460853687181012,0.0229444492780846,-0.45818081533682,0.0322327813982772,-0.415197769586277,0.0234237625916595
-0.5,0.5,-0.537468548006917,0.0265582591203753,-0.543128030770413,0.0381809230204956,-0.473644009585177,0.0272095309954976
-0.5,0.5,-0.507892094885598,0.0239242004691076,-0.530456506267457,0.0356269768388191,-0.478132915290059,0.0243623025256157
-0.5,0.5,-0.524252836192505,0.0251409698713945,-0.502160296700639,0.0357764670876772,-0.470358174743468,0.0258013294102046
-0.5,0.5,-0.494630437179688,0.0221132564803486,-0.501441298532681,0.0325350445956719,-0.444252219630337,0.022900326345305
-0.5,0.5,-0.471964672330966,0.0213360457446891,-0.447160688451099,0.0292209758655484,-0.418089443019751,0.022118157195329
-0.5,0.5,-0.494409516588901,0.0237293597772897,-0.501496845735557,0.0356632443039287,-0.443878014862772,0.0243405336767632
-0.5,0.5,-0.487794588089173,0.0234682984798075,-0.47451440695116,0.0315497870603682,-0.438275358550806,0.0240619522195632
-0.5,0.5,-0.525341048708113,0.0257668300509865,-0.530326667033844,0.0371147408195404,-0.483207049721908,0.0262682779121768
-0.5,0.5,-0.489793775631788,0.0234342023896902,-0.470130051208,0.0348943507159931,-0.428590265534735,0.024138598812932
-0.5,0.5,-0.468491431599718,0.0238452312957838,-0.492493870567835,0.0341956225618701,-0.423278208408678,0.0242744058727502
-0.5,0.5,-0.521612472477617,0.0245063237337963,-0.534512008240472,0.0356026118765535,-0.477202769679514,0.0251268022272193
-0.5,0.5,-0.499994769030608,0.0241307035577942,-0.517725554436596,0.0344470293291126,-0.453068258708057,0.0246992435091943
-0.5,0.5,-0.444232956515478,0.0225478011887958,-0.446888012247688,0.0321303356031138,-0.39784481111381,0.0229938383022074
-0.5,0.5,-0.503937395529917,0.0239813529375185,-0.523625055154402,0.0349367143641254,-0.458287144363448,0.0245729542938914
-0.5,0.5,-0.528577774096098,0.026692099914991,-0.522624492045774,0.0365714910288957,-0.473692689434509,0.0272162375410708
-0.5,0.5,-0.537193490184062,0.0244911847788949,-0.508770125473925,0.0364468010279872,-0.478524790188604,0.0253584798697939
-0.5,0.5,-0.502042759416128,0.0244066210731454,-0.491282839229655,0.0333043558666433,-0.462242791739272,0.0248943758284675
-0.5,0.5,-0.52803018497195,0.0264655953527269,-0.546045203757186,0.037963867661091,-0.492797691751997,0.0268618904636873
-0.5,0.5,-0.482297127866196,0.0233520197852232,-0.525845156838638,0.0348774202723751,-0.446712030597929,0.0237995041383135
-0.5,0.5,-0.471589198696015,0.0236151002651342,-0.489867070112711,0.0349371653048791,-0.427009520686045,0.0240743490406296
-0.5,0.5,-0.500019533330436,0.0244907951022795,-0.481836355679762,0.0336586309303906,-0.446730959264427,0.0250747369321545
-0.5,0.5,-0.512948766563451,0.0235979683042775,-0.524000950510807,0.0372532132224736,-0.463943735101572,0.0243125518918476
-0.5,0.5,-0.477392344569204,0.022740077037033,-0.457847296833064,0.0326511719321409,-0.437189643663701,0.0232636887050649
-0.5,0.5,-0.478003665196911,0.0221115900876726,-0.473924080059722,0.0330449779506377,-0.428515599123556,0.0227945840982532
-0.5,0.5,-0.535678583447216,0.0270883043041725,-0.534584548422043,0.0396617767457551,-0.482637886658692,0.0276010053344719
-0.5,0.5,-0.4686035693201,0.0235118472540756,-0.491379438467712,0.0336267409824558,-0.420100231488276,0.0239953426122174
-0.5,0.5,-0.527692040502415,0.0235094568235396,-0.555897900608166,0.0360207169635446,-0.479853080835286,0.0243061730323871
-0.5,0.5,-0.463961931898973,0.022309258452709,-0.477517632210401,0.0325263411863194,-0.425359085099405,0.0227953630324347
-0.5,0.5,-0.514835407784405,0.0246463747038557,-0.514717194258195,0.034980390150946,-0.462479817780357,0.0252915502789583
-0.5,0.5,-0.508998783927435,0.0246414697528287,-0.513027731373377,0.0361105339409512,-0.468677953622486,0.0251459701337434
-0.5,0.5,-0.50061269221709,0.0244721876435264,-0.52826203597106,0.035867754288793,-0.449267531304351,0.0250465046236528
-0.5,0.5,-0.507236462791484,0.024478864741499,-0.509754266901169,0.0347231311436936,-0.462392588411509,0.0250321675338996
-0.5,0.5,-0.454812580118696,0.0216328273273236,-0.453558047102244,0.0300149479982112,-0.410207172397238,0.0221975991010165
-0.5,0.5,-0.464442135409948,0.0223873855717574,-0.458697690749834,0.0298722793222034,-0.42735584642568,0.0228539064222433
-0.5,0.5,-0.503914996334375,0.0242488728529664,-0.507411553127527,0.0347159721391755,-0.45924994227242,0.0248054121334024
-0.5,0.5,-0.514145131758251,0.0235006067290758,-0.483451119097487,0.0314806360730468,-0.461675994444496,0.0242706102173476
-0.5,0.5,-0.484703843925139,0.0239081447269297,-0.49457581677665,0.0340554618598642,-0.442186382769769,0.0243846444846393
-0.5,0.5,-0.488348423233425,0.0234447226134254,-0.49421397188365,0.0338490223777558,-0.443779460988479,0.0239987514029218
-0.5,0.5,-0.461807369128135,0.0227267413367963,-0.487916708238604,0.0340912173689086,-0.417699216071797,0.0232178445167147
-0.5,0.5,-0.535324003402013,0.0252171293165491,-0.513041993029968,0.035675122599307,-0.491090517076405,0.025840312001153
-0.5,0.5,-0.49718206846192,0.0235198372914435,-0.461408651901358,0.0322352939529336,-0.428952324801166,0.0243153338282439
-0.5,0.5,-0.5161251032545,0.0254112601988006,-0.508858469147755,0.0343998614982923,-0.458867939196399,0.0260171364255885
-0.5,0.5,-0.50078617657221,0.0242688118657794,-0.500120202698288,0.0359765263267452,-0.448222137037534,0.0248753573771235
-0.5,0.5,-0.50297720417699,0.0236599464270065,-0.543867921418939,0.0355708861237834,-0.472193044763178,0.0241106660121718
-0.5,0.5,-0.503446328881019,0.024510885140824,-0.508213806388652,0.03573735193904,-0.45232903939983,0.0250950541253299
-0.5,0.5,-0.50841804832539,0.0246816894758853,-0.507470742567331,0.03550285771197,-0.459346960194719,0.0252587301842035
-0.5,0.5,-0.511657270500039,0.0238494846448405,-0.520279522683884,0.0354782726376018,-0.464194699608478,0.0245138691039116
-0.5,0.5,-0.496112204845772,0.0239517000380754,-0.52653632768807,0.0364509683528501,-0.445211428121923,0.0245520644151044
-0.5,0.5,-0.445381912152171,0.021372783419696,-0.426032675281298,0.0285701784797155,-0.418458939062674,0.0217338772201252
-0.5,0.5,-0.50896189856051,0.0248678382650772,-0.495505939267838,0.0355478405429162,-0.465670673369344,0.0253798704563742
-0.5,0.5,-0.462754154093977,0.0231257218712327,-0.459262816882631,0.0319860084703679,-0.429220575028434,0.0234972059917442
-0.5,0.5,-0.474172331864439,0.0240195764711009,-0.504376073306308,0.0374948929780069,-0.42347120349979,0.0244957490104692
-0.5,0.5,-0.465331670601542,0.022908779396835,-0.469481525178811,0.0349623124221983,-0.410628785419693,0.0234816110459317
-0.5,0.5,-0.524373715208362,0.02639876536246,-0.520930891970276,0.036260068102767,-0.473162681369495,0.0269059922700899
-0.5,0.5,-0.480330297669282,0.0218771049082179,-0.464580250436438,0.0309621469344596,-0.434975083275631,0.0225518253687881
-0.5,0.5,-0.491288700147185,0.0244897209622993,-0.494081202541101,0.0346863398526625,-0.436758757819802,0.0250332618554823
-0.5,0.5,-0.482232078846185,0.0243526668114912,-0.473910559932811,0.034197931966767,-0.431638339389916,0.0248359635286454
-0.5,0.5,-0.507007985835724,0.0246463363534466,-0.507442965927192,0.0359204096745955,-0.447216524856384,0.0253023296519049
-0.5,0.5,-0.48457922924034,0.0224352546973363,-0.481177248880504,0.032671088256322,-0.443318604905216,0.0230303605093663
-0.5,0.5,-0.506123480199935,0.0239297622799997,-0.474321875982983,0.0347677658043052,-0.44905480175634,0.0246442315532045
-0.5,0.5,-0.510672149164505,0.0265223874985478,-0.513180761836626,0.0355749459804978,-0.463855626591047,0.0269192125287532
-0.5,0.5,-0.484902527451315,0.0248491666876879,-0.473408217064792,0.0338364962343116,-0.444489371990267,0.0252314809877494
-0.5,0.5,-0.487382465808586,0.0227220863399747,-0.489063775257887,0.0335751472588817,-0.431713739221386,0.0234510041810583
-0.5,0.5,-0.533622400560813,0.0265008227049532,-0.541681145012219,0.0389713219316504,-0.469238379807114,0.0271358857015938
-0.5,0.5,-0.510971931196305,0.0239644009249357,-0.533035080391113,0.0356949558352955,-0.47627541278632,0.0244717976719597
-0.5,0.5,-0.459655164448268,0.0225162271837635,-0.41941004659804,0.031563647154052,-0.414868905898185,0.0230224651829743
-0.5,0.5,-0.501453836604091,0.0241340980750226,-0.484998710290448,0.0340566033395881,-0.454602039307426,0.024709215207114
-0.5,0.5,-0.508722948969084,0.0245368002559392,-0.49368838299875,0.0362723632008636,-0.467160690204973,0.0250610846517863
-0.5,0.5,-0.465795216011737,0.0227222952157301,-0.440611595374039,0.0331891060049679,-0.406315150887178,0.0233529819800604
-0.5,0.5,-0.513587730794195,0.023369945596853,-0.501304516441087,0.033734231545183,-0.455267166976984,0.0242132491863986
-0.5,0.5,-0.532601208842731,0.0252794751602752,-0.520591095074786,0.0357989274052743,-0.478280683961362,0.0259796868643865
-0.5,0.5,-0.483311780107719,0.0236811281515024,-0.476952710223511,0.0336489234024906,-0.422935049837781,0.0243088982127381
-0.5,0.5,-0.490821097571371,0.0233481253139385,-0.491440911937422,0.0316354565114721,-0.460997223846883,0.0237646817506827
-0.5,0.5,-0.510938646006139,0.0246740847459192,-0.505076201730717,0.0376652488138596,-0.460793698920436,0.0252749111968582
-0.5,0.5,-0.496419377040594,0.0239644835864292,-0.48737012903489,0.0345548649450784,-0.441307122601541,0.0245996127131427
-0.5,0.5,-0.509637521365895,0.0246394582852624,-0.482565548616546,0.0341922145506813,-0.44633962014658,0.0253382411365433
-0.5,0.5,-0.533116998408551,0.0246140249859937,-0.49402170711996,0.0337729745775339,-0.482230510773018,0.0253580837341941
-0.5,0.5,-0.533897849295784,0.0255695459957918,-0.541444893159124,0.0398679607540017,-0.489156092767005,0.0261568480570404
-0.5,0.5,-0.482637396710174,0.0239745620200088,-0.490796463380889,0.0352091505303852,-0.440452292660546,0.0244332242181486
-0.5,0.5,-0.54205897720997,0.0256067481648901,-0.548349321105852,0.040653609926062,-0.503345056558873,0.0261677464365056
-0.5,0.5,-0.51388818067492,0.0261270715482196,-0.498991563843931,0.0360034910920814,-0.4724326353033,0.0265387276109556
-0.5,0.5,-0.509520539358761,0.0247003547882287,-0.528351630139892,0.0359441117957931,-0.465247065806644,0.0252392355532439
-0.5,0.5,-0.514757588604196,0.0240343327293077,-0.504522351494982,0.0341140702064808,-0.471703175569904,0.0246494778054546
-0.5,0.5,-0.453978120150903,0.0220477035235803,-0.453732382686965,0.0301942058950736,-0.420772411189472,0.0224608880989233
-0.5,0.5,-0.530118145372467,0.0241250074964197,-0.510509870710371,0.0349885050030078,-0.473670616956531,0.0249661585674072
-0.5,0.5,-0.52902066965099,0.0255565906592994,-0.515290439419642,0.0363381080362704,-0.486113901283278,0.0261020636167775
-0.5,0.5,-0.544079958322237,0.025847406904271,-0.540822680771684,0.0393024147183714,-0.484965190439784,0.0265980525022804
-0.5,0.5,-0.503092337206141,0.0239663366266019,-0.493470929877665,0.0335726623773794,-0.459490188849266,0.0245349248943869
-0.5,0.5,-0.491125116672082,0.0247820558744462,-0.497800629751779,0.0350787964773016,-0.440659878337992,0.0252676388961686
-0.5,0.5,-0.517198906222293,0.0258612050404468,-0.536090358958729,0.0383927437607998,-0.465555288161067,0.026386082995973
-0.5,0.5,-0.512737490864864,0.0235399963793973,-0.530780262877729,0.0360734984972948,-0.472549318114946,0.0241572827237528
-0.5,0.5,-0.533307541584562,0.0245183450255226,-0.53215493931344,0.0349875254548365,-0.469387640011876,0.0254053286579104
-0.5,0.5,-0.487444636394217,0.0230897824620448,-0.487914336161007,0.033359007304568,-0.437697334633398,0.0237229568797803
-0.5,0.5,-0.460301917307384,0.0233743550007027,-0.453857842069549,0.0325907256834054,-0.410401941238139,0.0238403667206604
-0.5,0.5,-0.539028074475689,0.0267325266036997,-0.500866227306101,0.0381986375399415,-0.472668770013853,0.0273875404797315
-0.5,0.5,-0.505795489904364,0.0252159268675309,-0.516297743961529,0.0358078906542989,-0.456140522967761,0.0257298864009108
-0.5,0.5,-0.507838479721838,0.0243088184425635,-0.521292950392668,0.036354621381952,-0.461896004956532,0.0248917081419251
-0.5,0.5,-0.4825294488577,0.0232471854263774,-0.505095799423102,0.0326072293577543,-0.431592686012145,0.0238477205393682
-0.5,0.5,-0.550891772675101,0.0266793958023831,-0.544363202219126,0.038468242729482,-0.505865103432432,0.0272556051149192
-0.5,0.5,-0.464371542366314,0.0226036316545033,-0.441970381546043,0.0290302593468182,-0.419213217009403,0.0231268575542715
-0.5,0.5,-0.52684672194128,0.0264913294216468,-0.520866976593125,0.0373976622807003,-0.468057391596438,0.0270503317801884
-0.5,0.5,-0.509704895265725,0.0248773860445826,-0.519701770259844,0.036039192956687,-0.459366755341964,0.0254519661107651
-0.5,0.5,-0.53438442603448,0.0255898958511098,-0.545330257087972,0.0379891384856691,-0.483417947140471,0.0262366338662675
-0.5,0.5,-0.475241151388352,0.0228002711311951,-0.476329318737788,0.0326198957084893,-0.432404531717061,0.0233348937568434
-0.5,0.5,-0.479917869155119,0.0236468646225888,-0.477216819033783,0.0325034268353426,-0.429299885838093,0.0241895031830168
-0.5,0.5,-0.506398112570254,0.022951434973377,-0.490381482410341,0.033167105943825,-0.436239647543114,0.0239121222499131
-0.5,0.5,-0.506258042185894,0.0233906731523451,-0.538428435846297,0.0370143331312916,-0.455444913007756,0.0241081989313461
-0.5,0.5,-0.5029671643511,0.0255619654272479,-0.490276397164291,0.0362787325572217,-0.448937445271243,0.0260536556176412
-0.5,0.5,-0.52859768831818,0.0259917147975504,-0.523010659114737,0.0369345488478052,-0.476627986117262,0.0265703666883546
-0.5,0.5,-0.495049428266277,0.0239785817193029,-0.494857325124122,0.0339976279840794,-0.443013082817683,0.0245795945367394
-0.5,0.5,-0.505662524400209,0.0243160576295672,-0.486680030239676,0.0342932942938785,-0.449247754949469,0.0249770313961892
-0.5,0.5,-0.478973815167986,0.0233441432343106,-0.464514722455441,0.0337181178481834,-0.425880017976719,0.0239324218436547
-0.5,0.5,-0.484982800146402,0.0247054805617269,-0.467620184725763,0.0335883845526734,-0.448340605659828,0.0250714945803927
-0.5,0.5,-0.525856941174106,0.0254893334293456,-0.509050766586414,0.0356136977534885,-0.473318296925309,0.0261098479878106
-0.5,0.5,-0.520573514217353,0.0254051261656996,-0.528885268625519,0.0380882363606846,-0.454342791237086,0.0261002371893219
-0.5,0.5,-0.496811503056495,0.0233236382558293,-0.498225620697896,0.0344477365126816,-0.45976054151073,0.0238492278966682
-0.5,0.5,-0.507695666785904,0.0234505469489394,-0.511858108415372,0.03526950000574,-0.455815150326104,0.0241809629572327
-0.5,0.5,-0.501817271641459,0.02365269261537,-0.481403401336837,0.0329014421447292,-0.455972023731834,0.0242673171543779
-0.5,0.5,-0.541572678244091,0.0273703584554111,-0.5421389897619,0.0373248297602321,-0.491472400708733,0.0278692013048287
-0.5,0.5,-0.504571646463161,0.0244144827820428,-0.453979668182717,0.0336239984409149,-0.430521909339783,0.0251759648855523
-0.5,0.5,-0.551686140261346,0.0259846162503972,-0.519994964453201,0.0356337746416402,-0.493800194438905,0.0267600348015877
-0.5,0.5,-0.534523933136628,0.0243110750197986,-0.520905644348678,0.0360791503209081,-0.486582293259069,0.0250631951918115
-0.5,0.5,-0.479786558173632,0.0222610984845442,-0.485318471130083,0.0330365244245626,-0.429764438752726,0.0229432524344102
-0.5,0.5,-0.472044129013665,0.0216521952750203,-0.501053143154504,0.0319810431294472,-0.443071746311978,0.0221060124666422
-0.5,0.5,-0.484390424270786,0.022293279613805,-0.511069656148621,0.0332033106271911,-0.444212699079252,0.0228878118590953
-0.5,0.5,-0.476978925278015,0.0227923961834977,-0.47439479610798,0.0326397718338652,-0.435373134586061,0.0233237057118502
-0.5,0.5,-0.463572354629018,0.0212499370136817,-0.425755909789581,0.028771326386984,-0.414583129037025,0.0219421499471829
-0.5,0.5,-0.533955697959756,0.0270567241781291,-0.533440461579147,0.0390009190107643,-0.488620528582902,0.0275119159087403
-0.5,0.5,-0.472214011816139,0.0227507910779139,-0.455557287100479,0.0302922495818533,-0.414942450864141,0.0233995250972907
-0.5,0.5,-0.507453130298143,0.0232438439590632,-0.493277716453844,0.0341408772480901,-0.454495573637605,0.0240074934372302
-0.5,0.5,-0.497961498942347,0.0225069960986225,-0.497139526018563,0.0331590489378139,-0.448214168535548,0.0232621174127654
-0.5,0.5,-0.508077237181776,0.0247338969897926,-0.518064471118556,0.038140494550505,-0.462682575576774,0.0252724132637935
-0.5,0.5,-0.518793256041554,0.0248041242192385,-0.483030912968538,0.0339476313720465,-0.460922764013815,0.0255020914122757
-0.5,0.5,-0.507410571521518,0.0240813249348683,-0.498965890870348,0.035315111427068,-0.465639995207771,0.0246419108833964
-0.5,0.5,-0.457629788857256,0.023166072197581,-0.471792603307831,0.0314986067737439,-0.410858866587172,0.0236183009043856
-0.5,0.5,-0.492415128429295,0.0235866256821164,-0.469275717291475,0.0318907424838205,-0.429868171774998,0.0242989544274405
-0.5,0.5,-0.537244924484186,0.0266111728303769,-0.554133343432006,0.0400266116362231,-0.487392503173539,0.0271595954643019
-0.5,0.5,-0.488549655419833,0.0239464682312599,-0.525186803249182,0.0371831840220731,-0.427227849413427,0.0245809320496113
-0.5,0.5,-0.484687477173404,0.0217684197585202,-0.442171387530869,0.0307570108280341,-0.432140702028479,0.022561037734233
-0.5,0.5,-0.526344652104253,0.0247115275250464,-0.554293758530047,0.0371907019363562,-0.478714818844746,0.0253711785986976
-0.5,0.5,-0.511589219184498,0.0240684511709497,-0.54478653954357,0.0368658417399867,-0.456694014106724,0.0247814894884502
-0.5,0.5,-0.505750147593101,0.0237399386719504,-0.485641760931187,0.0328654484902068,-0.459815620785977,0.0243675285923748
-0.5,0.5,-0.508615215153052,0.0242511632196715,-0.503499627901934,0.0350406041078181,-0.456314304869683,0.0249024955713851
-0.5,0.5,-0.520140979908093,0.0259116565361875,-0.519457796814765,0.0376367820883296,-0.469494902540604,0.0264407771213213
-0.5,0.5,-0.511558172928593,0.0239458594785588,-0.495399457425142,0.0328118944719233,-0.455941399250448,0.0246796147005402
-0.5,0.5,-0.489402731444992,0.0234237912267499,-0.442039108317594,0.0305077968648113,-0.424611990700228,0.0241534454574462
-0.5,0.5,-0.444556909866174,0.0217739375492455,-0.444037497836344,0.0307209733664869,-0.399274850899066,0.0222843048035057
-0.5,0.5,-0.493473784458273,0.0237363163100701,-0.45384633309986,0.0340543511733526,-0.433435678430449,0.0244181827065624
-0.5,0.5,-0.488192927942608,0.0248240289067231,-0.475044675666887,0.0341261297980528,-0.427947047910486,0.0253462791377732
-0.5,0.5,-0.509489432240025,0.0247279316175986,-0.521304593746006,0.0340693467261042,-0.457064708653154,0.0253338103196156
-0.5,0.5,-0.459985923988291,0.023680136451897,-0.463345024902938,0.0321172596084162,-0.413976343646273,0.0240911924006287
-0.5,0.5,-0.538207961302075,0.0260371683478274,-0.515964471329868,0.0358976328920271,-0.491127205686951,0.026624847647154
-0.5,0.5,-0.479646888943105,0.023977565724487,-0.493117367703157,0.0377238964043813,-0.41369662059881,0.0245796035371156
-0.5,0.5,-0.506097853918121,0.0244961202623504,-0.505177959025917,0.0349010528907257,-0.447920197854344,0.0251524285825329
-0.5,0.5,-0.515230013179474,0.0246268926714253,-0.542359446566844,0.0363838605034004,-0.465752789614064,0.0252507227968227
-0.5,0.5,-0.498237541563637,0.0232177004743222,-0.482549396209447,0.0336757022788164,-0.440134051674305,0.0239770821666888
-0.5,0.5,-0.503257635375957,0.0238343374354559,-0.47620099434022,0.0340019783926077,-0.445522853936288,0.0245477957560534
-0.5,0.5,-0.479210988859983,0.0230955038757624,-0.483065044872427,0.0347407857185732,-0.426586236363913,0.0237081910194809
-0.5,0.5,-0.55909539546518,0.0247368683728199,-0.556662052239868,0.0369737808044789,-0.491508665522632,0.025832629806902
-0.5,0.5,-0.484264476004359,0.0234565567314422,-0.500409948161389,0.0363207250387585,-0.439856371386593,0.0239881869051803
-0.5,0.5,-0.493147935606103,0.0259250408153275,-0.494631490291679,0.0360908074087955,-0.457265296224314,0.0262290000206163
-0.5,0.5,-0.488447242233626,0.0236317000505598,-0.492051487237664,0.0338807269707319,-0.445677671489603,0.0241522209548507
-0.5,0.5,-0.519480944107081,0.0244275666140311,-0.528003748320114,0.0371112711321565,-0.480863420586031,0.0249807723394069
-0.5,0.5,-0.486919895577628,0.0256447358527306,-0.49066485830747,0.0348554898469066,-0.439502252715898,0.0260103512689502
-0.5,0.5,-0.516869390544885,0.0250723308009819,-0.48934413260279,0.0344094652292888,-0.463740630907073,0.0256896491787197
-0.5,0.5,-0.555615785258904,0.025933844733005,-0.555340232378531,0.0382131857677148,-0.517661236553091,0.0265236126982929
-0.5,0.5,-0.478709064454876,0.0230742695124562,-0.483671131993934,0.0322716761323986,-0.444948157213706,0.0235097355865494
-0.5,0.5,-0.498267965088123,0.0231871559356091,-0.527068160283429,0.0359770694469621,-0.456378789495105,0.0237860561674912
-0.5,0.5,-0.504922258172186,0.0242863333314633,-0.522811784635556,0.0370702766063201,-0.455503032507832,0.0248876260700223
-0.5,0.5,-0.524256698360783,0.0244641000845662,-0.490942195732951,0.034690715250597,-0.47988726561817,0.0251021902363803
-0.5,0.5,-0.494600751270945,0.0248402909923875,-0.468733475035932,0.0353339551191323,-0.434189004490969,0.025400029071997
-0.5,0.5,-0.508243567806147,0.0255110897047158,-0.481105478442653,0.0329389504834431,-0.463451747019937,0.0259740117726925
-0.5,0.5,-0.525384041436793,0.0251520248073457,-0.528912877019524,0.0366615727912315,-0.481284722728458,0.0257277721169121
-0.5,0.5,-0.508988077635976,0.0248330980491532,-0.456999167479689,0.0343557309117324,-0.458468518921674,0.025409736009799
-0.5,0.5,-0.487665546131055,0.0222695112909297,-0.49855848534336,0.03397855962778,-0.44022404676626,0.022966379484916
-0.5,0.5,-0.509705525339026,0.0257181845917604,-0.499414569050984,0.0341869645748892,-0.4726240526135,0.0261105275029055
-0.5,0.5,-0.52952213002605,0.0256335979143489,-0.527627440138391,0.0364926841348144,-0.480001723258247,0.0262347666626319
-0.5,0.5,-0.535801189373291,0.0261355386847449,-0.505412565708596,0.0374369116117276,-0.471003305290265,0.0268347731268597
-0.5,0.5,-0.531188307529257,0.0246034457072965,-0.508715526057195,0.0359695180584282,-0.480899549087093,0.025330576656975
-0.5,0.5,-0.487579835193289,0.0230030693322147,-0.469705987006876,0.0327716741656062,-0.437166855784122,0.0236524130211116
-0.5,0.5,-0.489212450734974,0.0228305432973845,-0.498830997037089,0.0340616362537714,-0.449095391413365,0.0233988315019152
-0.5,0.5,-0.556200906571105,0.0267655076912429,-0.552645738152218,0.0403457639762448,-0.498499171548882,0.027476825724565
-0.5,0.5,-0.5174633319425,0.0240285469696918,-0.527852768392432,0.0346349996713735,-0.470624760974053,0.0247000411256846
-0.5,0.5,-0.511491967027223,0.0249536083932837,-0.517261408909758,0.0359760631665982,-0.461955899583157,0.0255237168502652
-0.5,0.5,-0.540173023072543,0.0261944808736532,-0.528718725828322,0.037025936014636,-0.486765415356928,0.0268320017627832
-0.5,0.5,-0.500476260219277,0.0233309073705824,-0.503139313002183,0.0365832797354273,-0.453703859112575,0.0239801297743911
-0.5,0.5,-0.499335854365524,0.0246551745727274,-0.480273244901423,0.0348424751201999,-0.437742331579264,0.0252733982075658
-0.5,0.5,-0.478430786989586,0.0241234857789731,-0.499483032829421,0.0349403091904482,-0.445950248453743,0.0244724310432565
-0.5,0.5,-0.485393500653675,0.024710919505046,-0.500693033589622,0.0348951379348877,-0.432853891967128,0.0251866902172904
-0.5,0.5,-0.533263382540606,0.0255292712327225,-0.536039628550088,0.0369067051155186,-0.473891646531491,0.0262473337502065
-0.5,0.5,-0.515961555517722,0.02543508035472,-0.488103533849317,0.0350979094930442,-0.441154678664635,0.0261403165501924
-0.5,0.5,-0.523394149680162,0.0261201659517683,-0.576287472275778,0.0386530688414385,-0.471782794918342,0.0266530224161357
-0.5,0.5,-0.558699625993308,0.0277460508186244,-0.570139351349727,0.0410143841545329,-0.509887135464844,0.0282956738757744
-0.5,0.5,-0.494297310388673,0.0243218550130712,-0.473789340735189,0.033811982208676,-0.4454290848799,0.024858177807136
-0.5,0.5,-0.50930277897231,0.0255787225056924,-0.518993438692257,0.0376928048525626,-0.465182571770292,0.0260356955118203
-0.5,0.5,-0.532895343501557,0.0255103369322403,-0.553874752945192,0.0364916491342839,-0.471757643678781,0.0262421410707439
-0.5,0.5,-0.475497615410735,0.0233541538286083,-0.487935711889809,0.0353740259765112,-0.431025012467111,0.023854220871793
-0.5,0.5,-0.548488629516439,0.0255326267271619,-0.540540431636003,0.0371694261463827,-0.498907788068318,0.0262564387447762
-0.5,0.5,-0.518666710708484,0.025328102825464,-0.523499261137681,0.0368739627977356,-0.479719759497468,0.02580607880084
-0.5,0.5,-0.483369296287942,0.0220000382602754,-0.462525673754216,0.0301145220425968,-0.432598406646083,0.0227388717919451
-0.5,0.5,-0.521496543826553,0.0249232832877608,-0.499521347769729,0.0357890926327895,-0.478751646883753,0.025486891427198
-0.5,0.5,-0.44039409706937,0.0225142060977199,-0.431424802397935,0.0314032204323629,-0.405425961031118,0.0228629199845682
-0.5,0.5,-0.524746749625172,0.0264247792955851,-0.57661908368116,0.0426599484614949,-0.481894995396462,0.0268721670224484
-0.5,0.5,-0.480543145184011,0.023320328452789,-0.482953564162812,0.0324208860733482,-0.437095094562225,0.0238381465736002
-0.5,0.5,-0.490872295348437,0.0234908051861587,-0.501640445346698,0.0351443401914668,-0.458631957888001,0.0239254794074856
-0.5,0.5,-0.540936440670234,0.0253889728039466,-0.580492211963382,0.0403487125778132,-0.507177531798499,0.0259028950188848
-0.5,0.5,-0.529207652465579,0.0259387890142134,-0.521865707417435,0.0384767017018674,-0.472206992583667,0.026564205547018
-0.5,0.5,-0.490395398798059,0.0240084093872826,-0.468874048028479,0.0343060328193265,-0.460940632211289,0.0243767774783339
-0.5,0.5,-0.483580175668836,0.024264195577582,-0.486281110404767,0.0350425511909956,-0.448476631369675,0.0246445668166466
-0.5,0.5,-0.503914796133999,0.0239323051504248,-0.506512017521616,0.0342705336878973,-0.452287375678237,0.0245850382893621
-0.5,0.5,-0.462197840927013,0.0227984012928212,-0.517777342768326,0.0351841730088201,-0.42605108406685,0.0232152804605011
-0.5,0.5,-0.514123130439477,0.0246033390020721,-0.508278586885253,0.0338368397923651,-0.466829538093134,0.0252032851825166
-0.5,0.5,-0.512553942433129,0.0241182707731394,-0.484005733408902,0.0333386145938367,-0.460742652966687,0.0248027523448543
-0.5,0.5,-0.467964176169861,0.0256067366634678,-0.455085757832761,0.03287893141304,-0.418997391760493,0.0258959336910656
-0.5,0.5,-0.543451765018417,0.0262870153153228,-0.547424080585583,0.0394198928323897,-0.503651428303894,0.0268089846149476
-0.5,0.5,-0.489156100540525,0.0242631819770576,-0.494563746142126,0.0325152304339459,-0.44585203479421,0.0247353925572739
-0.5,0.5,-0.522020334530689,0.0251020109507919,-0.536843546235232,0.0364318611825305,-0.472649763719754,0.0257139973208509
-0.5,0.5,-0.506221840368758,0.0239596354252278,-0.506415504484381,0.0360498737070859,-0.443006832675369,0.0247216541136324
-0.5,0.5,-0.520659790559212,0.0249064543559684,-0.52253934781345,0.0370289497439706,-0.470797184765826,0.025535426670838
-0.5,0.5,-0.530481433671048,0.0253163497417167,-0.559724391940296,0.038676349954359,-0.485852523511812,0.0259084767420143
-0.5,0.5,-0.479340765293619,0.0222860897718502,-0.49731269479825,0.0334143393781242,-0.439080555754013,0.0228589288344971
-0.5,0.5,-0.50116997732972,0.024280138155526,-0.493925418450573,0.0331253689985826,-0.455881540718283,0.0248256618275192
-0.5,0.5,-0.483398580255935,0.0237874543069692,-0.492904630855706,0.0346623906223148,-0.436386483374631,0.0243058182356717
-0.5,0.5,-0.482652620851792,0.0236273452098487,-0.488768252701907,0.0360939349080408,-0.439758900026761,0.0241224516256741
-0.5,0.5,-0.499355770805834,0.0244266842370197,-0.475038148562188,0.0339607510764118,-0.44639264883219,0.0250112866079041
-0.5,0.5,-0.523490166045385,0.0245154586852671,-0.46532035604224,0.0322161209633957,-0.462360522849995,0.025307616987195
-0.5,0.5,-0.51230789350996,0.0250469259390292,-0.532560308972292,0.0366120005312724,-0.465789345632617,0.0255870721846746
-0.5,0.5,-0.472634107565944,0.0215726260966106,-0.466064689371013,0.0294197608704214,-0.435987166925212,0.0221343585050503
-0.5,0.5,-0.477830255995305,0.0233283395539449,-0.486896953812238,0.0348810873614022,-0.430738866252708,0.0238639926452049
-0.5,0.5,-0.478786597034104,0.0233775089563471,-0.484093150126918,0.0329433454202967,-0.431498506332667,0.0239147844258785
-0.5,0.5,-0.544512977286008,0.0273739397400787,-0.528890919520362,0.0376195530979613,-0.49378221380699,0.0278933479446147
-0.5,0.5,-0.507240246136911,0.0232590905217684,-0.481176162600018,0.0338488963592491,-0.447989019549464,0.024083007098553
-0.5,0.5,-0.469846403262798,0.0225522076447805,-0.457084841575821,0.0300065033651774,-0.433337868098066,0.0230214516340368
-0.5,0.5,-0.52465685995949,0.0239769255498796,-0.530630426347693,0.0364693269231052,-0.473799232863843,0.0247397880551624
-0.5,0.5,-0.491299609233454,0.0234247038245099,-0.483706879606738,0.0333653772247381,-0.452877217179608,0.0239330667769238
-0.5,0.5,-0.517454951547201,0.0258119136498067,-0.549087303689467,0.0378179437687615,-0.478268908732525,0.0262474124770469
-0.5,0.5,-0.551531538210238,0.0272208494699051,-0.546564747087222,0.0377583350806692,-0.509956731112418,0.0277197595087888
-0.5,0.5,-0.51015167905825,0.0235480804590566,-0.513645234565162,0.0355966671572297,-0.464328583306874,0.0242171466792951
-0.5,0.5,-0.525905175228868,0.0259702896825016,-0.511356790740411,0.0357988574330121,-0.471794725275473,0.0265512037103453
-0.5,0.5,-0.500978532785655,0.024564237515338,-0.490438122688177,0.034207988251812,-0.458696517271336,0.025056293138551
-0.5,0.5,-0.550362474848462,0.024401871597163,-0.596945552168593,0.0403290957661033,-0.500132602814019,0.0252702741034191
-0.5,0.5,-0.476483986148993,0.0222078406183691,-0.470330444002224,0.0318837664626458,-0.432281042977404,0.0228176709652609
-0.5,0.5,-0.512773241114037,0.0241136369555746,-0.51263928713806,0.0336689151443531,-0.469341605301714,0.024715312112788
-0.5,0.5,-0.499976021162866,0.025093180947166,-0.496236097732278,0.0344463999380262,-0.45830948511136,0.0255300678366829
-0.5,0.5,-0.514400854556185,0.0247274707844782,-0.475672816316648,0.0340843977340027,-0.451435049027059,0.0254449663741443
-0.5,0.5,-0.474158438540267,0.0231063349399217,-0.476624116794447,0.0351976037443444,-0.416282093037805,0.0237296528448908
-0.5,0.5,-0.503324956910045,0.025100228693678,-0.499622402145019,0.0351176164063015,-0.451914744306435,0.0256249708885768
-0.5,0.5,-0.539737463559248,0.0246955568951865,-0.549524454145155,0.0376885430678865,-0.489084693010943,0.0254687848566266
-0.5,0.5,-0.486518378193288,0.0222447914761429,-0.494242903641987,0.0321233244343881,-0.435170098059958,0.0229805317573239
-0.5,0.5,-0.499668273111477,0.0253018284106596,-0.49130176741257,0.0353373982143937,-0.443947110761546,0.0258125051313605
-0.5,0.5,-0.478933178974722,0.0221532558044236,-0.47703334918889,0.0303254157818839,-0.431562164132979,0.0228147132473061
-0.5,0.5,-0.470516071123946,0.0230151067554491,-0.470746608101853,0.032977514531797,-0.425374374201088,0.0235287085735903
-0.5,0.5,-0.484427083777272,0.0245067024146663,-0.480609076377677,0.0358924469365569,-0.431139103982359,0.0250029078301147
-0.5,0.5,-0.525393426547917,0.0257236129058276,-0.50990442771958,0.0380834714451863,-0.469782974373274,0.0263395069234288
-0.5,0.5,-0.503293339488308,0.0254195719993838,-0.521897914346318,0.0385797899166377,-0.467164297781407,0.0258005332875485
-0.5,0.5,-0.45288591100847,0.0217024009234487,-0.42319208454266,0.0308932960874147,-0.400154002228224,0.0223243316538351
-0.5,0.5,-0.517997190383526,0.0247753800996841,-0.500943693770295,0.0337039600873684,-0.469880767976742,0.0253868402974278
-0.5,0.5,-0.52486386381927,0.0248733387672784,-0.487102828801214,0.0354033536240255,-0.472260962657284,0.02555565191984
-0.5,0.5,-0.481374965147169,0.0236852316281991,-0.467901620430629,0.0320415586522954,-0.424264591982516,0.0242787188750142
-0.5,0.5,-0.505813299008756,0.0242447875710749,-0.496495162661054,0.0331600056352521,-0.469172897818368,0.0247304622714489
-0.5,0.5,-0.546674605560913,0.025547356223414,-0.51966085756757,0.03734076993659,-0.500241517025266,0.0262247372652862
-0.5,0.5,-0.49719283170546,0.023831265901067,-0.498389382390205,0.0341531849265033,-0.450763240036426,0.0244100669402174
-0.5,0.5,-0.480220697630278,0.0218861484625667,-0.475776386510657,0.0336349689853333,-0.428706859413172,0.0226277080157806
-0.5,0.5,-0.492700167758041,0.0238385254511541,-0.450715170969371,0.0322619046095164,-0.437843904328878,0.0244639703720276
-0.5,0.5,-0.491929419603803,0.0244533064076255,-0.489233289565825,0.0342398316610614,-0.441804449774044,0.024973580872135
-0.5,0.5,-0.526639149427404,0.0245529490511489,-0.519004886733453,0.0362154793781808,-0.476804745536757,0.0252536840397553
-0.5,0.5,-0.488093574587296,0.0241221199665292,-0.495820775017985,0.0354461711239441,-0.441766526497607,0.0246263704084138
-0.5,0.5,-0.496393039136872,0.0244759971784495,-0.479028211595782,0.0338501093289554,-0.45120278227357,0.0249787246982397
-0.5,0.5,-0.522249765557532,0.0242598131113783,-0.534127065955465,0.036945050686955,-0.475699077389271,0.0249311590312544
-0.5,0.5,-0.487721153320628,0.0245070997766101,-0.479689519846729,0.0331675000070234,-0.435547232378197,0.025013775355218
-0.5,0.5,-0.472189136784669,0.0231538986125097,-0.447867337784755,0.0307669906966547,-0.413596455961734,0.0237652179141288
-0.5,0.5,-0.497235835567681,0.022239088463619,-0.47095043950086,0.0315670815242319,-0.434137750015167,0.0231664949044482
-0.5,0.5,-0.498930755639596,0.0248211535226788,-0.473434953619629,0.032593210156832,-0.440961687199609,0.0253945470920226
-0.5,0.5,-0.503948543888168,0.0246960810432705,-0.518123773420907,0.0371015796789659,-0.460931662217517,0.0251969515380327
-0.5,0.5,-0.484947699693745,0.02283259199857,-0.464574559073185,0.0319475237681456,-0.435190784405353,0.0234793662258138
-0.5,0.5,-0.479255190140274,0.0237563974235924,-0.46450835523354,0.0324741162767171,-0.433180851274562,0.0242500678266635
-0.5,0.5,-0.536123267605932,0.0262373806073829,-0.53156190403534,0.0390490195501581,-0.468047658869994,0.026946176285734
-0.5,0.5,-0.52131018268392,0.0247520397354138,-0.509847671126541,0.0365889291759135,-0.464058999571465,0.0254672389196903
-0.5,0.5,-0.543426665890798,0.0243217502297558,-0.548197783884369,0.0362386045623773,-0.488213217442685,0.0252152713440679
-0.5,0.5,-0.482287420518852,0.0234334275178934,-0.471953123590868,0.032407962428417,-0.446309753727628,0.0238785948284398
-0.5,0.5,-0.485906251161794,0.0241011169656412,-0.490858006805654,0.0354622526508648,-0.441644843471681,0.0245803705935802
-0.5,0.5,-0.477750131746383,0.0249008246892481,-0.481420733955066,0.0346372783339638,-0.431546330258959,0.025284153232182
-0.5,0.5,-0.509774609107215,0.0250304504387528,-0.48026948256508,0.0352831194727564,-0.448548139513185,0.025667689138545
-0.5,0.5,-0.513068906440523,0.0247041332718272,-0.514919094537744,0.0356830743641179,-0.46825589056368,0.0252655554394419
-0.5,0.5,-0.513010286763453,0.0251214002605333,-0.499476882407308,0.0354078793329691,-0.467985239930868,0.0256453945621909
-0.5,0.5,-0.468097395642879,0.0245013411122028,-0.444268755528326,0.0322988583883784,-0.409621427086448,0.0249374105089927
-0.5,0.5,-0.495222729400255,0.0232200019674798,-0.486162747313081,0.032098910598518,-0.447941370731452,0.0238576393488887
-0.5,0.5,-0.512865429235616,0.023865946896472,-0.505495944573165,0.0332471383167324,-0.458149090508469,0.0246087155630288
-0.5,0.5,-0.521123274530495,0.0267409890939979,-0.536372602713769,0.0394722075584508,-0.47995354692908,0.027132852893931
-0.5,0.5,-0.483149213682036,0.0237726317741559,-0.51743843483512,0.0364261606520117,-0.429380576757966,0.0243428262047548
-0.5,0.5,-0.507519004138994,0.025465015757245,-0.501284033376685,0.0353074802244311,-0.439714026365,0.026070555074842
-0.5,0.5,-0.483635881842361,0.0227949767733055,-0.483445956543092,0.0318270231029814,-0.440043812527655,0.0233774762556263
-0.5,0.5,-0.516665969483199,0.0264241380719433,-0.535342398883506,0.0388375564009177,-0.460163498345321,0.0269160131990935
-0.5,0.5,-0.51406952024246,0.025560836825045,-0.497179700644793,0.0341771178643898,-0.461058587482081,0.0261087302025471
-0.5,0.5,-0.519566299730096,0.0260176158790788,-0.514272583065891,0.0382384955369081,-0.463830639730751,0.0265665160572075
-0.5,0.5,-0.486573563734217,0.0225723058062708,-0.494715500667662,0.0334666437383065,-0.444151351952327,0.0231773963940741
-0.5,0.5,-0.507863657680651,0.02408418202941,-0.505213892556336,0.0351186844612178,-0.46439943065725,0.0246641836961155
-0.5,0.5,-0.482895075976765,0.0230620490853242,-0.474428607296264,0.033019233540679,-0.41410632222541,0.0238237046418944
-0.5,0.5,-0.507333687823912,0.0243202899697238,-0.518916574721898,0.0366538154408108,-0.452095452060883,0.0249814167140811
-0.5,0.5,-0.524054048018084,0.025563189045369,-0.518495729904767,0.0355133763736741,-0.469359619625127,0.026181893253364
-0.5,0.5,-0.501372008980596,0.0243780613207966,-0.486975140843715,0.033175587654135,-0.442422835345236,0.0250244736616067
-0.5,0.5,-0.511423118010531,0.0236114385555158,-0.513832423217996,0.0344732750255124,-0.458196214312961,0.0243599412045816
-0.5,0.5,-0.517472538439697,0.0243296146656528,-0.511484938102177,0.0358675777640259,-0.466768758119313,0.025009311117977
-0.5,0.5,-0.523160226045046,0.024665126310302,-0.56076292651492,0.0367896423515318,-0.495603941214453,0.0250814704322708
-0.5,0.5,-0.490301016162094,0.0230518900882252,-0.483042839121107,0.0318792432838603,-0.446353126737541,0.0236465142713059
-0.5,0.5,-0.466510079455283,0.0229791727899601,-0.440755740873011,0.0313232232989412,-0.413082207697662,0.0235415250038176
-0.5,0.5,-0.499308564475241,0.0234551205295498,-0.461941655980068,0.0325586699412905,-0.446442606315507,0.0241450058352665
-0.5,0.5,-0.477701217290868,0.0239805544144276,-0.465676615325076,0.0344547799077978,-0.434366143350293,0.024425669309177
-0.5,0.5,-0.499301136965464,0.0226603055804984,-0.495808963647137,0.0329653553848631,-0.454472881403389,0.0233492113309507
-0.5,0.5,-0.447322914486762,0.0229498727437461,-0.439923175321504,0.0310956050831544,-0.401473937148891,0.0233694636682427
-0.5,0.5,-0.493735800155055,0.0241216326573395,-0.451888930145131,0.0339964176633901,-0.438045389270539,0.024727763508467
-0.5,0.5,-0.478348697291334,0.0243571474060496,-0.428955384420881,0.033666800115773,-0.40672932670778,0.0249284354767518
-0.5,0.5,-0.537031119933547,0.024581926832529,-0.535105112841543,0.0362363128499646,-0.481136387525116,0.025407990467133
-0.5,0.5,-0.472245840147633,0.0229086038796432,-0.524580109131516,0.035725221351072,-0.436856865596793,0.0233484217229193
-0.5,0.5,-0.473676655530278,0.0239342522440799,-0.459199274041434,0.0328785407446568,-0.417299059292999,0.0244517520083134
-0.5,0.5,-0.477503975760344,0.0232306519431995,-0.498644000887139,0.033949085821547,-0.42602112147361,0.0238103601980993
-0.5,0.5,-0.479268964187461,0.0230293441785571,-0.46006877134956,0.0329827777335632,-0.434327181565849,0.0235817299426754
-0.5,0.5,-0.476055505921742,0.0224110009806092,-0.477858988881914,0.032203367237509,-0.442653896504522,0.0228811726355577
-0.5,0.5,-0.53531041309567,0.0265920891571864,-0.533478431092899,0.0392008945713852,-0.478309793508885,0.0271817700819604
-0.5,0.5,-0.545460498518265,0.0277165745213187,-0.540382073395998,0.0374084814074765,-0.485947401912013,0.0282583094345298
-0.5,0.5,-0.522317502946659,0.0250117467615611,-0.509680860031008,0.0352661169982278,-0.470720218438386,0.0256547233492203
-0.5,0.5,-0.514068969646662,0.0264439904109259,-0.498281968704308,0.0373235655149939,-0.454161983513925,0.0269350918232887
-0.5,0.5,-0.493532249864321,0.0248280975345158,-0.482077964912581,0.0339623603634043,-0.440306529667028,0.025339660866688
-0.5,0.5,-0.524803044754921,0.0264411772658546,-0.529106147919028,0.0372573792998086,-0.481668384968629,0.0268895563806348
-0.5,0.5,-0.495257143045143,0.0237623724577857,-0.493422135066299,0.033297896700422,-0.443396018021914,0.0243862382821811
-0.5,0.5,-0.589014898591615,0.0284186421640326,-0.579906850405456,0.0396411524126936,-0.540162643387663,0.0290818340779376
-0.5,0.5,-0.532449253052899,0.0251191553930734,-0.527337832175908,0.035690935287571,-0.475175477677958,0.0258634983933325
-0.5,0.5,-0.476866795243947,0.0231316820867256,-0.43981235193023,0.0285666576311613,-0.425077533542028,0.023720871445456
-0.5,0.5,-0.490862409105848,0.0234033177275212,-0.500098969864168,0.0331062920012579,-0.44261183691245,0.0240085395573409
-0.5,0.5,-0.484663579283995,0.0230685437526333,-0.497984072143187,0.0323456888506988,-0.425350710673889,0.0237707422069019
-0.5,0.5,-0.483852175276547,0.0233392994523391,-0.438859636942129,0.0304491935135838,-0.414951911860803,0.0240704371819971
-0.5,0.5,-0.535730379644983,0.0257425500698665,-0.516886619717489,0.0351727432202553,-0.480898577826817,0.0264144753013111
-0.5,0.5,-0.514582305642446,0.0251771566286982,-0.513691730866141,0.0366583704103585,-0.466022605134102,0.0257336064318375
-0.5,0.5,-0.529718653683418,0.0249464181403425,-0.50301604282209,0.035506745572436,-0.469490082826171,0.025719327515531
-0.5,0.5,-0.486878682896095,0.0231273444779686,-0.464987992651942,0.0321489959027011,-0.42140771287091,0.0238839183129306
-0.5,0.5,-0.521731732246073,0.0261643711426139,-0.544660739019416,0.0377506664867115,-0.475632926667279,0.0266444458965831
-0.5,0.5,-0.474717231496458,0.0220927788675256,-0.452362538861984,0.0305678931723017,-0.432879929537494,0.0226793007155542
-0.5,0.5,-0.47277093454324,0.0234034607716425,-0.439499894261919,0.0335443638407542,-0.420710395922123,0.0239443371989751
-0.5,0.5,-0.49478195634192,0.0251575983773858,-0.482141368212682,0.0339372056529967,-0.43853445659746,0.0256591320280886
-0.5,0.5,-0.491157208839273,0.0239795774829,-0.50083649341262,0.0356752441860391,-0.431744132652343,0.0246132777322087
-0.5,0.5,-0.482828327110942,0.0237549474976393,-0.481811514990194,0.034413818352962,-0.438007080499058,0.0242557348579052
-0.5,0.5,-0.503891511025708,0.0251959403553731,-0.50378291621707,0.0363025681492266,-0.459689055608247,0.0256616881675109
-0.5,0.5,-0.528484898854136,0.0257964507604788,-0.518086442399027,0.0373535503945659,-0.483604101485715,0.0263354260316008
-0.5,0.5,-0.533027226329131,0.0256808636435905,-0.554707426251686,0.04070775328245,-0.469301385820857,0.02641139257227
-0.5,0.5,-0.497059967262011,0.0234659718523858,-0.495417015321692,0.0330734342884,-0.447318086273486,0.0241123062240152
-0.5,0.5,-0.484977994056341,0.0231713317676489,-0.488864209013214,0.0373708331038831,-0.426781991017704,0.0238541680669701
-0.5,0.5,-0.485439434773457,0.0243140165324624,-0.463655838879373,0.0332026996417812,-0.432562941958123,0.024833093337786
-0.5,0.5,-0.534349291980998,0.0244597792686436,-0.531663212158703,0.0345181552227914,-0.489013524650761,0.0251644388177771
-0.5,0.5,-0.521400315150187,0.0252752858145134,-0.514180288584232,0.0351849957882021,-0.467656602079092,0.0259022943391031
-0.5,0.5,-0.499217463005189,0.0243146241384012,-0.484932418717157,0.0336574351826833,-0.445736299322146,0.0249145127491909
-0.5,0.5,-0.474454313876726,0.0237552092627463,-0.475351896524927,0.0339711936426952,-0.418387635812224,0.0242947030984071
-0.5,0.5,-0.530534190830159,0.0242647398167294,-0.564503342450499,0.039570362206895,-0.483711535825679,0.0249853290875646
-0.5,0.5,-0.513846454982289,0.024080668468608,-0.515653975140743,0.034573739757473,-0.469340926880262,0.0247024647697353
-0.5,0.5,-0.516665339527813,0.0242958815818254,-0.461048016796943,0.0347121334056946,-0.454342455191783,0.025079084898112
-0.5,0.5,-0.476638120962367,0.0224206671280789,-0.477647698142608,0.0312162511726034,-0.434122809574015,0.0229933214636897
-0.5,0.5,-0.478219182697518,0.0225241723267235,-0.455103575322066,0.0312313813430448,-0.416779783652337,0.0232704400722629
-0.5,0.5,-0.514751806009404,0.0256899549432943,-0.500571531671758,0.0354975295612598,-0.472671392191992,0.0261471813571491
-0.5,0.5,-0.488481560395929,0.0231068235065833,-0.479618809633922,0.0316252003063635,-0.433487098796938,0.0237915080919632
-0.5,0.5,-0.485866475553356,0.0230750191657384,-0.48961371765031,0.0334535815459199,-0.446958499527012,0.0235939734466342
-0.5,0.5,-0.522436696068355,0.0256061161187502,-0.538986914269309,0.0380193957860241,-0.45225765069057,0.0263114240364261
-0.5,0.5,-0.488475433939531,0.0226542285745087,-0.457502815842518,0.0323616092350179,-0.432951853645035,0.0233964389601011
-0.5,0.5,-0.49183936298929,0.0239232941256356,-0.487451656487743,0.0334948619502469,-0.440947849360549,0.0245031537542979
-0.5,0.5,-0.511729884569047,0.0242411690994487,-0.49001446691423,0.0351716695533907,-0.454660570668239,0.0249541366469289
-0.5,0.5,-0.496735937664358,0.024080615393573,-0.504364704925152,0.0350294643999342,-0.447712554169264,0.0246552306192969
-0.5,0.5,-0.553538366236135,0.0251545332177651,-0.567854786468197,0.0390133720162663,-0.514835106201311,0.0258109948588136
-0.5,0.5,-0.502936938192192,0.0237765171257709,-0.498843133719401,0.0340958370045133,-0.462730285812214,0.0243263510597056
-0.5,0.5,-0.492917904627852,0.0224588825928269,-0.518543662606108,0.0333045383406414,-0.459219162664121,0.0229956578668629
-0.5,0.5,-0.502574344710445,0.0256768082355202,-0.508204054520834,0.0372620631541835,-0.465521801233319,0.026043121105774
-0.5,0.5,-0.519104534426218,0.0261901416696291,-0.496101505166829,0.0356674290860282,-0.474307072542892,0.0266452061187041
-0.5,0.5,-0.50375733386381,0.0243977521709242,-0.504544282433224,0.0357990339631515,-0.448177024452036,0.0250312895586191
-0.5,0.5,-0.479947956438752,0.0218129099224925,-0.474473409261459,0.0321889437070809,-0.431001272353978,0.0225330118808801
-0.5,0.5,-0.480602408003723,0.0244577299926323,-0.479976817198986,0.0344655527378288,-0.426684853235464,0.0249423802752559
-0.5,0.5,-0.523924299018623,0.0239293848885478,-0.484365278138173,0.0354641984999878,-0.458388667365797,0.0248419224592324
-0.5,0.5,-0.506345591109457,0.0247043203104265,-0.511054091209521,0.036993677145606,-0.458850681126409,0.0252547833715268
-0.5,0.5,-0.485730639911799,0.0229851207368924,-0.489071915926646,0.0341883463920484,-0.434709373334657,0.0236318189026741
-0.5,0.5,-0.47522960316255,0.0231505802276853,-0.447745996457788,0.0317044138553374,-0.416396457641128,0.0237819146424574
-0.5,0.5,-0.503902262148508,0.0237773053102183,-0.475025941307671,0.0331967240487605,-0.453531611433293,0.0244349476499772
-0.5,0.5,-0.479988967825955,0.0232059668154544,-0.486852609034198,0.0323625967874551,-0.437794304125433,0.0237199641646869
-0.5,0.5,-0.52738764752794,0.0261940139736715,-0.521928300397003,0.0357651121194551,-0.48154709150925,0.0266983791681532
-0.5,0.5,-0.520241412149514,0.0247320174898575,-0.525637725891469,0.0358920976269288,-0.475812118257186,0.0253239904436591
-0.5,0.5,-0.511377308272843,0.0246979972905645,-0.501268842752001,0.03467400608159,-0.469271420362841,0.0252259477863624
-0.5,0.5,-0.498436024390666,0.0245299887043798,-0.479925166607861,0.035144551818188,-0.445751380510155,0.0250963145076814
-0.5,0.5,-0.514096936477153,0.0246083856777734,-0.494886553587088,0.0355664569155338,-0.457951859347806,0.0252854743949704
-0.5,0.5,-0.543245314018654,0.025661730390006,-0.488702089194499,0.0343471316708258,-0.471348553860466,0.026530735533644
-0.5,0.5,-0.447008681713856,0.0216670050700022,-0.457661504861079,0.0296564119590317,-0.401294316546031,0.0222024122448469
-0.5,0.5,-0.460397439829682,0.0230204890806103,-0.48152923311696,0.0349700710103898,-0.40819978341102,0.0235378089525504
-0.5,0.5,-0.52887852596997,0.0258907721650989,-0.500791281407686,0.0362754294878876,-0.466083339038561,0.0265595710860447
-0.5,0.5,-0.52269129498988,0.0260846746681616,-0.525079449722252,0.0379737553076809,-0.46180735539984,0.0266768402787605
-0.5,0.5,-0.450657269507182,0.0236630598115803,-0.469412739741169,0.0323925952968686,-0.421748038889985,0.023924383931376
-0.5,0.5,-0.512198995549329,0.025859552582554,-0.502457444562124,0.0352380438625484,-0.466210135414374,0.0263189323199809
-0.5,0.5,-0.493117120615227,0.0234102679853129,-0.474557023796077,0.0332560427061031,-0.430090766838007,0.0241533252392338
-0.5,0.5,-0.492776361761258,0.0246004951451573,-0.461230213443166,0.0343259576876614,-0.447030461348124,0.0250785060080566
-0.5,0.5,-0.52778797785812,0.0245548954324121,-0.515426947609902,0.035627340469661,-0.475511630606548,0.0252873368401837
-0.5,0.5,-0.5247179781594,0.0243070614430811,-0.52918582140406,0.0343126812571072,-0.475007514852808,0.0250216117788389
-0.5,0.5,-0.520398432858857,0.0241641168874421,-0.521675825487815,0.0351918809228358,-0.472295764015658,0.024851677651909
-0.5,0.5,-0.508205423859608,0.02411601925865,-0.498904264698045,0.0344403904500721,-0.446181183120647,0.024862076972881
-0.5,0.5,-0.506926427452613,0.0245028587950299,-0.499514710892757,0.0342718109112812,-0.451169999825977,0.0251449358793736
-0.5,0.5,-0.489165954118811,0.0235928355599949,-0.49152014995822,0.0336248043288351,-0.439100229337485,0.0241856946463384
-0.5,0.5,-0.463285725030325,0.0230756569679673,-0.459175454899885,0.0331990611520376,-0.414082126938917,0.0235806970633541
-0.5,0.5,-0.497061582014879,0.0247441893129803,-0.478928559316981,0.0339286562401639,-0.444113412839452,0.0252821223862113
-0.5,0.5,-0.490351965728597,0.0250502062905153,-0.462278587898686,0.0334812037733734,-0.417052874387874,0.0256165518928366
-0.5,0.5,-0.455540241515621,0.0214019723524036,-0.421793505413276,0.0300410199969383,-0.401308498412576,0.0220850976981476
-0.5,0.5,-0.477001986941629,0.0238150479778684,-0.479610942667462,0.035647408044102,-0.425802197529945,0.0243295726658261
-0.5,0.5,-0.487259181043284,0.022828132758978,-0.475236686665392,0.0328094554686229,-0.446005773736063,0.0234001150995605
-0.5,0.5,-0.49971015651726,0.0243932874932425,-0.483630143632389,0.0329335202326538,-0.454519494209927,0.0249200357019988
-0.5,0.5,-0.501920145569684,0.024804941922905,-0.47745687309879,0.0335160171502531,-0.448557785216179,0.0253665201527391
-0.5,0.5,-0.498819031234646,0.025339271295583,-0.511929928460887,0.0368905381891797,-0.457101119977721,0.0257507497822477
-0.5,0.5,-0.51375029351326,0.0254203165459998,-0.518566058527753,0.0388603856560294,-0.462436648303427,0.0259689551926724
-0.5,0.5,-0.505535781445654,0.0253495721329538,-0.503649875921579,0.0343952563014792,-0.463745229649884,0.0257909369292351
-0.5,0.5,-0.500225759949738,0.0240983893084188,-0.514529980864085,0.0367851335113591,-0.461191957969435,0.0245963071371229
-0.5,0.5,-0.459537524707632,0.0220675227182117,-0.467360319250813,0.032993641795892,-0.410369275964375,0.0226547143016374
-0.5,0.5,-0.517123623711371,0.0249637275106808,-0.528393477150217,0.0356004496098752,-0.477778218220573,0.0254687302858062
-0.5,0.5,-0.542428282252677,0.0263358482327925,-0.551402929597391,0.0392851035309768,-0.494259384450227,0.0269273051689171
-0.5,0.5,-0.535852554966207,0.0275555377287318,-0.564184967177234,0.0388257640135988,-0.492517106669384,0.0279627345270312
-0.5,0.5,-0.485069095484045,0.0238933400332625,-0.495254408211216,0.0334753926232284,-0.431633165771297,0.0244587615121063
-0.5,0.5,-0.520156213440052,0.0244059019341529,-0.516227542215951,0.0338136209751646,-0.46618865932737,0.0251246070851137
-0.5,0.5,-0.503993284425747,0.0245444303375865,-0.539649798260793,0.0383901564244691,-0.457263465126854,0.0250917151917123
-0.5,0.5,-0.534869509863528,0.0249214553182792,-0.56147475053972,0.0386771086986278,-0.488433985444299,0.025595051686123
-0.5,0.5,-0.454063157578628,0.0221779080310459,-0.470816147638677,0.0321982137264909,-0.421689526146846,0.022573805905076
-0.5,0.5,-0.45527436072456,0.0223454016918632,-0.449809013272143,0.0309119937380711,-0.411058700211833,0.022842514829562
-0.5,0.5,-0.516360771371422,0.0238113956378282,-0.524263057355356,0.0365392590441132,-0.473879020121409,0.0244492007742651
-0.5,0.5,-0.500885290247055,0.0247558675330885,-0.507714756074687,0.0364006198643286,-0.451805794517528,0.0252852665448146
-0.5,0.5,-0.484664157319551,0.0243868944278661,-0.468942076062351,0.0331025895918995,-0.43888584365493,0.0248458787643352
-0.5,0.5,-0.485137248146774,0.0236123936223576,-0.482924115738625,0.0348822993212373,-0.425904517732267,0.0242515792439627
-0.5,0.5,-0.498198800157332,0.0242255992124879,-0.502258237032618,0.03496846432969,-0.467485697919119,0.0246200380694407
-0.5,0.5,-0.462496527686992,0.0231742277442175,-0.448360536333848,0.0316957668028092,-0.411804747600737,0.0236761438204631
-0.5,0.5,-0.524063573475886,0.0245722178771871,-0.526454649957423,0.036165581371808,-0.466061140384323,0.0253335750076763
-0.5,0.5,-0.493789486189102,0.0234344721172499,-0.481184417529642,0.0336655249419133,-0.454336248988767,0.0239639115918868
-0.5,0.5,-0.483183284440639,0.0235601776322319,-0.461403634876149,0.03214263957172,-0.422621771690915,0.0242029553086855
-0.5,0.5,-0.483735586261568,0.0241739122885902,-0.468625250280436,0.0323987341064562,-0.421710883204951,0.0247554820228333
-0.5,0.5,-0.480402577711635,0.0237553678555536,-0.493777590529993,0.0342935350352506,-0.428774495360084,0.0242969044504966
-0.5,0.5,-0.53112363956653,0.0261044936736013,-0.4949741821214,0.0343828817832705,-0.471460843098376,0.0267414851179022
-0.5,0.5,-0.490856691584192,0.0233221994653407,-0.453331275334767,0.0314546949849892,-0.44225642476892,0.023938926869521
-0.5,0.5,-0.541068311270904,0.0252413120895344,-0.536253589155248,0.037288519389148,-0.495330542671882,0.0259099542432291
-0.5,0.5,-0.471944059462264,0.0228590862612132,-0.488170454543099,0.0326367489236014,-0.418038157611946,0.0234676909900354
-0.5,0.5,-0.528093275343188,0.0253096209931472,-0.504075064304424,0.0367738950721972,-0.474543538309238,0.0259717297334772
-0.5,0.5,-0.460512695123597,0.0231451210636665,-0.480741556242031,0.0321373187611026,-0.406512781984732,0.0236620193410164
-0.5,0.5,-0.56369781211155,0.028610613160298,-0.550790888774883,0.0394636090589967,-0.527910463069421,0.0290053209746371
-0.5,0.5,-0.485809865675692,0.0239662986423631,-0.473111645869656,0.0341420864159847,-0.44114553426812,0.0244605913241592
-0.5,0.5,-0.547154948171341,0.0260489278501195,-0.525627826659583,0.0373832336820898,-0.484433937459429,0.026825633877761
-0.5,0.5,-0.510524664375914,0.0252053858873194,-0.46169704172858,0.0317887199592873,-0.455748273457938,0.0257832916353905
-0.5,0.5,-0.50957386899456,0.0235749750460188,-0.499915259229933,0.0341409564964097,-0.449462517657382,0.0243826217969919
-0.5,0.5,-0.498926802014658,0.0254744556204946,-0.510024842825697,0.0360826580194312,-0.447678767326253,0.0259368191918174
-0.5,0.5,-0.464980165836223,0.0236771837762686,-0.463785285391495,0.0339508296021058,-0.414781805120588,0.024138276705668
-0.5,0.5,-0.522882095765126,0.024980252498546,-0.5365337387051,0.0352069594358026,-0.484626422555166,0.0254988906378318
-0.5,0.5,-0.476153392915509,0.0233950383168886,-0.457375594588203,0.0329863253836705,-0.432344424755519,0.0238888477656184
-0.5,0.5,-0.512774756192576,0.0242228191159243,-0.490294926629953,0.0360672982440381,-0.449964420720408,0.0249925696687492
-0.5,0.5,-0.48114376631305,0.0233340637452059,-0.49284369360667,0.0346695144209398,-0.442386305867972,0.0238095767727735
-0.5,0.5,-0.476489523483367,0.0229021996287544,-0.421546708227723,0.0305266263893876,-0.414702811760481,0.0235927107806427
-0.5,0.5,-0.488060421946141,0.0227464004556404,-0.467678173385859,0.0322286513492316,-0.438917711847277,0.0234132674047718
-0.5,0.5,-0.513613080638463,0.0261851844301556,-0.509157077371318,0.0369856914335727,-0.457167007909697,0.0266847809627919
-0.5,0.5,-0.49311161657643,0.0233198146620631,-0.479142484394972,0.0302405114718406,-0.434614344846608,0.024037696361714
-0.5,0.5,-0.482658267897266,0.0228614990306378,-0.488542888463645,0.0328396404917934,-0.442141216159038,0.0234014271794097
-0.5,0.5,-0.513805198124946,0.0254031280460695,-0.534765093116274,0.0370303840362208,-0.472820807907389,0.0258712159386949
-0.5,0.5,-0.513737586511228,0.0247164598998074,-0.524660404491845,0.0363785039002011,-0.438484350150417,0.0255112630496307
-0.5,0.5,-0.447107404087148,0.0202226426169447,-0.436428919419846,0.030061601166714,-0.402055240396951,0.0208934815415746
-0.5,0.5,-0.533167098064417,0.0260426446921577,-0.545135042167353,0.037805245410694,-0.480083314532724,0.0266514957855245
-0.5,0.5,-0.470061947484943,0.0233229964365386,-0.453750540025837,0.0331457725409469,-0.419920780292591,0.0238441275506603
-0.5,0.5,-0.502531834541088,0.0233165909624457,-0.479726931581626,0.0332322675096914,-0.47079624567294,0.0238017431681595
-0.5,0.5,-0.529972309381163,0.0258802678891111,-0.547006654021117,0.038911253371216,-0.4826211504499,0.026440617372721
-0.5,0.5,-0.542605901381591,0.0253927118034141,-0.522871868702023,0.0368307306769742,-0.482613195115807,0.0261970998243449
-0.5,0.5,-0.490859575547997,0.0241728663533049,-0.47639575966479,0.0327415834149644,-0.447767557862058,0.024659217195932
-0.5,0.5,-0.456904836237389,0.0215063337187718,-0.463240562883038,0.0298877326027528,-0.410268449366848,0.0221134302611611
-0.5,0.5,-0.496664200946127,0.0246888472863085,-0.471224532784781,0.0333833359794638,-0.445762505960804,0.0252160088046976
-0.5,0.5,-0.537311557122773,0.0261686737002622,-0.527527043817242,0.0376843306607917,-0.4822435481005,0.0268045584762128
-0.5,0.5,-0.4996198105663,0.0241041813690665,-0.471577173973835,0.0330317382022889,-0.454365826041635,0.0246582495275078
-0.5,0.5,-0.512854636195412,0.0238576204284127,-0.521006931802876,0.0370410486472998,-0.459475310268924,0.0245882575638855
-0.5,0.5,-0.478583519360732,0.0239606097671692,-0.443740008527888,0.0310212161618788,-0.444001521753924,0.0243396083028525
-0.5,0.5,-0.444949451126864,0.0217266805500845,-0.462409659332456,0.0309243150715597,-0.402053213705851,0.0222223802215463
-0.5,0.5,-0.505914576099507,0.0232990728913886,-0.507145708036601,0.0346912370847878,-0.459491962233669,0.023977109931331
-0.5,0.5,-0.466657404528693,0.0223556434291532,-0.45245092792915,0.0311242861950942,-0.420616680178822,0.0229213424206725
-0.5,0.5,-0.497822501849851,0.0261049490823203,-0.494871866725566,0.0349799269019556,-0.436167696161971,0.0265440663226374
-0.5,0.5,-0.532378210708818,0.0264206366320186,-0.529024470302259,0.0389129835507271,-0.477564163594383,0.026996465316339
-0.5,0.5,-0.481185945266937,0.0248673226570404,-0.485901614970163,0.0353361061150544,-0.427163896262356,0.0253132137193601
-0.5,0.5,-0.512848628729312,0.0239147506830133,-0.514422771663224,0.0363331904815494,-0.47265557681287,0.0244991283701938
-0.5,0.5,-0.49999860251277,0.0235171709537487,-0.523391884976236,0.0346292728435189,-0.45130781899825,0.0241641776054994
-0.5,0.5,-0.544221300593546,0.0268658088067355,-0.520902411832687,0.0366060544185605,-0.483113861095045,0.0275087236034159
-0.5,0.5,-0.523781850062168,0.0247029479871343,-0.549516682071831,0.0392969153747899,-0.471072663706112,0.0253985735656353
-0.5,0.5,-0.533476711057686,0.0257042513901004,-0.512209839496367,0.0387960690247997,-0.461337668519223,0.0264912976594169
-0.5,0.5,-0.492155967282421,0.0239802815259795,-0.509524618572623,0.0364811239390881,-0.450078622197208,0.024480753974288
-0.5,0.5,-0.463739084449048,0.0228280598237007,-0.481476451795504,0.0319674479600515,-0.430652053006478,0.0232196073049045
-0.5,0.5,-0.525115519845332,0.0243445326984,-0.496877619696653,0.0358438731157328,-0.466515771190831,0.0251464069166251
-0.5,0.5,-0.478056887575545,0.0242307586971152,-0.477182032994226,0.035041575074654,-0.43269125383572,0.0246700738578143
-0.5,0.5,-0.544337830165083,0.0254916712603048,-0.566665660326368,0.0402540553524199,-0.512359028741512,0.0259895908335396
-0.5,0.5,-0.507648931757148,0.0254404574283684,-0.5212166792726,0.03657133229774,-0.475165253667124,0.0258052416302287
-0.5,0.5,-0.47556898395272,0.0225966277008293,-0.482616692842266,0.0312092138247434,-0.432942539427725,0.0231492572614801
-0.5,0.5,-0.486331538632048,0.0225038962079664,-0.481182202720053,0.0314784727485063,-0.427437212012735,0.0232825238902132
-0.5,0.5,-0.496269012661446,0.024033174813314,-0.466580195792396,0.0335273891113397,-0.434860514937394,0.0247065101796276
-0.5,0.5,-0.548491075580618,0.0253111357793229,-0.600438162178703,0.0381957878467461,-0.514444711531394,0.0258675018244666
-0.5,0.5,-0.499766514584904,0.0241810376059431,-0.502231218189905,0.0352900447654941,-0.44483533114537,0.0248101657010014
-0.5,0.5,-0.507886827262238,0.0252016975473836,-0.501460630076958,0.0370109959320139,-0.460691745032859,0.0257096959192393
-0.5,0.5,-0.541681095599104,0.0243751172195875,-0.548259140493361,0.0374370987177639,-0.499867891463598,0.0250836366913023
-0.5,0.5,-0.528089587658544,0.0252286717539943,-0.5365612969993,0.0376355700024718,-0.474185000646581,0.0259028474014875
-0.5,0.5,-0.454762664169352,0.022951156787699,-0.46374296246723,0.0321783732436572,-0.409469828096038,0.0233995808148576
-0.5,0.5,-0.503353666078086,0.0249616905797089,-0.533933034629776,0.037567592032571,-0.470183867040581,0.0253496273964778
-0.5,0.5,-0.507203580221125,0.0236831215618272,-0.501579240008492,0.0343151143857744,-0.45187021175314,0.0244178213734421
-0.5,0.5,-0.504701913328093,0.0248097640065805,-0.455202733690843,0.0322430157017363,-0.437452230426031,0.0254782556875925
-0.5,0.5,-0.497093902046603,0.0241591154296504,-0.497063304958917,0.034699567674159,-0.44118257693954,0.0247824512087348
-0.5,0.5,-0.534777722540212,0.0257007467509503,-0.53103236512496,0.0368848443790367,-0.479959507363865,0.0263712884322058
-0.5,0.5,-0.504722342009944,0.0239757878567619,-0.499879063277277,0.0340083147491187,-0.451186465541984,0.0246455486688823
-0.5,0.5,-0.568812976837328,0.0291179444050917,-0.559818039758465,0.0428201192550193,-0.508619721970971,0.0296571579915658
-0.5,0.5,-0.507000284984887,0.0239378396904959,-0.479584759259197,0.0325641827494312,-0.448149691091159,0.024672162704469
-0.5,0.5,-0.480013322585748,0.0236417066945634,-0.463042898536494,0.032287004252205,-0.433470798700969,0.024153558238804
-0.5,0.5,-0.522192854438207,0.0250614786514056,-0.502543227031104,0.0367020673204859,-0.453622369966087,0.0258294163835238
-0.5,0.5,-0.493095154434701,0.024532269949924,-0.481514519349473,0.0367033169131031,-0.454204808586605,0.0249625958594165
-0.5,0.5,-0.500931337303792,0.0255821156459423,-0.491543944709869,0.0363201945849809,-0.45433042744225,0.0260155770088333
-0.5,0.5,-0.507808302058747,0.0249748894741873,-0.545344999151261,0.0372395636820318,-0.463750431410155,0.0254782861819329
-0.5,0.5,-0.52456462988252,0.0259434607172876,-0.521476540656381,0.0386392829633361,-0.487817451211012,0.0263779121935843
-0.5,0.5,-0.521696714836456,0.0261507374071319,-0.542560990519123,0.0367935476870916,-0.48348892141829,0.026569701921059
-0.5,0.5,-0.492494837094099,0.0242250373392269,-0.52088096044837,0.035400501095337,-0.45864325081148,0.0246304763622191
-0.5,0.5,-0.525037162686146,0.0251701239978642,-0.503421251328316,0.0367958463683297,-0.459691354066665,0.0259217664547912
-0.5,0.5,-0.531164788798882,0.024471582806534,-0.505698344610871,0.0332773588450136,-0.482731300239743,0.0251925335539776
-0.5,0.5,-0.548483697955572,0.0263305406349793,-0.561673975793036,0.0411485103267385,-0.497350473152183,0.0269845069783844
-0.5,0.5,-0.472871575651174,0.0233722727817234,-0.449688358051963,0.0330566808516171,-0.430351070445393,0.0238423962717987
-0.5,0.5,-0.502059839542451,0.0245468802681237,-0.528743679473266,0.0356804125028415,-0.462669980232925,0.0250191981620668
-0.5,0.5,-0.526324234972249,0.0239548015995467,-0.530487117486747,0.0361894435824551,-0.479296913343992,0.0246859828125284
-0.5,0.5,-0.479778863745206,0.023189128865814,-0.480519907737598,0.0332744818050366,-0.442315769421352,0.0236579761582824
-0.5,0.5,-0.582328462582093,0.0278497772351151,-0.591515297064103,0.0418091587985876,-0.521621483090056,0.0286398848358326
-0.5,0.5,-0.499322703566174,0.0238520591446017,-0.525487084429879,0.0352429531241999,-0.449931435890735,0.0244672489604037
-0.5,0.5,-0.491352191100268,0.024016542421988,-0.510857091200032,0.0368557354526333,-0.451721773093337,0.0244879465015307
-0.5,0.5,-0.546764388133828,0.0268233562763216,-0.563879933358137,0.037791754127831,-0.50252791784404,0.0273569882585577
-0.5,0.5,-0.492608478259501,0.0234117429899394,-0.503140023259461,0.0343920157064248,-0.445052780786199,0.0240188230450624
-0.5,0.5,-0.46641095732107,0.0225410675493177,-0.460131302853331,0.0331122256204498,-0.418241402610192,0.0231063620929152
-0.5,0.5,-0.520268782295421,0.0243451418877457,-0.530633221121735,0.0363156838639719,-0.470205745692187,0.0250331476199088
-0.5,0.5,-0.537670440907396,0.0262889456567814,-0.519455777678428,0.0374576366086347,-0.488160969610053,0.0268695939001524
-0.5,0.5,-0.502626626722143,0.0252192511625678,-0.542139679050587,0.0373543250504344,-0.46586709159536,0.0256176778475691
-0.5,0.5,-0.467286089746194,0.0236001236063178,-0.463644403590318,0.0322561447717693,-0.409648023034135,0.0241265708418139
-0.5,0.5,-0.493919215891405,0.024975697852759,-0.514616297411031,0.0362564163578922,-0.451563527959915,0.0254005505660782
-0.5,0.5,-0.524214660810618,0.0255134305778001,-0.55461778047981,0.0380599400301732,-0.47374808826636,0.0261048101571155
-0.5,0.5,-0.51767908763409,0.024033751760294,-0.555844884293274,0.0377652434415416,-0.45533678792658,0.0248581748841942
-0.5,0.5,-0.496067940338678,0.0246138555317691,-0.482035046202086,0.0345106400078978,-0.449185614414102,0.0251154811839297
-0.5,0.5,-0.508139386325485,0.0242728672073229,-0.507477361159724,0.034877405048795,-0.444728783686605,0.025009083215217
-0.5,0.5,-0.475904270900734,0.0226985111089633,-0.476535200903024,0.0340131547089763,-0.439247134077842,0.0231822387775678
-0.5,0.5,-0.509842694986081,0.0253896894082736,-0.519702021841176,0.036862677170139,-0.467891182780905,0.025848721070044
-0.5,0.5,-0.510745688522967,0.0246037275930426,-0.471029280492703,0.0328046248421492,-0.449042859038853,0.0253030224957234
-0.5,0.5,-0.481278330925686,0.0230181041217894,-0.486490924358374,0.0336699921539473,-0.44424541837216,0.0235024209233163
-0.5,0.5,-0.492700196036431,0.0218256709152528,-0.50340532584024,0.0344192247387022,-0.4456578855279,0.0225927816638994
-0.5,0.5,-0.487332183291095,0.0242601364146369,-0.514972241333274,0.0349217772108213,-0.451850946462855,0.0246584075280587
-0.5,0.5,-0.505119918204183,0.0248811220060109,-0.505134748546236,0.0366321151355786,-0.448943136591158,0.0254727780349992
-0.5,0.5,-0.471904392178811,0.0228688642149046,-0.474346623355902,0.0329548415871296,-0.4290063487928,0.0233825009196899
-0.5,0.5,-0.506988082163668,0.023923636774251,-0.512053144831965,0.034098075342378,-0.46170947625961,0.0245329645020704
-0.5,0.5,-0.542518460012472,0.0261639325655536,-0.519896950298122,0.0358197939344807,-0.486515685293197,0.026840862784027
-0.5,0.5,-0.467152725274852,0.0223681605743224,-0.457394986458743,0.0307685188570444,-0.4335938347207,0.0228097554561592
-0.5,0.5,-0.485884224364613,0.0227085288876492,-0.506303025493411,0.0348891516218841,-0.433537441914054,0.0233988272675293
-0.5,0.5,-0.509009687623064,0.0259681839548613,-0.490663447059229,0.034740898855902,-0.456939405266916,0.0264397771673454
-0.5,0.5,-0.5155756748228,0.0248009414948601,-0.51791532326837,0.0370525143212849,-0.444884433198167,0.0255696902392694
-0.5,0.5,-0.478757182473715,0.0232232981390297,-0.473293100680286,0.0317912570578713,-0.426290295063627,0.0238184425463968
-0.5,0.5,-0.516289394271734,0.0256184328579714,-0.518826126921459,0.0386572170757922,-0.455355424596343,0.0262250976665119
-0.5,0.5,-0.49528827253728,0.0250101695903387,-0.495178184275176,0.0377016003193451,-0.440761138279816,0.0255203339538188
-0.5,0.5,-0.486823480152719,0.0232088058489052,-0.486178468052763,0.0323673275042285,-0.436321036411226,0.0238329603547949
-0.5,0.5,-0.488284982398995,0.0247686709803139,-0.506406101955926,0.0381139466845772,-0.44490416032052,0.025193320838318
-0.5,0.5,-0.493956732816213,0.0239152357984233,-0.469788103102118,0.0337390627721055,-0.432998995394664,0.0245850748611641
-0.5,0.5,-0.531351850788202,0.02607102333597,-0.583214646666009,0.0394247561597215,-0.484171506304808,0.0266188664048721
-0.5,0.5,-0.475190864388036,0.0241983625659512,-0.50679502584057,0.0347864403893051,-0.438203244183419,0.0245669745865185
-0.5,0.5,-0.530416174641515,0.0274241620647514,-0.545941011213063,0.0383654696904021,-0.481642264648517,0.0278490076264031
-0.5,0.5,-0.512499019496053,0.025110072121469,-0.528081166663993,0.0367921401451652,-0.467949728428108,0.0256284650008652
-0.5,0.5,-0.502562488318482,0.0246593414143941,-0.538476027038461,0.0362484791078238,-0.47997811808906,0.0249529584197729
-0.5,0.5,-0.490641354206555,0.0236664324883913,-0.507507841834687,0.0359581795308917,-0.451797760191591,0.0241562106170325
-0.5,0.5,-0.488037551413349,0.0223225204169553,-0.482782866862584,0.0323238654165879,-0.431316583697087,0.0231135541544784
-0.5,0.5,-0.487675279300794,0.0251681749113733,-0.505005879086102,0.0365769271717079,-0.433915312777552,0.0256160804494108
-0.5,0.5,-0.467295659335967,0.0231684262798212,-0.45927533219357,0.0317394242625926,-0.430773561453806,0.0235802205381834
-0.5,0.5,-0.459666720833898,0.0227061552609012,-0.480010273286468,0.0313520820260497,-0.390880176540982,0.023360073632912
-0.5,0.5,-0.494295270493362,0.0236105523863384,-0.444204109440517,0.0327644689313696,-0.435372907604195,0.0243042053658946
-0.5,0.5,-0.565849055030832,0.0274479058081753,-0.538053581547756,0.0398857635601111,-0.52299757781836,0.0280123700992569
-0.5,0.5,-0.528523955866996,0.0252827056891324,-0.549863995245378,0.036213318540044,-0.480417786697882,0.0259011873749421
-0.5,0.5,-0.505109704894638,0.0261034949075851,-0.479240955272395,0.034370478428205,-0.45664956157168,0.0265206367969105
-0.5,0.5,-0.5631443307353,0.026581504374187,-0.580529722735431,0.0400190421959529,-0.517462490307858,0.0272419952942458
-0.5,0.5,-0.54712049850394,0.0257896915358831,-0.544868150636977,0.038157161838831,-0.503530188124201,0.0264147366068135
-0.5,0.5,-0.495154270930833,0.0242149317594685,-0.521419810896425,0.0351688854807547,-0.43848929370809,0.024825979562057
-0.5,0.5,-0.456867104293782,0.0226749053264423,-0.470894115160011,0.0324870587567636,-0.417683145843937,0.0231075679033312
-0.5,0.5,-0.508396919465493,0.0266854205279936,-0.505672752035164,0.0367168125384356,-0.462677987693412,0.027050826738478
-0.5,0.5,-0.521476513010941,0.0249596535054213,-0.507967380595529,0.034328613883682,-0.483540473622671,0.0254702051328546
-0.5,0.5,-0.507992628862249,0.0246024096571003,-0.489002251640453,0.0351996413364667,-0.47191446737697,0.0250635157963997
-0.5,0.5,-0.485730002286621,0.0233573509352304,-0.500772423987195,0.034261484565121,-0.441335686803433,0.0239051686844379
-0.5,0.5,-0.450286222765638,0.0225239988292378,-0.449986638255827,0.0314219382466005,-0.405267400815627,0.0229890668771589
-0.5,0.5,-0.46574610966593,0.0232511164575028,-0.452644043696757,0.0346206662753509,-0.415091569302809,0.0237613536173786
-0.5,0.5,-0.501580039077842,0.0247057051523857,-0.464784945981927,0.0323761023094184,-0.444141430235003,0.0253046952148982
-0.5,0.5,-0.482725327009691,0.0235079087342455,-0.499568450005314,0.0329113908947456,-0.439187878043317,0.0240197376902858
-0.5,0.5,-0.512783201550044,0.024832806462438,-0.515991605609094,0.0342415844904999,-0.459726660811685,0.0254515742794118
-0.5,0.5,-0.494403453573152,0.0238299998751792,-0.497981284393561,0.032956163129324,-0.450810654513898,0.0243685502296206
-0.5,0,-0.496511453138107,0.0233220089178198,-0.494299446444518,0.0371606667475107,-0.417798711473481,0.0242133423481165
-0.5,0,-0.497391293034417,0.0232387916323494,-0.498581518236198,0.0393029481946393,-0.397481656782598,0.0242684354617021
-0.5,0,-0.532313734470065,0.0255415615294666,-0.550028457809903,0.0418527988122775,-0.42974408904641,0.0264885698957877
-0.5,0,-0.519963836904851,0.0250577688142602,-0.496846462561858,0.0385343653011325,-0.41964930614806,0.0259655286148109
-0.5,0,-0.50633290657741,0.0246252091510437,-0.528668738948723,0.0408016853808092,-0.419028501490769,0.0254347248247107
-0.5,0,-0.49298730437384,0.0235963163368403,-0.489022814777445,0.0404215919298501,-0.399710912109488,0.0244905305383243
-0.5,0,-0.510871189234207,0.0240886813464079,-0.511952897771587,0.042476409205455,-0.41819519372447,0.0250547931129965
-0.5,0,-0.557845602148199,0.027262023796461,-0.576689943511893,0.0439968802460613,-0.455352970924793,0.0281468397764801
-0.5,0,-0.491533243794846,0.02362345141007,-0.497324240396405,0.033927945814098,-0.396690243764687,0.0245065864151859
-0.5,0,-0.485718628860141,0.0232374169273637,-0.503578494298074,0.0376574622907471,-0.403327804791993,0.0240773810802169
-0.5,0,-0.5614592319984,0.0295473701191256,-0.586154177501305,0.0450309903456586,-0.465850220542722,0.0300554649521677
-0.5,0,-0.492618751313272,0.0257381354919359,-0.439425498072764,0.0344731694883462,-0.38167288184195,0.0262794345241648
-0.5,0,-0.483571666344444,0.0242941684973333,-0.503657511577612,0.0373605531973691,-0.401955090860914,0.0249506783573632
-0.5,0,-0.494646434160096,0.0236083562205884,-0.482130911860688,0.038201179365931,-0.390862590433008,0.024556979036943
-0.5,0,-0.47337276338861,0.0242983114840899,-0.440275969028131,0.0341638961186451,-0.36882413057723,0.0249282416995365
-0.5,0,-0.496131417504663,0.0244664131608394,-0.496286404579132,0.0389196673246958,-0.39636692586531,0.0252570215262217
-0.5,0,-0.528935870149602,0.0258095438770138,-0.515848048268019,0.037721527593031,-0.404958942708532,0.0267104737191786
-0.5,0,-0.520635327962727,0.0245049874175089,-0.477718852641247,0.0367023309721109,-0.393787048176474,0.0256039646247728
-0.5,0,-0.508600563101261,0.0238393308166119,-0.525837827302701,0.0421282911742312,-0.410967561730679,0.0248530512865705
-0.5,0,-0.510577554901222,0.0250267351795168,-0.493843014272909,0.0385432363674109,-0.404978818172625,0.0258641813551263
-0.5,0,-0.502033485073611,0.025304580773392,-0.548772480371019,0.0545859180472698,-0.38528711143642,0.0260205168718965
-0.5,0,-0.515500681406171,0.0243064389885318,-0.492432844013427,0.0370217275779548,-0.423226098657292,0.0252747741556188
-0.5,0,-0.479851350081236,0.0229209574638561,-0.426864255912559,0.0333667438800097,-0.382160225475545,0.0238377618748029
-0.5,0,-0.522566138627828,0.0252565409612772,-0.522646613196639,0.0375711159802081,-0.423063562708803,0.0261501049702644
-0.5,0,-0.495855487761872,0.0244500730473612,-0.5075684120457,0.0390516973246561,-0.415834356536794,0.0251702537418857
-0.5,0,-0.451645942561121,0.0233897267813216,-0.440620444306359,0.0334028381796827,-0.368104105840041,0.0239561589283583
-0.5,0,-0.489114816929028,0.0238523284931541,-0.463392645603091,0.0392130540461398,-0.372547771885952,0.0247327681719372
-0.5,0,-0.479762231622401,0.0227804427073943,-0.494094341161902,0.0381305287025151,-0.38020628088729,0.0237299763339342
-0.5,0,-0.490916658614004,0.0242076786345873,-0.521151981552385,0.0387567802134544,-0.420065922299129,0.0248811641785449
-0.5,0,-0.492556622264829,0.0244769774000037,-0.499556783126229,0.0363578079774238,-0.413467082717484,0.0251638457583382
-0.5,0,-0.513091300101964,0.0243220617880338,-0.518521945990415,0.0399191230980948,-0.410110596479418,0.025310697488369
-0.5,0,-0.50290311216402,0.0243439404462963,-0.499042350085717,0.0388078552567311,-0.416077781025111,0.0251684478512395
-0.5,0,-0.499183037682046,0.0238897060495571,-0.507559545434483,0.0410560727164898,-0.3908864600496,0.0248426128090614
-0.5,0,-0.534837126941599,0.0261144911261561,-0.515770464210685,0.0385326221906922,-0.429951158894831,0.0269848812992177
-0.5,0,-0.50057940841224,0.0238305229864706,-0.544681801571046,0.0474307165279915,-0.399151958405929,0.0247850708608037
-0.5,0,-0.529990625667594,0.0251835704391336,-0.520127096019965,0.0403990444703415,-0.41536865002903,0.0262127913598713
-0.5,0,-0.499814984943665,0.0224903069244694,-0.505244574228596,0.0415246025040618,-0.397664490152108,0.0237010458319908
-0.5,0,-0.513664991910317,0.024685157687181,-0.527958948057284,0.0373402455686677,-0.420505008996071,0.0255738629308719
-0.5,0,-0.492147164310148,0.0245608202406887,-0.529770259454155,0.0404061014513596,-0.409227073025561,0.0252473514229873
-0.5,0,-0.455732346337021,0.0229699526812732,-0.450618685039809,0.0343068121389198,-0.371551028013151,0.0236306987616293
-0.5,0,-0.486025036138337,0.0236100868236181,-0.454890481169507,0.0363099373611787,-0.384307116868614,0.024470867448759
-0.5,0,-0.504076963095077,0.0252243501917055,-0.578963913958907,0.0474620237075005,-0.411590418165802,0.0259333784774682
-0.5,0,-0.53223154342842,0.0248342605072014,-0.514721718566853,0.0431997338450576,-0.421809848841423,0.025947511285827
-0.5,0,-0.429920691205689,0.0211625920116361,-0.41732198826235,0.0308928768932883,-0.347418562767847,0.0219084330394053
-0.5,0,-0.532711746039453,0.0260426613960109,-0.540550533116619,0.0429797448175845,-0.451915328371137,0.0268204860062955
-0.5,0,-0.510115644787505,0.0250810596423653,-0.489289957162053,0.0382351077384276,-0.408019193485636,0.0258953256762088
-0.5,0,-0.483487028308387,0.0234237518290962,-0.43765120741025,0.0350390017320117,-0.374775186030503,0.0243168916294742
-0.5,0,-0.478193101767031,0.0238718143905506,-0.412704661192392,0.0327758268540804,-0.375847732864302,0.0246163152162138
-0.5,0,-0.497405535405392,0.0247146676273219,-0.483439404313504,0.0362683716863858,-0.427394796021878,0.0253604248974844
-0.5,0,-0.478419185175402,0.0217699492597028,-0.465998853497127,0.0348281699548879,-0.398314631322316,0.0227727330032973
-0.5,0,-0.565898636508543,0.0271111254176334,-0.607848902011554,0.0505300122441329,-0.457669312490953,0.0281277619590481
-0.5,0,-0.515706677395012,0.025701554735275,-0.53322854886357,0.040733508953677,-0.411437296093767,0.0264592320878443
-0.5,0,-0.495076731856035,0.0240767204341843,-0.470620269860836,0.0343989541764115,-0.376483672733432,0.024974829485599
-0.5,0,-0.534388760790593,0.026309410012114,-0.544379510151655,0.0440313660856436,-0.426059931722497,0.0271451722842386
-0.5,0,-0.530268840305146,0.0240924911705779,-0.532650614921217,0.0407408861856428,-0.424510884236913,0.0253168446406931
-0.5,0,-0.506522278223083,0.0249283510988545,-0.567453354831697,0.043871595056208,-0.426299638041045,0.0256605031464712
-0.5,0,-0.503821928427444,0.0232398815498874,-0.544909141811121,0.0377736255232239,-0.443358197808784,0.0240547420296072
-0.5,0,-0.47763501559038,0.0224435696789914,-0.492738712835642,0.0383730111086783,-0.375928568930539,0.0234460236142305
-0.5,0,-0.504214511620686,0.0243275516252794,-0.483542404417538,0.0373247483187485,-0.404960282949532,0.0252161611230328
-0.5,0,-0.512533839677224,0.0246657475828089,-0.524564240692837,0.0406292274455852,-0.4162132899176,0.0255600142387642
-0.5,0,-0.512467202690274,0.0242089438984187,-0.51408457973926,0.040412493391051,-0.404669727549612,0.02523071865764
-0.5,0,-0.543915082502871,0.0269327605395924,-0.527641770162521,0.048962587633974,-0.434762408713158,0.0277481759628453
-0.5,0,-0.549761808031261,0.0261795000692913,-0.531094784008735,0.038956630169432,-0.442116929331002,0.0272019578640136
-0.5,0,-0.524449462848262,0.0256307444657444,-0.540026143835931,0.045266543170319,-0.427552124140917,0.0264661141593514
-0.5,0,-0.517447770141109,0.0233876522673698,-0.489530165270848,0.0373805098260086,-0.414973628517065,0.024601466042148
-0.5,0,-0.512741581423047,0.0243274383744608,-0.512283986310144,0.0369296870672246,-0.430137740198459,0.0252165434841304
-0.5,0,-0.504573103398314,0.025211828051091,-0.488611194206209,0.0409661955585629,-0.388150074803274,0.0259714096260712
-0.5,0,-0.506023415444118,0.0246152188895251,-0.516049446518473,0.0364924604879992,-0.394625080237526,0.025500755774535
-0.5,0,-0.49464565055501,0.0248454882482276,-0.46854196012215,0.0353166094589908,-0.384615176493885,0.025572824928335
-0.5,0,-0.525214616196469,0.024350276744076,-0.547432796839235,0.0428759501169015,-0.420254035781876,0.0254650184962991
-0.5,0,-0.482700168731442,0.0228393085390289,-0.491500092180129,0.0382804856059066,-0.392465754823834,0.0237613538481376
-0.5,0,-0.474837114943752,0.0229346301324868,-0.468242567071528,0.0362827290406895,-0.36281710576863,0.0238506905783
-0.5,0,-0.5020616600834,0.023143331860949,-0.491452944831171,0.0357724229390832,-0.416805613968894,0.0241525078202413
-0.5,0,-0.452122946616075,0.0218873078167907,-0.465007538988559,0.0372507542248679,-0.367406422752086,0.0226928093675224
-0.5,0,-0.49536257945007,0.0228934113383468,-0.461180293156774,0.0356959278453119,-0.392292821025248,0.0239845740199213
-0.5,0,-0.497205249901963,0.0246497252744137,-0.499378706761918,0.0408454677180256,-0.383484607166083,0.0254449776404052
-0.5,0,-0.509565212579752,0.024665302692202,-0.50984302622479,0.037720151174935,-0.41055169638279,0.0255415029000615
-0.5,0,-0.512201216169801,0.0246303738161085,-0.515954819100569,0.0431327925259562,-0.399346127428253,0.0255793200137488
-0.5,0,-0.471609455714135,0.0225847430409696,-0.460479577806783,0.0339823725005867,-0.375724911517779,0.0234821029620779
-0.5,0,-0.51611589894362,0.0243876594420971,-0.521401557839251,0.0426566813423121,-0.410479495748034,0.0254036945602812
-0.5,0,-0.495881559503876,0.02458527971097,-0.478057825280051,0.0373737571290504,-0.393084056554667,0.0253596712316918
-0.5,0,-0.488067430010004,0.0231088386873115,-0.460805839611174,0.0345296434533571,-0.390744781570602,0.0240639616514281
-0.5,0,-0.528523677870073,0.0255563827182785,-0.51262488367789,0.0411904177036937,-0.42985901953986,0.0264499708618
-0.5,0,-0.50831076841014,0.0238236387693563,-0.542824355081021,0.0442136233065914,-0.402121474329428,0.0248738516993355
-0.5,0,-0.535927373337579,0.0264249612193637,-0.550267101572526,0.0595810368024557,-0.411711231087422,0.0272721763521659
-0.5,0,-0.466173967331439,0.0223409281499839,-0.427449713942791,0.0334038934673961,-0.370059360892557,0.0232359367010378
-0.5,0,-0.509864869320996,0.0245462929153665,-0.515838428730182,0.0398739623330347,-0.402051480317186,0.0254750558147574
-0.5,0,-0.473300785607169,0.0249625200052344,-0.440123267165539,0.0350867261978613,-0.362852963175494,0.0254757512761922
-0.5,0,-0.48594627759882,0.024767050827336,-0.488425621678787,0.0393316988231098,-0.398982310560879,0.0253864772742017
-0.5,0,-0.533408574270923,0.0252590448790939,-0.537416294284104,0.0410426273238928,-0.439240554040498,0.0262360384366382
-0.5,0,-0.485374528812797,0.0234949662084706,-0.448796103101384,0.0358184745894057,-0.362300022217862,0.0244238435107686
-0.5,0,-0.492344196039463,0.0250437154392294,-0.465277627402103,0.0382570886620708,-0.378700774894835,0.0257148562549889
-0.5,0,-0.475420377322755,0.0232052965348267,-0.532479034685779,0.0477424472133123,-0.368601677396193,0.0240599750381525
-0.5,0,-0.513342505812848,0.024452116049595,-0.48843803000486,0.0407883369625353,-0.403265863284658,0.0254414624656415
-0.5,0,-0.504775246028593,0.0242450933933974,-0.521027302141351,0.0429993615334244,-0.407052708511923,0.025148422153313
-0.5,0,-0.50323550272917,0.0252182007705576,-0.475955939747084,0.0372219976741149,-0.413188641854417,0.025914153513101
-0.5,0,-0.46588037587983,0.0222059738482755,-0.455889672875112,0.0351223197365157,-0.380728915909985,0.0230690065968471
-0.5,0,-0.493225078376674,0.0245341311746593,-0.464262840609095,0.0350550673437488,-0.397935264087768,0.0252746639124646
-0.5,0,-0.513467109341708,0.0243160397281723,-0.499426852959787,0.0365355631370752,-0.405032592155381,0.0253288314665783
-0.5,0,-0.551260484287068,0.0247829863924395,-0.558402261013417,0.0438930784731033,-0.410109717815133,0.0262293304492303
-0.5,0,-0.516459740592015,0.0248469140257053,-0.533132045323895,0.0371343396759021,-0.43068086673464,0.0257000221207225
-0.5,0,-0.483645737792335,0.0242892999013588,-0.469984877094218,0.035660664378666,-0.375197634330779,0.0250174810726791
-0.5,0,-0.489252361338166,0.0245877084598723,-0.497689877995065,0.0417931713008433,-0.404291092732218,0.0252547882214884
-0.5,0,-0.482434246734175,0.0235366471590086,-0.462592606416629,0.0342143456204312,-0.386537333526562,0.0243591970454373
-0.5,0,-0.530281232013208,0.0269598539583009,-0.509260077380096,0.0376232887465812,-0.417070573558193,0.027632496493954
-0.5,0,-0.485084530964641,0.0246467740639527,-0.48536856165266,0.0426867236085982,-0.372522077095363,0.0253254046397707
-0.5,0,-0.521529980246759,0.0261475275089719,-0.557026163779732,0.0435082244095462,-0.411051473867731,0.0268870690386071
-0.5,0,-0.499686231725056,0.0231919028032199,-0.527796195798288,0.0435061624905947,-0.391865491359661,0.0242875970240976
-0.5,0,-0.49917049114699,0.0246606191152846,-0.501645613796863,0.0451016018298407,-0.370142839472735,0.025488614308769
-0.5,0,-0.500764955940195,0.023800547745835,-0.525924414886109,0.0398055091024347,-0.39894272078987,0.0247640351914611
-0.5,0,-0.495457631255264,0.0245030587089618,-0.452523324683277,0.038529392243266,-0.366779240980189,0.0253257668430414
-0.5,0,-0.464533726490245,0.0224682116199563,-0.405245830976416,0.0325931356260097,-0.352712797807192,0.0233791691891342
-0.5,0,-0.548667952808497,0.0259999853064374,-0.574740135686531,0.0474110789669095,-0.428982573663694,0.0270792394538241
-0.5,0,-0.477174819817777,0.0220779391463517,-0.459551030618684,0.0327670282016422,-0.375772001839233,0.023144816858022
-0.5,0,-0.4748273571843,0.0221688657137276,-0.466784724860831,0.0330350050675235,-0.383565721199752,0.0231454921880932
-0.5,0,-0.559464810732413,0.0267748957982112,-0.576592721880466,0.0530909330640646,-0.416587304920761,0.0278337079627196
-0.5,0,-0.512215616457576,0.0254722464020497,-0.485179247949091,0.0360225602665722,-0.414055792171099,0.0262255973161971
-0.5,0,-0.509598800962624,0.024496495925174,-0.504228016262295,0.0374360262584668,-0.416399204151227,0.0253813818893624
-0.5,0,-0.472068830227261,0.0224447984233463,-0.458876898459866,0.0415129192838051,-0.365953878347559,0.0234126427544221
-0.5,0,-0.533740358131674,0.024240052871591,-0.535209050909203,0.0400498455606022,-0.44275879632505,0.0253870210806067
-0.5,0,-0.501124607789048,0.0248935923435921,-0.474383797288026,0.0369946652586212,-0.37700711192965,0.02568940363097
-0.5,0,-0.50827158363777,0.0252678627228948,-0.514361550825656,0.04379650681953,-0.419862979616973,0.0259929834988125
-0.5,0,-0.512705707554198,0.0250434253851035,-0.523699556584464,0.0373122537750066,-0.433134383655822,0.0258042875795585
-0.5,0,-0.501128109984049,0.0244354344890163,-0.450421466871413,0.0345250642148468,-0.387671773246671,0.0253119921210203
-0.5,0,-0.500641148924991,0.0247238947749233,-0.480188351604031,0.0391196341134113,-0.389088266077653,0.0255348088431615
-0.5,0,-0.507969058248993,0.0258372345884233,-0.476731921867418,0.0373601635329785,-0.417616189669215,0.026472946848565
-0.5,0,-0.478939724510704,0.0237618139596565,-0.480943986883387,0.0368715922834009,-0.380574506981393,0.0245223067645639
-0.5,0,-0.494643304496622,0.0235243324475148,-0.474675428199473,0.033841396000879,-0.400142881720389,0.0244514664662777
-0.5,0,-0.524424796347882,0.0251750561251442,-0.49553252309631,0.0386643727539131,-0.406043447627497,0.0261535392090173
-0.5,0,-0.48810521575628,0.0223170042637287,-0.478034832440392,0.0353816163025559,-0.384957391606368,0.0234508420899337
-0.5,0,-0.495892482673091,0.0226034111156117,-0.457695993215815,0.0326972700816984,-0.378969482708384,0.0238193669601945
-0.5,0,-0.492640420318522,0.0231472962076508,-0.50367825309096,0.0389531504836635,-0.403579596955646,0.0240960442390388
-0.5,0,-0.511362968444226,0.0245452271138568,-0.506656044246231,0.0392031725431833,-0.410629355536941,0.0254665967626563
-0.5,0,-0.562043785317806,0.0273483872929502,-0.576581860854035,0.045479866653805,-0.449763969776235,0.0282836882390357
-0.5,0,-0.485476914604768,0.0231176413511007,-0.516630960336123,0.0360395445406687,-0.40723263495415,0.0239507860076562
-0.5,0,-0.500778043751121,0.0257677727905976,-0.482979201759363,0.0427425255634692,-0.371401014813369,0.0263745521735582
-0.5,0,-0.533883130901908,0.0263135038286756,-0.500021050564762,0.0430379261474413,-0.395445008106071,0.0271618445112161
-0.5,0,-0.49732370303336,0.0227363336950444,-0.520777744724917,0.0423550172797384,-0.384076375589861,0.0239242576294077
-0.5,0,-0.496867613904198,0.0228652932921519,-0.472396057005297,0.0348946554781215,-0.398261474286705,0.023954544210236
-0.5,0,-0.512731336267581,0.0245752624431578,-0.496073383030353,0.037527289337303,-0.393395369646401,0.0255555756144115
-0.5,0,-0.521276534964991,0.0243149730877953,-0.559044443091684,0.0449084338220108,-0.431391962284641,0.0253228793876244
-0.5,0,-0.461883360342249,0.0228085951150571,-0.461487984521654,0.0326848910978218,-0.379904114235455,0.0235301392285863
-0.5,0,-0.520198529675365,0.0262305756960842,-0.632831137789622,0.060612597719094,-0.442318559300901,0.0268671934144682
-0.5,0,-0.53322518992684,0.0257124330594568,-0.481656969167658,0.0365465983603856,-0.41344535083197,0.0266768912282049
-0.5,0,-0.492693676163976,0.023282253339895,-0.464852319601708,0.0371542515428187,-0.375201914979685,0.0243200582323992
-0.5,0,-0.52437509986693,0.0242773380396927,-0.52812563515322,0.0379656831801123,-0.429025562770829,0.0253513680385894
-0.5,0,-0.504652309385495,0.0234438701574529,-0.573353634339915,0.0492909438620791,-0.401447173413954,0.0245197782242995
-0.5,0,-0.535535959241204,0.0258346325039769,-0.493564654708658,0.0376714897465245,-0.420894761726777,0.0267896397413821
-0.5,0,-0.49410583282073,0.0235951572840173,-0.531637601280938,0.0384984936871444,-0.401700937668106,0.0244955991856222
-0.5,0,-0.514402080576463,0.024399598779773,-0.469110933449137,0.0377345623302539,-0.381715240837196,0.0254598330876936
-0.5,0,-0.495013897477607,0.0235001806861621,-0.494076512507134,0.0361683492834669,-0.403939447521624,0.0244189588054017
-0.5,0,-0.464620354358576,0.0223802149876787,-0.46913426202147,0.0353399832237252,-0.376570466343807,0.0232192102689939
-0.5,0,-0.502052530348585,0.0225142198423792,-0.524423428230488,0.0392900216916503,-0.407099025235735,0.0236990617805767
-0.5,0,-0.54681614033473,0.0265470513372773,-0.588697010318162,0.0468593247779113,-0.437647572313483,0.02746882212183
-0.5,0,-0.51630426705311,0.0247148151243021,-0.496360837266888,0.0377203786447969,-0.385381369280243,0.0257224070632296
-0.5,0,-0.496664034806029,0.0248381581008444,-0.486137271160406,0.0369229759577033,-0.399521551769105,0.025560915855136
-0.5,0,-0.489032752256463,0.0232844270849627,-0.485182573458384,0.0355679488010397,-0.392566544072978,0.0242126306264788
-0.5,0,-0.478863593551996,0.0238063502204798,-0.503010237389613,0.0399780963305714,-0.370547549195709,0.0245817950743401
-0.5,0,-0.537987921410837,0.0256007626202441,-0.525306651636568,0.048602045592075,-0.432564237694006,0.0266043798951583
-0.5,0,-0.493626320994358,0.0234545010619696,-0.493254446478379,0.0388469127221325,-0.379061588011654,0.0244577249687405
-0.5,0,-0.504753286719519,0.0239587019501685,-0.507879936601994,0.043040671576079,-0.420303712916235,0.0248502581476368
-0.5,0,-0.500062151669543,0.0232825336288216,-0.46661427402553,0.0355411844155568,-0.39323429200447,0.0243597463596421
-0.5,0,-0.49597084025835,0.0219727296159294,-0.474959937216833,0.0346989648018662,-0.398506428748318,0.0232189239830402
-0.5,0,-0.509333315039829,0.0241221798964051,-0.52784292561409,0.0427828450928032,-0.404210954089746,0.0251199488324713
-0.5,0,-0.463693609785666,0.0229842567743378,-0.446845733232841,0.037031211772155,-0.377232679277658,0.0237109197955717
-0.5,0,-0.459803110515819,0.0227073256352329,-0.47032332980896,0.03563344008215,-0.370867746663207,0.0234582617310341
-0.5,0,-0.4875644718319,0.0231925719678666,-0.474637979266021,0.033769430045578,-0.385470767865214,0.0241470252042047
-0.5,0,-0.483610176280187,0.0228857537141754,-0.474835941393423,0.0328429049042833,-0.400212804083836,0.0237707820008895
-0.5,0,-0.482361687674434,0.0233725935102749,-0.476448894851117,0.0425037303600244,-0.350112668155308,0.0243093980302446
-0.5,0,-0.522746868733967,0.0252605055162552,-0.553366080745948,0.0431447648537798,-0.42515798484259,0.0261485363894555
-0.5,0,-0.457718031102693,0.0222258088146135,-0.453207473706345,0.0351582116502987,-0.364779009908898,0.0230568776801729
-0.5,0,-0.489728547199377,0.023444276834312,-0.49841642036554,0.0391612906478632,-0.391976849632409,0.0243550641684771
-0.5,0,-0.473373336634984,0.0237090859113105,-0.452803860459436,0.0350926469906564,-0.368292529740087,0.0244468241273292
-0.5,0,-0.524604225068286,0.0241217362872141,-0.463700250602703,0.035230994265606,-0.415874289941277,0.0252925172970586
-0.5,0,-0.439802587839411,0.0223253074197039,-0.419371134044905,0.0322480484705903,-0.35496207780311,0.0229728200036576
-0.5,0,-0.526442712036867,0.0249358443111279,-0.52704633768209,0.0444670239930106,-0.417479154457723,0.0259612790201561
-0.5,0,-0.511442777697598,0.0241598050734596,-0.509452542637261,0.0360388760720513,-0.39885459843773,0.0251964078177383
-0.5,0,-0.514946897083784,0.0230640925046832,-0.497009896165292,0.0369485550365551,-0.395572478537988,0.024400574062426
-0.5,0,-0.504180270663181,0.0242461184883417,-0.499129958906118,0.0379187866962011,-0.408732096912012,0.0251349999598694
-0.5,0,-0.51197384341668,0.0247150064735122,-0.491657528401006,0.0392540890194639,-0.411873042514932,0.0256085538016807
-0.5,0,-0.51334351335617,0.0242654610859225,-0.499056098432137,0.0406299893557463,-0.390451075740003,0.025326914328579
-0.5,0,-0.526784471162023,0.0254093080224305,-0.546521602365347,0.0438394995097128,-0.420063227003048,0.0263379330667457
-0.5,0,-0.477984304634069,0.0226877302434097,-0.471492225066897,0.0350237630794016,-0.375502080515058,0.0236501767212524
-0.5,0,-0.466813836605049,0.0224608933728169,-0.491993773030626,0.0370209919592353,-0.379095137171933,0.0233025282487724
-0.5,0,-0.487050691421282,0.0242952327328128,-0.494186111813132,0.0400872691617087,-0.3907674899154,0.0250265600418632
-0.5,0,-0.532970720591203,0.0254783469821904,-0.522008825511315,0.0393601010293659,-0.431808055463,0.0264391270053524
-0.5,0,-0.514375423442721,0.0243889154114257,-0.502480964408016,0.0373665534157623,-0.428148569498514,0.0253019114569648
-0.5,0,-0.538131544051417,0.0267572719080808,-0.505129701217587,0.0409407873547193,-0.40955628383314,0.0275583611965518
-0.5,0,-0.539656621222732,0.0266185654317544,-0.558437845539408,0.0448711252988034,-0.426520351457026,0.027456462225231
-0.5,0,-0.518630006994149,0.0237675141805473,-0.508235466468663,0.038743812017656,-0.417804168166043,0.0249096667962811
-0.5,0,-0.527167058815137,0.0240184597506065,-0.566668992530105,0.0444042739486401,-0.439541669322196,0.0251197175772973
-0.5,0,-0.469891457895132,0.0224996754901788,-0.471965774108815,0.0374235831535777,-0.374342580351914,0.0233959317529358
-0.5,0,-0.511086482761618,0.0240921172250282,-0.537748912635183,0.0520953805501645,-0.37987749725978,0.0251828683235338
-0.5,0,-0.486670896268933,0.0232899132969901,-0.506898380836441,0.0392222683027996,-0.404112155435184,0.0241300573281544
-0.5,0,-0.442416141406836,0.0212058579640451,-0.480893849947834,0.0378885643747148,-0.36644319974356,0.0219966434207888
-0.5,0,-0.49769325480393,0.024482929434932,-0.526957170153492,0.0383134863171923,-0.423132484546273,0.0251860713396235
-0.5,0,-0.512189939768245,0.0239899550951321,-0.515045035340878,0.0366527822899096,-0.410509816073124,0.0250282456186552
-0.5,0,-0.484294705943629,0.0238156070454858,-0.488480012182817,0.0379484479576017,-0.386268321647874,0.0246121185743692
-0.5,0,-0.523662054617002,0.0250363395935769,-0.506420890683653,0.0404416975887408,-0.422063374500688,0.0259888826319237
-0.5,0,-0.591944744647115,0.0274076133144529,-0.509542698017635,0.039747008058838,-0.476796402778308,0.0286940158935581
-0.5,0,-0.473554068993167,0.0245081517513165,-0.495003812506976,0.044922577508871,-0.397692137947226,0.0250424222675413
-0.5,0,-0.514799952950849,0.0239152808933459,-0.499679207577724,0.0385603895321651,-0.404372557911957,0.0250304711588995
-0.5,0,-0.50644212886152,0.0252654324462557,-0.493762286643804,0.0371158884005095,-0.408063144708841,0.0260033450672753
-0.5,0,-0.536737121580916,0.0262966736001566,-0.524349915359494,0.0450705574315797,-0.427351013784385,0.0271612940590524
-0.5,0,-0.470062170868708,0.0231967729964706,-0.518911144050221,0.0384486288531184,-0.406138949814267,0.0238248028339499
-0.5,0,-0.519703641120002,0.0253186156350497,-0.516712888282473,0.0400681031757959,-0.424128977825493,0.0261606116954262
-0.5,0,-0.489378505610154,0.0228919198630296,-0.501608554889804,0.0374846516755943,-0.383156782795328,0.023938202536484
-0.5,0,-0.515835679019186,0.0243573070928168,-0.493388724713369,0.0396556521799176,-0.390579631311705,0.0254313563081161
-0.5,0,-0.512063331322548,0.0262173854966521,-0.554028797274542,0.0422866752333442,-0.413233601448571,0.0268403099187566
-0.5,0,-0.470306324043521,0.0234167156922084,-0.484209850192718,0.0366893200407057,-0.398809641233014,0.024059983875924
-0.5,0,-0.486410684790142,0.0244439664990932,-0.451200359309172,0.0335301871747536,-0.373387893353424,0.0251746667365369
-0.5,0,-0.51273598700257,0.0243651959537003,-0.522455421957997,0.0414237098560031,-0.40573871593413,0.025356015026741
-0.5,0,-0.489833752389387,0.0243173807665199,-0.430192006594671,0.0349805152610547,-0.368728376021506,0.0251157688141626
-0.5,0,-0.519255189531051,0.0256750939291037,-0.519877473739171,0.0407493142324842,-0.423687352571834,0.0264503865721206
-0.5,0,-0.491560875684679,0.0241487857355553,-0.486923355384351,0.0366212651691751,-0.396749087475718,0.0249399891104161
-0.5,0,-0.476976538092399,0.0234933593459733,-0.478122856510962,0.0390348917852475,-0.357241865851502,0.0243327534097595
-0.5,0,-0.532858525661774,0.0242363342452318,-0.554228673008683,0.0390986391217893,-0.438306639545517,0.0253977290302267
-0.5,0,-0.518183880263052,0.0246926659504769,-0.573488550686033,0.0547174056205887,-0.414681190071769,0.0256627349613517
-0.5,0,-0.517173176846766,0.0255071609301559,-0.540115471603959,0.0397121540858983,-0.410003030786645,0.0263212093636956
-0.5,0,-0.484104271380125,0.0236178983344039,-0.483033452096844,0.0371018292125987,-0.383230786408114,0.0244571730304585
-0.5,0,-0.489859059309235,0.0226936297126323,-0.467990796354135,0.0346754085735852,-0.390088364480973,0.0237544455737878
-0.5,0,-0.512732050572446,0.0241378956684088,-0.500448621316482,0.038222047842408,-0.381234289469329,0.0252376202421099
-0.5,0,-0.49868846499918,0.0238816255451616,-0.487545862655629,0.0355179128325286,-0.412712784448442,0.0247425116896435
-0.5,0,-0.516503995365575,0.0257401138056298,-0.556120717662991,0.0450484397121129,-0.430814108808041,0.0264493459153275
-0.5,0,-0.493338518990683,0.0243761232395933,-0.471809164664501,0.0381143070499879,-0.391774746353074,0.0251625033970174
-0.5,0,-0.487172456338792,0.0246971925253207,-0.492455781916842,0.0438069756174535,-0.368321603456506,0.0253902311300703
-0.5,0,-0.440534998967262,0.0220848316551685,-0.425122097709184,0.0357198797715068,-0.347668912443591,0.0228039463744226
-0.5,0,-0.506728189997634,0.024610734631521,-0.514249463295462,0.0373052105405302,-0.413989420919255,0.0254481080941612
-0.5,0,-0.536502656740168,0.0249370551051142,-0.55419275333877,0.0401460664255189,-0.433081243566067,0.0260475980800711
-0.5,0,-0.542926585036888,0.02537122283391,-0.518493457068074,0.0383553506057526,-0.435330791307548,0.0264811858589373
-0.5,0,-0.478317985083196,0.0242296201616171,-0.490580689795442,0.0361477401852923,-0.412505857685279,0.0247909307755707
-0.5,0,-0.533396522017335,0.0262630505398643,-0.520915527420732,0.0452253599420733,-0.439961213165274,0.0270604484666064
-0.5,0,-0.541915336375706,0.0267776165593983,-0.545908298570679,0.0411605703284853,-0.426415555329326,0.0276106817852286
-0.5,0,-0.47198366644587,0.0237673074526578,-0.478662779276303,0.0377405430786581,-0.386716283282262,0.0244297783385281
-0.5,0,-0.44882276043854,0.0223997170654971,-0.453573380785242,0.0345887186811098,-0.371421233620307,0.023068271956844
-0.5,0,-0.500777837476607,0.0237481816457684,-0.505897209650052,0.0357449758225312,-0.397556674992982,0.0247270633539373
-0.5,0,-0.500684230338143,0.0240511749430191,-0.521577800708263,0.0414412775052964,-0.402936583574932,0.0249519211705141
-0.5,0,-0.500555371180299,0.0239838536957557,-0.497828131332882,0.0390268146957625,-0.391730779066619,0.0249333518971987
-0.5,0,-0.494750087688027,0.0237858915083063,-0.514752672957051,0.0408826365443224,-0.405192560645875,0.0246462812798957
-0.5,0,-0.498508961689281,0.0244241569241964,-0.469596972746681,0.0374808805653928,-0.413034322813445,0.0251931554745635
-0.5,0,-0.511813673749382,0.0261437121314195,-0.538296484962855,0.0503914761029264,-0.400449297923946,0.026788968095751
-0.5,0,-0.471946537267398,0.0220601797440312,-0.47597746025841,0.0356878888756529,-0.392530967946973,0.0229600870357472
-0.5,0,-0.512550758125913,0.0248367050526818,-0.523185842567191,0.05002279637882,-0.403827299355777,0.0257379014019477
-0.5,0,-0.480330731410014,0.0257332838325921,-0.493517200929826,0.0374170319216358,-0.403691918113316,0.0261489142092693
-0.5,0,-0.463615040056035,0.0225511742309926,-0.464894652347607,0.0361105569290471,-0.36719496181035,0.0233882922240835
-0.5,0,-0.532302376838999,0.0256807831956968,-0.562308602391531,0.04197315716364,-0.442488994342652,0.0265541961251658
-0.5,0,-0.539081544342021,0.0265324543362419,-0.511242890541573,0.0388634728159364,-0.415905157832175,0.0273916734317968
-0.5,0,-0.52286485991892,0.0254036049992528,-0.5142213218911,0.0412601360128674,-0.429773659883012,0.0262510879249812
-0.5,0,-0.496526394152307,0.0235533721862032,-0.502750387019949,0.0346712140909061,-0.418698599972757,0.0244034555929956
-0.5,0,-0.495461524208276,0.0254902097157241,-0.477491716656639,0.0375499397801551,-0.390018596908618,0.026100267209019
-0.5,0,-0.518837281507289,0.0237795522793053,-0.524568086983482,0.0385831985447382,-0.418822012017026,0.0249172827223471
-0.5,0,-0.492402401678381,0.0239749369188023,-0.415464669547619,0.0327762428134789,-0.386328107382623,0.0248392500232021
-0.5,0,-0.481035354075428,0.0241460065532973,-0.514998008452253,0.0418453959238058,-0.401625214785546,0.0247972233932006
-0.5,0,-0.520027004992634,0.02494700095492,-0.506400046704456,0.0401162890533399,-0.412884941360749,0.0258980287042958
-0.5,0,-0.540072513571876,0.0243555112923961,-0.621013600030707,0.0531966585525369,-0.422127985155635,0.0256900418768595
-0.5,0,-0.474608830254522,0.0232211414746847,-0.459812929615411,0.0354738255945,-0.381969836838897,0.0240199045029426
-0.5,0,-0.487559319977458,0.0228565630631876,-0.461611664928146,0.0333811326646062,-0.382562542872489,0.0238871361545455
-0.5,0,-0.519357547982944,0.0234695168214613,-0.524304180965604,0.0392139149241487,-0.424592385610629,0.0246417843842403
-0.5,0,-0.518045253716518,0.0245594916216806,-0.457324287501335,0.033370748820571,-0.401859765030863,0.0255933950019023
-0.5,0,-0.479452210500038,0.0239284082978332,-0.545462561408635,0.04479125008067,-0.384042564877129,0.0246559646733436
-0.5,0,-0.478465924987793,0.023905089588654,-0.493798311776869,0.0381637338466826,-0.416922879244237,0.0244839802486986
-0.5,0,-0.51112681106982,0.0265719996577342,-0.517849236540834,0.0456033117042229,-0.406614523695884,0.0271289728663723
-0.5,0,-0.528902236803661,0.0259768361759784,-0.589898307578273,0.0479204621350507,-0.429008918723625,0.0268011664063746
-0.5,0,-0.516792873902925,0.0250903731597333,-0.501470973811143,0.0343651541695692,-0.42037454098256,0.025948695552211
-0.5,0,-0.518953113855487,0.0261587529339647,-0.528785315361195,0.0437646308623723,-0.418051474470544,0.0268579917128021
-0.5,0,-0.457027617085381,0.0233865609045346,-0.425310928528847,0.0329796113000188,-0.358830756373652,0.024029977801164
-0.5,0,-0.481343847126358,0.0223647424136911,-0.491680407128573,0.0355215126534218,-0.379443858660653,0.0234179869770517
-0.5,0,-0.513346082349883,0.0232589808600136,-0.51348175737119,0.0408469076181701,-0.406972637210115,0.024476191995426
-0.5,0,-0.508433744614169,0.0250448279572103,-0.54512712926852,0.0431657665355101,-0.415987278075601,0.0258218798142424
-0.5,0,-0.500793458760922,0.0235336632271013,-0.473789856980516,0.0332685496913395,-0.395050627202526,0.0245640034781752
-0.5,0,-0.504799316071009,0.0232771950941996,-0.466957753434589,0.0378020735077214,-0.4220620044865,0.0242710473963671
-0.5,0,-0.453593187106641,0.0221575087988951,-0.434409103738903,0.034382154879692,-0.34558926748096,0.0230186271116634
-0.5,0,-0.485180173553618,0.0232269714667557,-0.464555192901933,0.0344302137161173,-0.387869140928906,0.0241343855641965
-0.5,0,-0.467278274409432,0.0217689720391998,-0.44453452922876,0.0321282267481942,-0.369623942590709,0.0227850499788761
-0.5,0,-0.526150606876463,0.0254430333999987,-0.526594324923588,0.0444458839534395,-0.421787982067754,0.0263520947164448
-0.5,0,-0.505193284152113,0.0234803230440318,-0.513869248139536,0.0376917213254495,-0.407226528584168,0.0245300552739441
-0.5,0,-0.502888175125772,0.0241985283897804,-0.488947999881097,0.03781652746851,-0.39489690141229,0.0251264835601082
-0.5,0,-0.539141912923544,0.0275029522040992,-0.5348382498769,0.0433768217623814,-0.434036634913191,0.028157676525793
-0.5,0,-0.533175581730161,0.0247188911765626,-0.532885085468414,0.0390654889357551,-0.429128213802779,0.0258401512966254
-0.5,0,-0.49681661708676,0.0239775886255296,-0.525627670290015,0.0406085139581621,-0.406343148517759,0.0248272945815775
-0.5,0,-0.464897290535826,0.0222271559178484,-0.469519995583522,0.0380415037221338,-0.3564079823925,0.0231789580473433
-0.5,0,-0.506943632350517,0.0241742684578872,-0.506366507934312,0.0373634117750994,-0.399454946822471,0.0251458955571154
-0.5,0,-0.504514434901291,0.0251668588848419,-0.537312821628085,0.0404333396423454,-0.417930032841001,0.0258707872349376
-0.5,0,-0.502166754175681,0.0248397653731908,-0.508501606297134,0.0412888529730238,-0.413046673516075,0.0255857810980101
-0.5,0,-0.508181901875581,0.0252009171112837,-0.523724414612569,0.0396334043862893,-0.424394200339351,0.0259193338494159
-0.5,0,-0.558503620366885,0.0275544366996034,-0.544689871302014,0.0401090811038984,-0.450631571702974,0.0284021869680931
-0.5,0,-0.46527995044826,0.0228835755801288,-0.457820712466609,0.0349034818504422,-0.384668753128343,0.0236124794218612
-0.5,0,-0.502473625021349,0.0257238709933947,-0.528475310758373,0.0450377052927283,-0.40882995870488,0.0263387848969068
-0.5,0,-0.476645280138276,0.0231905779677127,-0.578678290237942,0.049457002359229,-0.406082283922235,0.0239026794849156
-0.5,0,-0.500643409630573,0.0236098924114136,-0.463927796699398,0.0370476204110419,-0.381559891198032,0.0246660294926329
-0.5,0,-0.490609138754434,0.0239129836373461,-0.461681002502325,0.0368285178843883,-0.385667133764924,0.0247690792032365
-0.5,0,-0.475751059566274,0.022449749884454,-0.524410720872057,0.042543891678879,-0.376516918022083,0.0234229510538153
-0.5,0,-0.510434509365191,0.0231707263411366,-0.560934793895706,0.0594913629569264,-0.393017373273036,0.0244241674398325
-0.5,0,-0.48839048350519,0.0242871114102696,-0.470002444965064,0.0360502964764868,-0.368423161132026,0.0250761583294817
-0.5,0,-0.50830199326473,0.0243242136381545,-0.518776127863289,0.0368401030442128,-0.42975849410801,0.0251540511846722
-0.5,0,-0.508108385086915,0.0254321319366065,-0.548412765112162,0.0454705082945695,-0.388135559835504,0.0261856279882767
-0.5,0,-0.511375092859566,0.0243673103160967,-0.47802059207568,0.0353676260466399,-0.392132637747456,0.0253770715822255
-0.5,0,-0.510445545870989,0.0239477514971301,-0.514097594291541,0.0386379325981367,-0.419022764535494,0.0249285921305421
-0.5,0,-0.499077229031876,0.0241039217103619,-0.52193039095727,0.0384741793021599,-0.394979099310081,0.0250015307100709
-0.5,0,-0.536926628940882,0.0258240070581892,-0.541630328380894,0.0452685779234838,-0.440770510333156,0.0267418218765044
-0.5,0,-0.510133876595034,0.0231466292179111,-0.513243070037969,0.0409579962254387,-0.403393493281642,0.0243548570760455
-0.5,0,-0.489774689058767,0.0230683831811706,-0.464317881496571,0.0321549358036595,-0.389609315261223,0.0240591785644709
-0.5,0,-0.488471239659892,0.0250832312181562,-0.499251396713885,0.0403307426674421,-0.39428256180156,0.0256884969021094
-0.5,0,-0.521429735487731,0.0242554783167783,-0.502378185004392,0.0413144401911911,-0.40037846215394,0.0254056869752691
-0.5,0,-0.513908906321825,0.025691368347746,-0.511720273187172,0.0423876796567141,-0.402932328003176,0.0264437218352227
-0.5,0,-0.493502872390025,0.024612557537196,-0.453969861649098,0.0341635377169487,-0.396592689087411,0.0253463291247316
-0.5,0,-0.523763262498819,0.0271329234677059,-0.51363889630167,0.0441771887668672,-0.411692893707129,0.0277069741924205
-0.5,0,-0.500164600370639,0.0236649694903555,-0.550957777840965,0.0457386567957133,-0.405868886213766,0.0246161092143256
-0.5,0,-0.506605085562689,0.0251984866532404,-0.557527275264603,0.0491519864218566,-0.415576879052647,0.0259292634088278
-0.5,0,-0.499019586405574,0.0249650716744851,-0.559761413412362,0.0503747377393818,-0.414259081620083,0.0256499737299577
-0.5,0,-0.483851523845719,0.0228736241884669,-0.491828838422048,0.0401402257482588,-0.366875719152196,0.0239050680359751
-0.5,0,-0.461325363650137,0.0222261314486503,-0.414110302599203,0.0312956460894691,-0.369490800505067,0.0230818800605338
-0.5,0,-0.517973035473793,0.0242753804790732,-0.503883759202219,0.0391832068089901,-0.407086058988724,0.0253517481668404
-0.5,0,-0.47863934923352,0.0230801330653249,-0.483507598103009,0.0355632805297355,-0.373311675137462,0.0239840356123189
-0.5,0,-0.479626422832655,0.0228330206783682,-0.520832163025796,0.0523655362100269,-0.366600491040777,0.0238189343869994
-0.5,0,-0.4709299972743,0.0215135925180421,-0.464669609728319,0.0353389723950612,-0.366040991799542,0.0226490382886584
-0.5,0,-0.55191842032284,0.0258504811347505,-0.538991877847985,0.0425451895257096,-0.423834677741492,0.027019445184613
-0.5,0,-0.498931000651194,0.0232313543547436,-0.518483301662994,0.0421164356616982,-0.397989950461155,0.0242819734441522
-0.5,0,-0.477600197436418,0.0225548231204395,-0.478624355841747,0.033485078352775,-0.404940113460833,0.0233769924620751
-0.5,0,-0.48072323550145,0.0242315941925533,-0.512845696533887,0.0425106434254828,-0.394903728256814,0.024890602931448
-0.5,0,-0.492521289971534,0.0238080866357482,-0.50437688560316,0.0390887810102784,-0.395510481442045,0.0246755601223975
-0.5,0,-0.483988874234781,0.0247357589361259,-0.528200899078931,0.0378139978967525,-0.404791150687537,0.0253218832087058
-0.5,0,-0.479882546091243,0.0235559323765204,-0.471997938223613,0.0363534547426129,-0.38227877426389,0.0243586889583418
-0.5,0,-0.496372305076826,0.0234844974934578,-0.542247065527312,0.0408310872941648,-0.40052380673728,0.0244405657241152
-0.5,0,-0.544393180639605,0.0262074072777628,-0.532880848646005,0.041991776484118,-0.435012406348788,0.0271710261224241
-0.5,0,-0.486519941664174,0.0226611049395811,-0.462058162397869,0.0379662658072511,-0.394905919981982,0.0236549622323433
-0.5,0,-0.509533471689367,0.02418268368606,-0.516283720694159,0.0429474807382741,-0.404337167595784,0.0251709174771904
-0.5,0,-0.464588807901122,0.0228313873612308,-0.472225440234088,0.0382815335710549,-0.387471850284169,0.0235459889742887
-0.5,0,-0.510745786795118,0.0240457411527018,-0.463263261151384,0.0346775962014054,-0.428833666653149,0.0249593282761849
-0.5,0,-0.513400587242216,0.024632114291759,-0.535271814925234,0.0392264035103188,-0.425413413467593,0.0255046742567118
-0.5,0,-0.494164741285023,0.0239138413526712,-0.479096953758601,0.0369464124646355,-0.394284046311999,0.0247872320645098
-0.5,0,-0.488777251090491,0.0246235056784057,-0.488585513713361,0.0416398675411424,-0.391823193959838,0.0253146547660354
-0.5,0,-0.512886272039315,0.0248970488672538,-0.482934079342347,0.0390304690233495,-0.390211558878042,0.025815880614749
-0.5,0,-0.522070567679763,0.025975921860029,-0.536608746524786,0.0428205562354292,-0.444835884382935,0.0266614855513072
-0.5,0,-0.489708531442054,0.0245831220266577,-0.531416428253048,0.0478861748893441,-0.391215663943094,0.0252928400868383
-0.5,0,-0.49993016374446,0.0229855006150985,-0.498545467763618,0.0372868005508764,-0.400712392777049,0.0240845630362114
-0.5,0,-0.501150749986072,0.0248659481009231,-0.488098456364765,0.0385527292388929,-0.390849139656304,0.0256520411075239
-0.5,0,-0.461547944513085,0.0245374220260972,-0.451741269236335,0.0354398256460691,-0.377649018868212,0.0250052822441186
-0.5,0,-0.535116902793421,0.0255306781070354,-0.51153159921148,0.0393627352476509,-0.423441137337802,0.0265364341263286
-0.5,0,-0.517294497298766,0.0234528631332635,-0.575800194865653,0.0527056573486453,-0.393055319673714,0.0247462378909953
-0.5,0,-0.491788474845315,0.0247695511361994,-0.486382290757624,0.0370831689627076,-0.409245315999511,0.0254201292616795
-0.5,0,-0.49845724806525,0.0229802685886764,-0.585509407261352,0.0486381669912703,-0.426166344383943,0.0238931974465179
-0.5,0,-0.476243223113023,0.0234372821040848,-0.485125307315207,0.0346288470822197,-0.391812786505287,0.024180783840479
-0.5,0,-0.491122998231698,0.0242712163793484,-0.476538090961739,0.0379014389686736,-0.371285089748313,0.0250907238678827
-0.5,0,-0.523306557158514,0.025818551571492,-0.491772580776613,0.0402700594291453,-0.415095973020316,0.0266360134369495
-0.5,0,-0.473974685802553,0.0232817156578169,-0.458277523932814,0.0357153448258965,-0.376092108241564,0.0240829249407559
-0.5,0,-0.491568511297127,0.0226504728128444,-0.523108875240006,0.0390477392071442,-0.403589889340041,0.0236695937132338
-0.5,0,-0.474846728621746,0.0237201165825564,-0.467257020406988,0.0439011480114748,-0.373485017085545,0.0244604554897959
-0.5,0,-0.49321766911735,0.0255139854007396,-0.512437305102944,0.0457189316829561,-0.395224138922145,0.0260925369805032
-0.5,0,-0.507438202870965,0.0234530295379117,-0.517286537098223,0.0417293354984356,-0.406951216345441,0.0245421751602393
-0.5,0,-0.451291910543016,0.022342856380229,-0.452770823225042,0.0374433453561155,-0.357489612262225,0.0231056043307381
-0.5,0,-0.479778976684386,0.0241329111780971,-0.473289813781944,0.0366484081822248,-0.370496193766715,0.0248565803257853
-0.5,0,-0.506556628917444,0.0256712143418737,-0.530119552773435,0.0430885446250443,-0.421646008022845,0.0263073383800378
-0.5,0,-0.459706036335589,0.0238261819703289,-0.435243792921561,0.0362334901230104,-0.386606638665052,0.0243518912925439
-0.5,0,-0.503525211617529,0.0258183370805753,-0.484670581705051,0.0383729879917237,-0.395320523970179,0.0264441807180635
-0.5,0,-0.514873353236071,0.0239957940306982,-0.502398975570657,0.0385333932486118,-0.418559524234208,0.0250344773584963
-0.5,0,-0.511488219066702,0.0247601899477643,-0.517114012004937,0.0414476877057154,-0.402247552247727,0.0256670133751662
-0.5,0,-0.4972662444091,0.0247219061698972,-0.521493685598279,0.0431954544730212,-0.387450396954839,0.0254975419778535
-0.5,0,-0.48562620305605,0.0222939910408944,-0.51000480653615,0.0388140309186752,-0.396767159419636,0.02332870079436
-0.5,0,-0.46713392346507,0.0232232751621159,-0.467114830579784,0.0360897627448656,-0.358674025536354,0.024003313936122
-0.5,0,-0.473845918381976,0.0228285068671651,-0.504850777480646,0.0406850622206905,-0.378643994864247,0.0236990282515778
-0.5,0,-0.526773522714978,0.0260046874870577,-0.527442677549212,0.0398131349482518,-0.411771625718891,0.026831575118096
-0.5,0,-0.51754893844549,0.0253984928899823,-0.551787047328586,0.0436202577660632,-0.449694379547494,0.0260829165838277
-0.5,0,-0.529465769525547,0.0250612538133121,-0.488387461851157,0.0358825719508537,-0.40893415785092,0.0261248662807884
-0.5,0,-0.531374309690006,0.0265016987295313,-0.580895563106845,0.0435601675872731,-0.445849469205883,0.0272156118628734
-0.5,0,-0.467825900187412,0.0226397259771258,-0.474453025268221,0.0357985253814215,-0.386554822753857,0.0234282944959242
-0.5,0,-0.508677221030449,0.0243937643520364,-0.507953630058663,0.0418333516347593,-0.427816418566122,0.0252288108685339
-0.5,0,-0.490903241238143,0.023551017237502,-0.485843852518522,0.0361004667788105,-0.398304129966628,0.0244318726771682
-0.5,0,-0.489141609814824,0.0241989255120957,-0.518100073708872,0.0446384316567552,-0.384371877706711,0.0249873247615329
-0.5,0,-0.475856636259161,0.0233479687700781,-0.441727227780492,0.0343752742725996,-0.37144226959068,0.0241731411159175
-0.5,0,-0.516043280996053,0.0257447395819123,-0.520966771784929,0.0403201705442234,-0.421572224671758,0.0264759379383366
-0.5,0,-0.487086579512298,0.022950802192096,-0.514576710331034,0.0409436429088782,-0.40788602240941,0.0238282018634858
-0.5,0,-0.498933012543093,0.0230654277660777,-0.515110790959798,0.0386973157838376,-0.399302621158959,0.0241416032006157
-0.5,0,-0.501163296567189,0.023620214491061,-0.492735224728025,0.040465703154945,-0.39710499397893,0.0246307628934663
-0.5,0,-0.491029865437074,0.0227561699439779,-0.4937046181789,0.0350792244679074,-0.398913492986977,0.0237761836757645
-0.5,0,-0.476060875363072,0.0234412945392703,-0.449909275198096,0.0334083842018471,-0.387390994290585,0.0241999714461392
-0.5,0,-0.531199105686204,0.0229954920252004,-0.535543350159542,0.0357704439370951,-0.417048442433552,0.0245120333440782
-0.5,0,-0.508960772328539,0.0253070047610943,-0.489707597596973,0.0392901627580479,-0.391635973012009,0.0260927124785448
-0.5,0,-0.49525364626899,0.0244104758091381,-0.500772856152315,0.0359843883627924,-0.394586066784476,0.0252056777445494
-0.5,0,-0.474583266664966,0.0228444602644537,-0.436804573523054,0.0328028519255885,-0.375781217916224,0.0237327542212455
-0.5,0,-0.482652852758004,0.0213574542266085,-0.500543439310642,0.0371089321451762,-0.384727153282261,0.022597111001267
-0.5,0,-0.458451732278436,0.0230351214930515,-0.442491607429708,0.0342249886408722,-0.378436359050618,0.0236894586912581
-0.5,0,-0.480110849667647,0.0225011832670939,-0.476832904142465,0.0338431840372214,-0.395057273589792,0.0234303029246851
-0.5,0,-0.514731731699611,0.0245347152898235,-0.5432307288804,0.0397614224290717,-0.426970319341215,0.0254342905824508
-0.5,0,-0.511612347296446,0.0244608752234686,-0.512546553676679,0.0428075003770135,-0.402053914379438,0.0254291788165392
-0.5,0,-0.475056207052886,0.0239712615466492,-0.512136005855942,0.0421108419037911,-0.387374341283924,0.0246332344937084
-0.5,0,-0.490865788687843,0.0228904085991865,-0.481812028115882,0.0378341529573525,-0.4098050803296,0.0238196164848378
-0.5,0,-0.51083524918999,0.0242479081687602,-0.480125628032086,0.0350072660221904,-0.402860533977424,0.0252458500754941
-0.5,0,-0.483775070533635,0.0238541226732887,-0.508511165787934,0.0413940476013389,-0.394424732792955,0.0246102181878728
-0.5,0,-0.552568587092327,0.0266882573014207,-0.562323434717941,0.0412354502702384,-0.447451491636353,0.0276336983159589
-0.5,0,-0.552617900119633,0.0260761975624835,-0.570295402706014,0.0483546220043754,-0.450358180023108,0.0271306295454469
-0.5,0,-0.466905832353968,0.0235555233540957,-0.462084975558005,0.0334164661794537,-0.384068243259786,0.0242039961439179
-0.5,0,-0.484315657116809,0.0233180373541292,-0.472465177776294,0.035436900744535,-0.384978037948618,0.0242088889257106
-0.5,0,-0.498907526169143,0.0238337498275926,-0.544401489512849,0.0480032886571767,-0.401586090371775,0.0247559671623488
-0.5,0,-0.530390678463111,0.0253909813376866,-0.522560006542313,0.0432490335479616,-0.403129538629549,0.0264042890937968
-0.5,0,-0.453010726135145,0.0220739284886719,-0.489055533446926,0.037834449157375,-0.372794014059733,0.022834034824796
-0.5,0,-0.5082588177487,0.0241185562237569,-0.492290328554441,0.0393894952586769,-0.394560579536693,0.0251334849677208
-0.5,0,-0.49420031096136,0.0230981735617571,-0.534897664748417,0.0392386026789496,-0.409742500191558,0.0240423404028553
-0.5,0,-0.531066916428256,0.0242391808516691,-0.488263799986986,0.0351096825644242,-0.431278650349625,0.0254117676915449
-0.5,0,-0.512623329048457,0.0235673542590088,-0.48828907246397,0.0393393229674709,-0.401369974229018,0.0247349039871906
-0.5,0,-0.526976859285968,0.0265985281031761,-0.524033035177477,0.044158894637467,-0.409308485779268,0.0273097939720386
-0.5,0,-0.53900351527759,0.0258033456388815,-0.576763554452863,0.0444262414925805,-0.445199485650779,0.0267355545470732
-0.5,0,-0.498623282290142,0.0236604049643479,-0.486721196633916,0.0358095211209236,-0.399217233479102,0.0246203358902633
-0.5,0,-0.541845749070291,0.0252066718364046,-0.523214918671394,0.0412785321750599,-0.422571204075915,0.0263780759642019
-0.5,0,-0.513446392572368,0.0253033897788846,-0.498266727251475,0.0404693044532968,-0.398279170911958,0.0261332967447654
-0.5,0,-0.511211679729023,0.0238987124545384,-0.555187217570632,0.0409221472437575,-0.437740622350958,0.0247830588449733
-0.5,0,-0.506810346067167,0.0247223756115677,-0.473675019138651,0.0363586655248076,-0.395008984937686,0.0255953718245822
-0.5,0,-0.464039870907165,0.0243497435193624,-0.446229920057291,0.0344356452570483,-0.365255131245109,0.0248870163448561
-0.5,0,-0.475139596028524,0.0231038790122347,-0.439682106622438,0.033078894683205,-0.367263723211766,0.023978319138239
-0.5,0,-0.503052738929521,0.0233132718539359,-0.519544088040874,0.0439718442271121,-0.413732381908742,0.024326924316258
-0.5,0,-0.515546545841123,0.0251942452561068,-0.515553366662384,0.038770058026544,-0.405163833653553,0.0260591658549334
-0.5,0,-0.519968778355025,0.0251112686188956,-0.508769581226348,0.0398444559031004,-0.422628424736194,0.0259989661250018
-0.5,0,-0.454531753218581,0.0232972764166761,-0.450209975000169,0.034582125299792,-0.374050006690522,0.0238876663152074
-0.5,0,-0.506577145067567,0.0243700721127869,-0.486668249208896,0.03535862605787,-0.42077864679853,0.0252166735750143
-0.5,0,-0.481413566802372,0.0240947841933576,-0.480828564559684,0.0361599561027161,-0.37446247520327,0.0248365506178378
-0.5,0,-0.498352827813435,0.0242440343248862,-0.5086779047232,0.0434468330554093,-0.397418800087312,0.0250988805849468
-0.5,0,-0.506677048048728,0.0251273372318215,-0.543091397973923,0.0398367786517956,-0.446696347127755,0.025725332199821
-0.5,0,-0.471929228584927,0.0222024798762375,-0.49964919339959,0.0386071040976559,-0.386610385968457,0.0231156327395777
-0.5,0,-0.50192660336432,0.0238864619048206,-0.472114629644402,0.0350642947402229,-0.393214821831841,0.0248686393378122
-0.5,0,-0.46270931106776,0.0229844939785401,-0.443855751215062,0.0323872002368665,-0.373892970678296,0.0237125318092013
-0.5,0,-0.528958551925135,0.0263757503588423,-0.518606937158167,0.0394189926376726,-0.401580065298876,0.0271560416590804
-0.5,0,-0.516330352055559,0.0240887962033608,-0.531234294999141,0.0404839742659619,-0.434605690710539,0.025041827371907
-0.5,0,-0.519618146167719,0.0250480423030724,-0.486584616187776,0.0368570251731627,-0.41785532690312,0.0259590258621202
-0.5,0,-0.489908406385513,0.0220267565100901,-0.511833332901422,0.0382300269513816,-0.396935944091261,0.0231749100798897
-0.5,0,-0.470083241671603,0.0213030244156269,-0.479380396365959,0.0424511683964762,-0.363789634735299,0.0224798474345199
-0.5,0,-0.489696506319599,0.0236319799965336,-0.492673478579913,0.0358959914617443,-0.387670633119598,0.024523473263422
-0.5,0,-0.486273571681707,0.0234378381928203,-0.476541373920818,0.0335214095297568,-0.392349850381821,0.0243036025847958
-0.5,0,-0.527937753976444,0.0258222473659142,-0.538818450176164,0.0402184949658464,-0.431367342711016,0.0266554711908189
-0.5,0,-0.481594003411218,0.0232652466335708,-0.480454916917227,0.0402958654316437,-0.367542147159374,0.0241854068012456
-0.5,0,-0.471002256586474,0.0239012087309164,-0.511220124775649,0.0402937992349902,-0.38458046174242,0.0245392001206855
-0.5,0,-0.525543300248408,0.0245831137724791,-0.542633497336561,0.039889117362843,-0.432310978927331,0.0256015122092489
-0.5,0,-0.498086793969381,0.0240910913027787,-0.49121978816498,0.0341729125485408,-0.403460744533723,0.0249492039492858
-0.5,0,-0.444249004434351,0.0225481527398464,-0.438830860183082,0.0341003056093037,-0.359879495171865,0.0231914656969574
-0.5,0,-0.506626076537421,0.0240342318328889,-0.505117659382043,0.0357062543816241,-0.411251611433707,0.0249833516678793
-0.5,0,-0.524176985962449,0.0265922524042601,-0.517497815694016,0.0406202642382172,-0.42358834263172,0.0272625789000315
-0.5,0,-0.532094995674133,0.0243934417859906,-0.52356084754133,0.0433442612844735,-0.416612662200578,0.025616942721651
-0.5,0,-0.511850463476077,0.0246174213310622,-0.467143821302704,0.033146324599742,-0.415609300115658,0.0255136961432083
-0.5,0,-0.537933229335137,0.0266878507331161,-0.553323114929386,0.0419733345123711,-0.461760112290072,0.0273906664524271
-0.5,0,-0.489918571774476,0.0235125288337302,-0.57444769042798,0.0453585126776276,-0.414300060590521,0.0243044884409068
-0.5,0,-0.476936974441424,0.0237243620724532,-0.470582048231509,0.0373585498194607,-0.382535751537837,0.0244627811684502
-0.5,0,-0.49522576196502,0.0243873821076844,-0.538956646649047,0.0473322956865375,-0.393049588166348,0.0251905288165615
-0.5,0,-0.511797733748281,0.0235774839948303,-0.516021551891673,0.0400523528285382,-0.399263241764252,0.0247390999542642
-0.5,0,-0.481230539485911,0.0228176428298766,-0.488270213828468,0.0393585182120336,-0.395698619088336,0.0237062705230727
-0.5,0,-0.476443615878415,0.0220824406923961,-0.458656718387279,0.0337426244024684,-0.375714049292754,0.0231383328502818
-0.5,0,-0.537459892471491,0.0271308659021837,-0.518045567038047,0.0406423411107105,-0.435429130754515,0.0278334426277793
-0.5,0,-0.469272121791495,0.0235262298031697,-0.464982442838155,0.0359512192191991,-0.373355885774868,0.02423944767381
-0.5,0,-0.52757049636578,0.023507406647165,-0.522449289643243,0.036335639869426,-0.42330397838558,0.0248146016260163
-0.5,0,-0.466079665066873,0.0223529418062212,-0.489192432036951,0.0352943356944377,-0.386062706456299,0.0231658973574744
-0.5,0,-0.507468200814093,0.0244961856981357,-0.512562039374638,0.0380833167022193,-0.409768235530507,0.0253789378781244
-0.5,0,-0.509427586360668,0.0246502072470321,-0.520986101997428,0.0396311731163767,-0.419806959059435,0.0254921480071267
-0.5,0,-0.502150192426024,0.024504338507479,-0.496964641785175,0.0371040464045038,-0.394591342098745,0.0253644508411208
-0.5,0,-0.507076656390073,0.0244755696888975,-0.517787983005095,0.0404804829997512,-0.404524954499424,0.0253748272744174
-0.5,0,-0.452955261629399,0.0215971307190418,-0.434466809287728,0.0316441443966972,-0.361014799443278,0.0224931604263461
-0.5,0,-0.470609691214787,0.0225108409818459,-0.489239169500997,0.0350399302167273,-0.393082189385106,0.023319214651295
-0.5,0,-0.505233272793601,0.0242747647422088,-0.513204655267503,0.0404141186058824,-0.415162386662612,0.0251455034434178
-0.5,0,-0.510030162256788,0.023424817446704,-0.522687353982832,0.0426701225547357,-0.399930029449722,0.0245896931639857
-0.5,0,-0.487364745829902,0.0239648343466076,-0.523034829376544,0.0399637066542767,-0.398888817421386,0.0247288687450125
-0.5,0,-0.487607342313898,0.0234300757569012,-0.508799399137534,0.0378993398526819,-0.401958955733755,0.0242711504898146
-0.5,0,-0.463010409842072,0.0227515724381627,-0.464300617110865,0.0334042563478469,-0.372685141060734,0.023525954140142
-0.5,0,-0.541718585644839,0.0253334079159504,-0.520010811722141,0.0388064212352547,-0.4453090073919,0.0263895892801031
-0.5,0,-0.488496260109612,0.023343702316253,-0.493301765189807,0.0412616103809711,-0.378190084462709,0.0243056680683067
-0.5,0,-0.513536479050002,0.0253563145461253,-0.523209329059098,0.0407119967854687,-0.410326790404518,0.0261549665466313
-0.5,0,-0.499400766597231,0.0242383651056133,-0.496800260526162,0.0391783896632646,-0.398523863929724,0.025103823187936
-0.5,0,-0.512125333260961,0.0238365038087844,-0.57282785523624,0.0421126578744724,-0.432224818762265,0.024782532450178
-0.5,0,-0.503050548978381,0.0245025802581735,-0.489479137088439,0.0378919007184219,-0.401859866798586,0.0253544001389046
-0.5,0,-0.508488446139908,0.0246831825656019,-0.507442709104774,0.038354902013241,-0.413852274276631,0.025530855390706
-0.5,0,-0.514772903993171,0.0239087879870169,-0.545237672402991,0.0430715177076134,-0.416315740399148,0.0249733282327036
-0.5,0,-0.495001094421532,0.0239281828858686,-0.526064516730257,0.0401757307392866,-0.394891360228436,0.0248074229407022
-0.5,0,-0.459597318552351,0.021652014044377,-0.521708482339035,0.0558464040660085,-0.383525699690328,0.0224995648350431
-0.5,0,-0.51169275025602,0.0249250182732537,-0.492217969287709,0.0399099199705111,-0.416882384094593,0.025759988564089
-0.5,0,-0.469525284670431,0.0232638811074168,-0.455326670262738,0.0346724343327321,-0.39317503496154,0.0239470355360387
-0.5,0,-0.474915871074916,0.0240367683177358,-0.510988656931855,0.038348965653713,-0.389810144723567,0.0246792469223595
-0.5,0,-0.45937490063768,0.0227863752007677,-0.431669384537076,0.0343154054926027,-0.365970481452501,0.0235371851810872
-0.5,0,-0.523762036916118,0.0263847138401768,-0.484674425730911,0.0372851117320492,-0.408114701483145,0.0271046043509272
-0.5,0,-0.479249615339983,0.0218571344658545,-0.541178046679132,0.0486289403072841,-0.386280219968003,0.0229387283510341
-0.5,0,-0.489051283524931,0.0244400028003172,-0.492502469686285,0.0387458139284947,-0.384889057116271,0.025181702638213
-0.5,0,-0.481121358185186,0.0243280349067884,-0.505374172753856,0.0414987584656301,-0.385731142422684,0.02500143861772
-0.5,0,-0.506180873391756,0.0246287276209665,-0.537179712664665,0.0470873863514434,-0.391330923038283,0.0255202127904918
-0.5,0,-0.486679315415226,0.0224737126680097,-0.472099830335048,0.0341107192878273,-0.399443956194396,0.023476222527143
-0.5,0,-0.502749976170688,0.0238609191182061,-0.454784616801611,0.0350972840899699,-0.394051548402205,0.024856420109547
-0.5,0,-0.513350009897522,0.0265878770161845,-0.502588316857486,0.0368595221677208,-0.420112260302495,0.0271521614527021
-0.5,0,-0.487848405343895,0.0249151693351534,-0.524975625130092,0.0434109378108947,-0.410527792203617,0.0254971155233619
-0.5,0,-0.484071420830869,0.022658536008839,-0.465882565435645,0.035589046449544,-0.378973133643212,0.0236946591921792
-0.5,0,-0.525070204258237,0.0263104605910541,-0.543231874554839,0.042585898808466,-0.412986506995605,0.0270557758060074
-0.5,0,-0.516930889531132,0.0240773223924877,-0.533145740858486,0.0372257500881128,-0.435226501534218,0.0250372540648631
-0.5,0,-0.460472853844267,0.0225339256967005,-0.479716199433811,0.0408513336403298,-0.372142433519919,0.0233159615405078
-0.5,0,-0.500331533497287,0.0241112263397727,-0.496162536930197,0.0395019089838877,-0.40173068266008,0.0250009347924885
-0.5,0,-0.514751934962943,0.0246609944132863,-0.49708026411111,0.0390934039366143,-0.423598110232497,0.0255551705778115
-0.5,0,-0.459936056470663,0.0225979695029479,-0.432525466177594,0.0351669714792777,-0.362891506732017,0.0233982804109471
-0.5,0,-0.505863693618906,0.0232345127178099,-0.499686611522958,0.0382066775761838,-0.386960583861481,0.0244285115330652
-0.5,0,-0.528237448026972,0.0251884650112016,-0.529924402856508,0.0401442970933132,-0.426154655279118,0.0261597003574294
-0.5,0,-0.476969693795629,0.0235514095301391,-0.434129040166698,0.0333504646763892,-0.36801059913613,0.0243594048019563
-0.5,0,-0.501547704352129,0.0235580290481047,-0.494249941525955,0.0357400912252252,-0.423059634272483,0.0244516037325244
-0.5,0,-0.509965895343218,0.0246542108431459,-0.474500867216867,0.0372145288937974,-0.407412655768385,0.0255477327343637
-0.5,0,-0.493242839801706,0.0238966078979854,-0.505132467715772,0.0405111020044562,-0.399535002324003,0.0247423465661606
-0.5,0,-0.503278494887438,0.0245011588255274,-0.500807575462865,0.0455282433157206,-0.391674184463781,0.0253822948523835
-0.5,0,-0.528875955356881,0.0245357500172497,-0.469578965026768,0.0344630541269238,-0.421571581893346,0.0256618267567404
-0.5,0,-0.535830625839637,0.0256104980675925,-0.515864368840637,0.0393234294165228,-0.443234005279462,0.0265411682742245
-0.5,0,-0.485429553615972,0.0240369481522618,-0.502975596683907,0.0391083663125745,-0.397244474287884,0.024772348835877
-0.5,0,-0.548787349002425,0.0257392627866273,-0.565707963082239,0.0436957362325385,-0.451190583776912,0.026797521553777
-0.5,0,-0.516889816090643,0.0261943992077547,-0.507208037271699,0.0398485332494108,-0.415352485917866,0.0268690824690398
-0.5,0,-0.512405322325654,0.0247577973866931,-0.532404867030626,0.0392568016856533,-0.411048914033592,0.025651670048014
-0.5,0,-0.52011599553807,0.024136384814792,-0.505333343715486,0.0383441295435171,-0.425224433353677,0.0251925222897083
-0.5,0,-0.463902343603549,0.0222449346229346,-0.450033463651509,0.0325372023437653,-0.393630241402857,0.0229985796951887
-0.5,0,-0.525897137819693,0.0240470940552087,-0.46874233405444,0.0343025960951311,-0.416450574693897,0.0252505034070587
-0.5,0,-0.534300493554537,0.0256600631694197,-0.535000972337176,0.0448688977252214,-0.422596701003835,0.0266307683701461
-0.5,0,-0.541475940712862,0.0257952855683419,-0.508643944797855,0.0398507407034489,-0.425024266086175,0.0268283946323803
-0.5,0,-0.503458580211027,0.0239738411121037,-0.553218959365806,0.05187082353684,-0.414082995289532,0.0248770829346469
-0.5,0,-0.490383071268433,0.0247648593930295,-0.490953787255466,0.037501299145168,-0.39767259066719,0.0254354147989919
-0.5,0,-0.518145264423403,0.0258838900434186,-0.563379795237103,0.0455367097233024,-0.43002017485369,0.0265920133093245
-0.5,0,-0.518604233629371,0.0236513736251433,-0.527147899323155,0.0376960358421685,-0.432625875875702,0.0247261503141328
-0.5,0,-0.529113720254499,0.0244334976183423,-0.535078643068013,0.0441607141160577,-0.396012483855674,0.0256627722321595
-0.5,0,-0.490289708750582,0.0231452490703421,-0.536853496739142,0.0473209242143433,-0.383807552819132,0.0241513944937015
-0.5,0,-0.458235423816576,0.0233278343815806,-0.460013314376906,0.0366339043720991,-0.374639053061986,0.0239503139341584
-0.5,0,-0.533806813968735,0.0266103246051172,-0.4651107085066,0.0370181496725262,-0.416445137613778,0.0273914485177776
-0.5,0,-0.504973741946427,0.0251978247454952,-0.513761239895661,0.0375924623602,-0.406932330932494,0.0259336124077282
-0.5,0,-0.50888546943601,0.0243299628929858,-0.526399047299034,0.040440849741455,-0.405810614587445,0.0252760319521183
-0.5,0,-0.478472581503472,0.023164895439718,-0.500923251242962,0.037796170374616,-0.385107645368577,0.0240087017109583
-0.5,0,-0.554020477093996,0.0267459531193327,-0.542243981116787,0.0442804792355205,-0.444246847639721,0.0277078472954456
-0.5,0,-0.464484319698614,0.0226058719030067,-0.441527378636416,0.0303831895550692,-0.36668189306234,0.0234457614656177
-0.5,0,-0.520975124335026,0.026355938070489,-0.523667091722138,0.0426797265876136,-0.404230840759825,0.0270533337596188
-0.5,0,-0.511811984345313,0.0249194908088059,-0.520683873501048,0.0407996773139009,-0.406080246548693,0.0257897425949532
-0.5,0,-0.535125906614695,0.0256052460077869,-0.556789525659165,0.0439092799076263,-0.42720216202898,0.0265856206292392
-0.5,0,-0.474275356880475,0.0227813279226794,-0.46165652446135,0.0344341842857705,-0.376768642266425,0.023673308047887
-0.5,0,-0.476930027619996,0.02358346787172,-0.461043919467126,0.0331044054189492,-0.379931440485043,0.0243540711836674
-0.5,0,-0.497363564094323,0.0227789672870565,-0.494721662326877,0.0410201790653734,-0.367876853854134,0.0240132378207791
-0.5,0,-0.508670541044657,0.0234370149627037,-0.507403157242162,0.0374614380156511,-0.398051791782211,0.0245870686095001
-0.5,0,-0.498328856772517,0.0254579151506632,-0.450493805170477,0.0360567055525096,-0.394739143992571,0.0260976534729827
-0.5,0,-0.525096171723332,0.0259196041927725,-0.513787717872944,0.0400103995707661,-0.413530688040702,0.0267412311339374
-0.5,0,-0.491292301352177,0.02389934696546,-0.514164386343149,0.041761417372807,-0.38744671853624,0.0247612937541604
-0.5,0,-0.502163639831331,0.024244296931547,-0.512218056273124,0.0423644253555625,-0.388190003265669,0.0251711054339441
-0.5,0,-0.473170522369507,0.0232282570618175,-0.435071999821371,0.0333426756021077,-0.374261994821733,0.0240353294166998
-0.5,0,-0.489912595580365,0.0248174219022781,-0.477534717010785,0.0385621244135591,-0.409924038118086,0.025437777691415
-0.5,0,-0.527722654904396,0.0255285474783453,-0.50853134749348,0.0399084659335222,-0.416072294862467,0.0264555804333285
-0.5,0,-0.511830897927155,0.0252229137128424,-0.495886160625799,0.0387955285426189,-0.398479629827083,0.0260497782877212
-0.5,0,-0.50140826710908,0.0234123779605096,-0.545509412585373,0.0419414273084374,-0.420309326221178,0.0243447042359187
-0.5,0,-0.50301779009849,0.0233573438950617,-0.452778797823893,0.0328309808649475,-0.401976248489188,0.0244240533851126
-0.5,0,-0.499192533926675,0.0236010677930324,-0.482892234737279,0.0356516911200439,-0.39826546438183,0.0245837292849887
-0.5,0,-0.539626986857914,0.0273245005456412,-0.530783357144577,0.0390921163078326,-0.434230230798117,0.0280171254722319
-0.5,0,-0.490933994913066,0.0241232572646303,-0.41470048526304,0.033961708886767,-0.364381326773739,0.0249792348398997
-0.5,0,-0.547239631485539,0.025896392681934,-0.548697798641234,0.0431511641376329,-0.433072250965481,0.0269676829264707
-0.5,0,-0.532407494079711,0.0242706580063375,-0.513533217299005,0.0431522100628489,-0.42655240989658,0.0254822495875369
-0.5,0,-0.479933390574133,0.0222638246919818,-0.487069742439287,0.0388855810373915,-0.377965680854687,0.0233235269802293
-0.5,0,-0.486205056345242,0.0219194981473728,-0.529846080173437,0.0370575396098772,-0.41004145025729,0.0229302175399912
-0.5,0,-0.489180126588292,0.0223801089915043,-0.51954304568792,0.0402534214740285,-0.383535546189857,0.0235242169296444
-0.5,0,-0.481987151546428,0.0228900137799357,-0.485510395952871,0.0354283193840535,-0.399364982019504,0.0237568488533485
-0.5,0,-0.460721321325373,0.021197466996416,-0.418148559963424,0.031941152619918,-0.370227620232954,0.0222204263339058
-0.5,0,-0.538875962538797,0.0271666761481841,-0.495237626828476,0.0375352139190391,-0.440361602935357,0.0278708704106483
-0.5,0,-0.469582234089974,0.0226977446584498,-0.465350561516645,0.0387283248243614,-0.363506149175829,0.0235936913256802
-0.5,0,-0.50308270630162,0.02316264890223,-0.466621222676656,0.0353750358261233,-0.400491704781566,0.0242752130057354
-0.5,0,-0.499270852826768,0.0225321852811264,-0.502316210778302,0.0376555045122982,-0.401531848727165,0.023703768337677
-0.5,0,-0.511586409982028,0.0248060353502731,-0.51086512744998,0.040523342481046,-0.414843271701756,0.0256678781603293
-0.5,0,-0.512240228806954,0.0246758910476729,-0.489627587928479,0.0391891798159481,-0.396283897872336,0.0256229109789634
-0.5,0,-0.511873731950585,0.0241712265056999,-0.551282796600102,0.0485859588412943,-0.413451537795301,0.0251581649733104
-0.5,0,-0.457160048354276,0.0231559817392619,-0.477070327806445,0.0362063693115942,-0.366465933962808,0.0238197279815883
-0.5,0,-0.487496528769468,0.0234893647427949,-0.519815126055096,0.0517097568916309,-0.351832908290761,0.0244587076873548
-0.5,0,-0.539537661616081,0.0266620486339897,-0.560830608961463,0.0433465088275167,-0.440421577390797,0.0274636960206336
-0.5,0,-0.483545946694712,0.023838027452607,-0.474919268334142,0.0367909458372838,-0.380516816831764,0.0246380187767966
-0.5,0,-0.478865211768838,0.0216594754184421,-0.443561464455557,0.0361659821574484,-0.361538306761825,0.0229015388201193
-0.5,0,-0.525718813306887,0.0246996917006051,-0.538923180311424,0.0377634144991786,-0.420623477845899,0.0257509738102486
-0.5,0,-0.50747994020752,0.0239874972590706,-0.504801508693781,0.035938052960804,-0.39849772887785,0.0250065809253007
-0.5,0,-0.508347455795797,0.0237906024275155,-0.479131974954527,0.0361644627556912,-0.406596887984361,0.0248295035017451
-0.5,0,-0.504950200057401,0.0241776740700939,-0.496930218700813,0.0374695941574792,-0.394943958809098,0.0251361094655252
-0.5,0,-0.516987020068893,0.0258395201232359,-0.529713818964266,0.0403611445627393,-0.413645481504533,0.0265823003488617
-0.5,0,-0.508485151769048,0.0238875409134897,-0.492698778757535,0.0409084304169137,-0.394802943730435,0.0249527713729251
-0.5,0,-0.476822179213816,0.0231601333603009,-0.468243931346743,0.0390616761423031,-0.364521704076876,0.0240509326603157
-0.5,0,-0.444923638071876,0.0217816873291673,-0.474003624661527,0.0383628018432765,-0.354483201294267,0.0225756209045481
-0.5,0,-0.489108752498176,0.0236463247762308,-0.470944691135879,0.0380249485962815,-0.376499165078737,0.0245599326583894
-0.5,0,-0.484215561234729,0.0247332906710936,-0.512695550128466,0.045157700004799,-0.37136899693055,0.0253875373509678
-0.5,0,-0.504093028349313,0.0246167471807458,-0.482621125735971,0.0352221740547365,-0.39639895916182,0.0254744235711858
-0.5,0,-0.462791792127582,0.0237416134404473,-0.440954708385592,0.0329167878488207,-0.371062513855265,0.0243567488870941
-0.5,0,-0.53972214445311,0.0260688770087297,-0.558102346063127,0.0448890833456274,-0.4381747437564,0.0269881835991992
-0.5,0,-0.466837955618085,0.0237063918286223,-0.474817891286624,0.0395342314707694,-0.345987680023297,0.0244064980169032
-0.5,0,-0.502014191219344,0.0244092713661494,-0.464739119397067,0.0356251341582064,-0.385482023286575,0.0253060432680339
-0.5,0,-0.517884466633281,0.024680252750129,-0.514626464256349,0.0389893371262491,-0.410857647436463,0.0256614718855554
-0.5,0,-0.494303518907893,0.023140950764748,-0.460086333130052,0.034582366478346,-0.38478235531661,0.024198998082032
-0.5,0,-0.495475733915902,0.0236776106225016,-0.476125528200955,0.0389308519963789,-0.38008864595365,0.0246557754603732
-0.5,0,-0.475912547442975,0.023025195326411,-0.475972350384381,0.0369516437866061,-0.376463238585332,0.0238947360156475
-0.5,0,-0.549888840191624,0.0245753998293923,-0.562407006142756,0.0454287924474209,-0.428987414188825,0.0259914757249235
-0.5,0,-0.484421633410363,0.0234599634688757,-0.453862599784265,0.0342139385723808,-0.378734315433487,0.0243463212605787
-0.5,0,-0.500331747237193,0.0261073766791594,-0.539452849083599,0.0393951076953882,-0.433329714124523,0.0265809674972528
-0.5,0,-0.489726594969475,0.0236577662415723,-0.490575853812434,0.0356707964458383,-0.402652156805278,0.024485805305548
-0.5,0,-0.525444701200308,0.0245432834307635,-0.555080741453629,0.0443142599394573,-0.422081047011516,0.0256154845591055
-0.5,0,-0.487844737577292,0.02566644205905,-0.523087172941618,0.0420897706191162,-0.400731871725683,0.0261623744891942
-0.5,0,-0.518965107644717,0.0251167352095117,-0.534591817413826,0.0472139747248793,-0.405022884649056,0.026039785992543
-0.5,0,-0.566579569736165,0.0261426883606563,-0.574792977428697,0.042516673311557,-0.47431951236793,0.0272815222976865
-0.5,0,-0.487274579055993,0.0232481402217087,-0.474462556162489,0.0335490238596859,-0.401392775379091,0.0241174936776116
-0.5,0,-0.499827708924847,0.023219264840658,-0.501211879551337,0.0358108490823306,-0.413197947726176,0.0242045499607669
-0.5,0,-0.504349451549565,0.0242749771389424,-0.507227740753882,0.0375411771804343,-0.404529889914247,0.0251765008792431
-0.5,0,-0.523451725809315,0.0244481544638125,-0.492240641444644,0.0372512003852265,-0.436645722376882,0.0254354054394919
-0.5,0,-0.487703008381992,0.0246887962672554,-0.462746124875647,0.038688114183417,-0.371313796173991,0.0253870643875351
-0.5,0,-0.51043637848949,0.0255573680291166,-0.513080748892817,0.0411992264720022,-0.411385250715967,0.0262814684285107
-0.5,0,-0.527098961072335,0.0251877132578944,-0.540161930365567,0.0396666478005081,-0.439285107235271,0.0260880432767563
-0.5,0,-0.507186394852407,0.0247941233993954,-0.495465375876601,0.0415908776736471,-0.410435224100371,0.0256176432668867
-0.5,0,-0.485611422404573,0.0222323542086021,-0.461040672271172,0.0342909658230518,-0.379596501007156,0.0233724721896186
-0.5,0,-0.516840447627556,0.0258743670278751,-0.502706582919255,0.0389211986739064,-0.432188969262981,0.0265617383713846
-0.5,0,-0.529578805549703,0.0256348284709027,-0.527584454985863,0.0427205012672925,-0.41970421776266,0.0265560911925645
-0.5,0,-0.52783478163717,0.0259669948303916,-0.487162052888191,0.0453199195303137,-0.385998703969275,0.026822220062404
-0.5,0,-0.530182891472717,0.0245835940231126,-0.487475803366896,0.0362188119088934,-0.425709668689028,0.025701996165918
-0.5,0,-0.483545800720725,0.0229246926129857,-0.455253115201202,0.0328541790557952,-0.383540712990087,0.023883860790428
-0.5,0,-0.492050205616453,0.0228864685431444,-0.501921086729687,0.0394590039135181,-0.408074557441456,0.0238446890422208
-0.5,0,-0.553292477041469,0.0267028201062985,-0.524029370504306,0.0416835425412378,-0.435530489835856,0.0276816958497198
-0.5,0,-0.521862414997935,0.0241100200079635,-0.529021728460883,0.0363850851744074,-0.426235659055952,0.0251919544199848
-0.5,0,-0.510650250837853,0.0249369594118042,-0.521557821154011,0.0409347314306286,-0.401843131525397,0.0257997398045621
-0.5,0,-0.537374232184412,0.0261318708122943,-0.523997905690301,0.0397363338328349,-0.435908847138627,0.0270154954386666
-0.5,0,-0.502445492225123,0.0233680798471944,-0.472260171342174,0.0357562708361318,-0.406436635483576,0.0244027696008374
-0.5,0,-0.493061987850673,0.0245183185736622,-0.456569271924335,0.0367500534437653,-0.377012139270318,0.0253021880577734
-0.5,0,-0.485134071665119,0.0242677890294911,-0.501477530323241,0.0368027538584541,-0.421169315126113,0.0248575701993017
-0.5,0,-0.483747550354766,0.0246740014566247,-0.489034393906278,0.0372782544369033,-0.381548239266141,0.0253230001100885
-0.5,0,-0.52921739926375,0.0254450360993775,-0.482744535848497,0.0370874151716162,-0.403333338517519,0.0264309686333668
-0.5,0,-0.502557212975144,0.0251312048474382,-0.522714540915724,0.0476287132350408,-0.365071921718608,0.0258912548914931
-0.5,0,-0.525525713001155,0.0261664804943093,-0.529721586221275,0.0391985314957259,-0.410007727662501,0.0269482362777533
-0.5,0,-0.564421347638251,0.0278767351779891,-0.572599753311056,0.0443586938418577,-0.467012380195199,0.0287032703915756
-0.5,0,-0.491688475496822,0.0242668110353631,-0.475222909407684,0.0362184069982317,-0.392015906236015,0.0250530550653112
-0.5,0,-0.513686762695687,0.0256768835369281,-0.557377156807502,0.0468197582808721,-0.405502320661783,0.0264261063967525
-0.5,0,-0.528112466183402,0.0254095196709388,-0.522814788400381,0.0378472238550794,-0.41671796023279,0.0263640502563565
-0.5,0,-0.476219409980761,0.0233683766152135,-0.444566665439877,0.0349403643131117,-0.381329303970159,0.0241635194061325
-0.5,0,-0.547822059116079,0.0255200330990949,-0.535675072517951,0.0405553407511503,-0.442000773733808,0.0266465232685408
-0.5,0,-0.51986305369021,0.0253525365394423,-0.508359758681116,0.037810056252079,-0.429206541866541,0.0261723660646439
-0.5,0,-0.478674933254962,0.0219150544443241,-0.452393338419425,0.0306700661481615,-0.374310213207849,0.023042676206462
-0.5,0,-0.525749257693058,0.0250124523467897,-0.530732255652416,0.0419112671648578,-0.437554723904515,0.0259320837414158
-0.5,0,-0.447534856038903,0.0226745414444826,-0.467983719876165,0.0383572862244574,-0.377239741736936,0.0232634978570242
-0.5,0,-0.527814535599245,0.0264941125890507,-0.528612450049479,0.0425143152718614,-0.436077218122029,0.0271967570091108
-0.5,0,-0.481578295296518,0.0233426364641344,-0.518493320283993,0.0413144285858823,-0.396828921966299,0.0241446607617398
-0.5,0,-0.500521272342204,0.0236855433570562,-0.50658660733536,0.0367485469691295,-0.42678497382222,0.0245205272576929
-0.5,0,-0.551059879052214,0.0255933313727297,-0.596557685986677,0.0445096535383818,-0.46223599176572,0.0266541171091457
-0.5,0,-0.527286000070975,0.0258965327933504,-0.559161483790033,0.048790576430208,-0.414797081672544,0.0267469046257594
-0.5,0,-0.495753212410852,0.0241214772237006,-0.49539231661565,0.0380736925250794,-0.417498996941607,0.0248818001860252
-0.5,0,-0.489049226154364,0.024387441160852,-0.466448330503734,0.0371338341635591,-0.413686042110021,0.0250449845510444
-0.5,0,-0.500838562126185,0.02387085860409,-0.471575993191192,0.0348423063717464,-0.386692479479455,0.0248610005235974
-0.5,0,-0.469120748762753,0.0229364680331052,-0.503999908734884,0.0375406862352559,-0.391278004921645,0.0236719523173772
-0.5,0,-0.514640852689272,0.0246135692997103,-0.502297439794794,0.038224357784415,-0.415256643655706,0.0255488916347284
-0.5,0,-0.512964380310263,0.0241261145003551,-0.466857405942092,0.0342479488331318,-0.402891799980166,0.0251774889402833
-0.5,0,-0.465052716924321,0.0255335404529016,-0.469193378204923,0.038013982765565,-0.383902057497858,0.0258810632227005
-0.5,0,-0.55034951042114,0.0264306899794545,-0.544443419836103,0.0434722207811999,-0.458327318535403,0.0273545357748658
-0.5,0,-0.493590015254334,0.024358308606199,-0.46648927267215,0.0338899826596345,-0.380706240176486,0.0251745228955305
-0.5,0,-0.520170987439874,0.0250648259497949,-0.492107490691155,0.0360362466976564,-0.406402630100741,0.0260108083136374
-0.5,0,-0.499345522710003,0.0238242854544955,-0.491864299798144,0.0409079169413039,-0.386828108284619,0.0248042173483242
-0.5,0,-0.519924413759912,0.0248915939157807,-0.497447790609991,0.0383401911529619,-0.41526243645033,0.0258447279478891
-0.5,0,-0.538694124386009,0.0254805157481553,-0.555268969889045,0.0408694369278075,-0.435079693132173,0.0265085862338676
-0.5,0,-0.48338697409033,0.0223659155023797,-0.486743977639054,0.0365063260823284,-0.392459619552382,0.0233805997066631
-0.5,0,-0.499817329669776,0.024253088879549,-0.47490409816429,0.0342407608265107,-0.415518527325474,0.0250550088636612
-0.5,0,-0.483939814455235,0.0237997327605447,-0.491953599596393,0.036988519024869,-0.392819147747448,0.0245727412511386
-0.5,0,-0.483911399797063,0.0236542964041035,-0.517101547789569,0.0387209015419405,-0.401826273977471,0.024413029675274
-0.5,0,-0.496428529179274,0.0243644126581141,-0.447908512859108,0.0357613074471282,-0.391621240960416,0.0251896983646982
-0.5,0,-0.517817728700418,0.024404668908251,-0.472411880627852,0.0391074242711995,-0.38802137066768,0.025499185869673
-0.5,0,-0.513802208416127,0.0250802366546533,-0.533035489038866,0.0395984888253173,-0.423427824234418,0.0258911639888801
-0.5,0,-0.477028533963369,0.0216550755710584,-0.530012438483332,0.0417627913370396,-0.401560470792233,0.022629318180901
-0.5,0,-0.479754037281423,0.0233686638445119,-0.493171314597105,0.039165117629927,-0.396064283941956,0.0241471061949828
-0.5,0,-0.478259373841016,0.0233662045607563,-0.467467655889974,0.0342917482386568,-0.378536359780318,0.0241955270885605
-0.5,0,-0.541303233121618,0.0272989252945961,-0.517152213153255,0.0408368668574078,-0.43960204452094,0.0280081658332664
-0.5,0,-0.502014684365146,0.0231658272153972,-0.472533747405333,0.0365816157507372,-0.390977193628017,0.0243038785756508
-0.5,0,-0.472269065613216,0.0226014284234337,-0.483576754510178,0.0355602538494812,-0.397277882475924,0.0233931763939375
-0.5,0,-0.52271658373266,0.0239413048797049,-0.507343567277469,0.0371165461393911,-0.421400775296577,0.0250938131517316
-0.5,0,-0.493463901479536,0.0234677841205514,-0.497524464641615,0.0360100377900896,-0.410778426358084,0.0243351870900606
-0.5,0,-0.524197887820006,0.0259642600066335,-0.534787951175347,0.0386153287038415,-0.431307540418269,0.0267268657416704
-0.5,0,-0.557086261645775,0.0273463068891789,-0.540763242468481,0.0403849466652716,-0.460303406899018,0.0281920920470156
-0.5,0,-0.512186181255154,0.0235857506033901,-0.520801053821406,0.0397850558916821,-0.413509531391649,0.0246872882364604
-0.5,0,-0.52346554186553,0.0259184835062878,-0.487104787001098,0.0372932631471148,-0.415207437444228,0.0267184056873042
-0.5,0,-0.499982887083637,0.0245434543919571,-0.489361045171788,0.0397652426247197,-0.403585886747505,0.0253450859455359
-0.5,0,-0.551578628471142,0.0244225525488593,-0.543535783954116,0.0417578970366832,-0.42511629376851,0.0259183392027211
-0.5,0,-0.47924434727375,0.0222615398524154,-0.514013602164638,0.0404705029766936,-0.398982434306657,0.0231925806788378
-0.5,0,-0.514391949043274,0.0241436532528844,-0.520714312366341,0.0382858339407363,-0.408155260328236,0.0251925036471953
-0.5,0,-0.507306707684045,0.0252556084660291,-0.508553002086216,0.0383442912993329,-0.420488588465103,0.0259692419687364
-0.5,0,-0.505334069150781,0.0245428739692126,-0.473272842348127,0.038515789202032,-0.385655159284585,0.0254518105676477
-0.5,0,-0.472442418988475,0.0230707011567373,-0.462306363849255,0.0363584579114386,-0.376798641762322,0.0238883351782972
-0.5,0,-0.505673175994208,0.0251528486722717,-0.470448316071274,0.0350747000991932,-0.40226446100245,0.0259151029878317
-0.5,0,-0.540565022944081,0.0247112725781289,-0.527253515198711,0.0401842212363434,-0.432292677250902,0.0259331734003111
-0.5,0,-0.483698383458489,0.0221928863932628,-0.482126463550008,0.0374613320835912,-0.380221400580282,0.0233098464786094
-0.5,0,-0.494043740631983,0.0251759239038587,-0.503857794626587,0.0382655927504428,-0.403666872491726,0.0258036155073658
-0.5,0,-0.477991191368994,0.0221350411079651,-0.470903877426105,0.0342700897229371,-0.382332795366238,0.0231694901195189
-0.5,0,-0.470751432744436,0.0230201770091809,-0.499438008711393,0.0422202563690386,-0.381231701708098,0.0238088400198444
-0.5,0,-0.480494574998208,0.0244216051887897,-0.475694075330541,0.0381126031159233,-0.378834160116601,0.0250863449372682
-0.5,0,-0.522194632649722,0.0256561347546195,-0.526990994215029,0.0457720287423066,-0.410622422672059,0.0264999612259304
-0.5,0,-0.511075863123044,0.0255925014633514,-0.521571073935417,0.0404120881005827,-0.435815718738447,0.0262405817844902
-0.5,0,-0.449619902386361,0.0216397181943769,-0.440563856301362,0.0371826414751677,-0.353863371910313,0.022518331860297
-0.5,0,-0.518729202777597,0.0247906388495095,-0.53388205636102,0.0431103119563817,-0.42147277876167,0.025724435401319
-0.5,0,-0.523849363406215,0.0248531034198531,-0.486300267184844,0.0374645621044641,-0.421623527848673,0.0258446156629768
-0.5,0,-0.476759684230009,0.023587289267684,-0.44564050883501,0.0331085871727649,-0.368395966677117,0.024385202717412
-0.5,0,-0.512996255532852,0.0243916524847604,-0.535405457393766,0.0399911912710155,-0.434005117279594,0.0252517461104974
-0.5,0,-0.548756986919988,0.0255881554976728,-0.535428716726685,0.0426406567853058,-0.442567940473689,0.0267127018934968
-0.5,0,-0.49847800230162,0.0238563738244771,-0.497136031293436,0.0368425657801477,-0.398253409129906,0.0247816699458247
-0.5,0,-0.477727077953395,0.021843307750774,-0.434777186447666,0.0317147821393276,-0.37186767894493,0.0229833386712118
-0.5,0,-0.491510900741543,0.0238138419318393,-0.428243176335006,0.0327932116231086,-0.381891895272576,0.0247101512437519
-0.5,0,-0.489761841508812,0.0244074305556167,-0.474256150744201,0.0369342392543876,-0.389385457879103,0.0251531011617873
-0.5,0,-0.532137300866706,0.0246631946667223,-0.501162370355696,0.0391951021935964,-0.425529687751967,0.0257955470239836
-0.5,0,-0.488779298514409,0.0241368165882694,-0.494351098859279,0.038663676657947,-0.399759879400169,0.0248863245725911
-0.5,0,-0.495011368237777,0.0244456939928243,-0.482999399788792,0.0374619594187223,-0.400174849315356,0.0252156216487903
-0.5,0,-0.523078090384728,0.0242755749034961,-0.530208048649172,0.0389743889463612,-0.424408949496565,0.0253540077492103
-0.5,0,-0.484297477713997,0.0244311131922974,-0.45676127822593,0.0333447972639798,-0.384193681326921,0.0251240672434486
-0.5,0,-0.466956840928043,0.0230431779271432,-0.449768862111642,0.0362135908636239,-0.363775664751788,0.0238423810580283
-0.5,0,-0.487181994770747,0.0220676788951219,-0.461117765768881,0.0418596872808159,-0.367789597616307,0.0233170187324666
-0.5,0,-0.495776762451112,0.0247542245999767,-0.446929463705351,0.033891135610671,-0.381119646825085,0.0255160104191719
-0.5,0,-0.50786877166795,0.0247809379908236,-0.506434008020276,0.0396218307930153,-0.409800074474893,0.0256172930901624
-0.5,0,-0.481279072387515,0.0227602459192517,-0.461051351961571,0.0345486268521136,-0.386541747891326,0.0237057989839533
-0.5,0,-0.48117867628829,0.0237977480956618,-0.470606292084629,0.0341027495010261,-0.389539429913381,0.0245500132400051
-0.5,0,-0.527469052369548,0.0260436652671713,-0.506782598047647,0.0438731588688828,-0.407534914169436,0.0268751407669506
-0.5,0,-0.515669970271275,0.024635159784406,-0.48831429770322,0.0375622034737572,-0.397824241970135,0.025631375070352
-0.5,0,-0.541194081636911,0.0242820982124793,-0.491294613421807,0.0342558086250764,-0.421761398195352,0.0256527312160462
-0.5,0,-0.487908977612536,0.0235538863320608,-0.474589804217448,0.0374615549799442,-0.396515880849869,0.0244031449547375
-0.5,0,-0.488797111034277,0.0241637238872379,-0.462105769846835,0.0373867629529207,-0.390425358781019,0.0249390431701659
-0.5,0,-0.479013505126005,0.0249303007061499,-0.480782917477394,0.0403272845989242,-0.389582545104948,0.0254762606499012
-0.5,0,-0.506245355408192,0.0249548592855869,-0.463909585169523,0.0369386959783147,-0.39334408989902,0.025778008691906
-0.5,0,-0.516200058321374,0.0247683263561967,-0.528213312744746,0.0386340039743831,-0.431562591959049,0.0256264153908185
-0.5,0,-0.518714509880866,0.0252384033397882,-0.51361248351344,0.0396436873423018,-0.423406534806778,0.0260844696385537
-0.5,0,-0.462754765487121,0.0243803455045009,-0.429512941076801,0.0364601146222993,-0.356236879111579,0.0249083622172247
-0.5,0,-0.495013617954315,0.0232158683652629,-0.481521669848043,0.035799584987934,-0.387687912960295,0.0242577489648681
-0.5,0,-0.507831992734282,0.0237711920163404,-0.475976376391645,0.0350817498143742,-0.401970839443017,0.0248256792986182
-0.5,0,-0.524566370306284,0.0268212787877525,-0.557386230233712,0.045038351406374,-0.436486230272234,0.0274338918629746
-0.5,0,-0.482670814473153,0.0237624422796899,-0.523791996984715,0.0427485093190098,-0.376458905512917,0.0245765297790663
-0.5,0,-0.500354167610154,0.025298422157469,-0.478887956308973,0.0393886498476205,-0.378497114789559,0.0260009994180638
-0.5,0,-0.486443972417066,0.0228479782907525,-0.487994976059248,0.0396979652786523,-0.384945886095683,0.023854933953128
-0.5,0,-0.512339782857744,0.0263206718642947,-0.523990556897444,0.0402707666499619,-0.415232277001872,0.0269260081721766
-0.5,0,-0.511761069851427,0.025509671128434,-0.517175110832028,0.0393192584726882,-0.408976266026593,0.0262623485826709
-0.5,0,-0.514398597904141,0.0258985281377523,-0.497554705624394,0.0399333975864124,-0.40815195230668,0.0266102566301102
-0.5,0,-0.489692071483531,0.0226332378706545,-0.504538274586927,0.0370645511847083,-0.408791677087334,0.0235933264013313
-0.5,0,-0.508204057086863,0.0240909589836563,-0.532213063927096,0.0412030501577715,-0.407726069374755,0.0250660193820037
-0.5,0,-0.471630470347185,0.0228322171566209,-0.441914668704115,0.0337177754714845,-0.356958799570649,0.0237448777492643
-0.5,0,-0.508096644980209,0.0243361891957725,-0.52385907951087,0.0402088230324517,-0.397618304084695,0.0252961544551429
-0.5,0,-0.51867264468604,0.0254470613582114,-0.474640474508256,0.0382724296049118,-0.410383304350521,0.0262898488314895
-0.5,0,-0.495369608115392,0.0242503386544402,-0.504652053280409,0.0399086490598256,-0.391816340553173,0.0250838146632496
-0.5,0,-0.50926868506075,0.0235679339129869,-0.499486164912077,0.0363577515746213,-0.398232478046121,0.0246987465478671
-0.5,0,-0.514014280089558,0.0242614524898991,-0.501368406293233,0.0374683156631272,-0.406205224096238,0.0252886674970965
-0.5,0,-0.53327099763045,0.0248638363986456,-0.55891826484922,0.0387402618164101,-0.458399720692645,0.0257911708896484
-0.5,0,-0.48975641003211,0.0230410031371305,-0.483478368749172,0.034841850914742,-0.396029596592074,0.0240069734994684
-0.5,0,-0.462437172018733,0.0228936120875858,-0.437214988396138,0.0327254921014261,-0.380084465371427,0.0236078925474513
-0.5,0,-0.497604744596652,0.0234226665887386,-0.442519789064085,0.0332696381901467,-0.394065902535533,0.0244346642028768
-0.5,0,-0.481352741131079,0.0240641747057583,-0.495672271551197,0.0405434492198033,-0.401860424160682,0.0247301160833611
-0.5,0,-0.502809244913308,0.0227232381955031,-0.489375650793053,0.0355545914072909,-0.414135363297555,0.0238350296772568
-0.5,0,-0.449020101158279,0.0229879952428103,-0.447009933616114,0.0355222606451322,-0.364864158965327,0.0235978175074025
-0.5,0,-0.489619063840512,0.0240351827091588,-0.462986351223286,0.0416454756429605,-0.386394212647164,0.0248545539986004
-0.5,0,-0.466637364509664,0.0240882210945689,-0.434838507934547,0.0392710180311606,-0.359468403973502,0.0247015836473038
-0.5,0,-0.536970198639438,0.0245808118204968,-0.552841014083334,0.0421419359588917,-0.415965788224814,0.0258391224407256
-0.5,0,-0.480583715147613,0.0230795796458283,-0.521573012105594,0.0382400862515271,-0.406304122436835,0.0238577166515016
-0.5,0,-0.47007942034067,0.023855765507548,-0.470375093661754,0.0368166794211662,-0.372085327817192,0.0245242738363581
-0.5,0,-0.476624123838454,0.0232128574828395,-0.506838951340567,0.041869120317518,-0.373971498487299,0.0240649445887506
-0.5,0,-0.477782196854866,0.0230005457739404,-0.46566381571741,0.034800554763743,-0.388118860807838,0.0238507473404701
-0.5,0,-0.481795087566341,0.0225208814722461,-0.468878451133083,0.0382434019167753,-0.39625468544722,0.0234635921555588
-0.5,0,-0.531351639884897,0.026499885714247,-0.529494023968293,0.0410900684348125,-0.431203697703939,0.0272538510941974
-0.5,0,-0.543652571872573,0.0276750533087855,-0.534578675416415,0.0403218513387383,-0.426423500787022,0.0283468341926207
-0.5,0,-0.520549164295575,0.0249751906605282,-0.513670306299684,0.0394403903028371,-0.42041207680948,0.025903371261815
-0.5,0,-0.509331287837591,0.0263351692325087,-0.494720512391699,0.039090837228035,-0.387516938610679,0.0269173764815541
-0.5,0,-0.487826188932609,0.0247007388963485,-0.486037995136784,0.0365434807254638,-0.383533998543481,0.0253840560872755
-0.5,0,-0.527608112124465,0.0265062902989009,-0.566124975231101,0.0431872252899976,-0.430437495280078,0.0272176435489755
-0.5,0,-0.488965718054911,0.023636190935043,-0.490898717911309,0.0357052103625058,-0.398023490754063,0.0244785238893192
-0.5,0,-0.591881625952995,0.0284801742545005,-0.581580180842495,0.0425872542025009,-0.485635283099527,0.0295150296649414
-0.5,0,-0.529205545775114,0.0250524123280035,-0.488263478875108,0.0363978433213377,-0.416369109292345,0.02609543205578
-0.5,0,-0.474708720665857,0.0230876128458757,-0.524151250036012,0.0508926697290196,-0.379573149127774,0.0239196993823751
-0.5,0,-0.488011703389536,0.0233456056717669,-0.484672151969735,0.0346786190529381,-0.387348335839611,0.024270070316009
-0.5,0,-0.476371998558132,0.0229045226870514,-0.459558134698238,0.0343492545391366,-0.368429851946101,0.0238293493486137
-0.5,0,-0.470809380958115,0.0230707744072391,-0.470273171457509,0.0442858849496883,-0.346313868379194,0.0239447405724189
-0.5,0,-0.534360147560613,0.0257142985048065,-0.483231548143908,0.0377727834652855,-0.418755534986966,0.0266832780286329
-0.5,0,-0.514075728874411,0.025166604006447,-0.531783427063038,0.04390903801676,-0.415319128398185,0.0259933661430926
-0.5,0,-0.523868460615368,0.024828753031378,-0.513434998976286,0.0415235055329562,-0.405319361151487,0.0258751641752097
-0.5,0,-0.475066786376265,0.0228824615542325,-0.446079017457133,0.0331572953468258,-0.359253676037457,0.0238210472882247
-0.5,0,-0.52349444224533,0.0262030798188649,-0.536481666854306,0.0432177255499918,-0.424225555405974,0.0269337954665573
-0.5,0,-0.477819714098088,0.0221524797737702,-0.454255620489513,0.0327539840533949,-0.390752277347723,0.0231333369175128
-0.5,0,-0.471908528356366,0.0233847184601838,-0.474182288823578,0.0425873228007718,-0.374191767748698,0.0241496137102462
-0.5,0,-0.493767838822628,0.0251343907050526,-0.482190384568009,0.0376515702640932,-0.393575814528171,0.0257862827822574
-0.5,0,-0.487894047284845,0.0239089227157223,-0.489684426459978,0.0378003539473852,-0.383004583868583,0.0247403434386853
-0.5,0,-0.483715523798515,0.0237743071016446,-0.494540721078101,0.0392231347790018,-0.398501486255522,0.0245265046984761
-0.5,0,-0.509291968897341,0.0253166597257633,-0.49127378353023,0.0428241551101425,-0.419229494243566,0.0260478636314248
-0.5,0,-0.53690852717061,0.025978339002475,-0.551688731191453,0.0458508170662709,-0.432386359915352,0.0268949185189267
-0.5,0,-0.523298449747422,0.025481378634316,-0.496335183950102,0.0379644379422836,-0.403332955877315,0.0263854692949604
-0.5,0,-0.498532901138221,0.0234962108634083,-0.528169619859921,0.0435056904821888,-0.402326951269474,0.0244717002316511
-0.5,0,-0.48205462487564,0.0231125937458886,-0.509863571024956,0.0461471777566048,-0.377442615981872,0.0240397561097743
-0.5,0,-0.481413272025843,0.0242273094377078,-0.439527255338207,0.0336894216633636,-0.375822088110783,0.0249420516977538
-0.5,0,-0.535925602378196,0.0244890285972979,-0.553376177108886,0.0430437886432812,-0.443918065274614,0.0256185794656178
-0.5,0,-0.515696437758741,0.0251544270529168,-0.532644465329474,0.039578317674462,-0.411028904388994,0.0260153471229476
-0.5,0,-0.496386445056251,0.0242558547722555,-0.477930199507959,0.0356958594192457,-0.391272935919115,0.025101983154602
-0.5,0,-0.47023045499179,0.0236614251035247,-0.490690926815272,0.0390237900376734,-0.368546441610908,0.0243733232948353
-0.5,0,-0.535359346388225,0.024354936691415,-0.529404435991428,0.0392337553473046,-0.440722918943741,0.0255197987637144
-0.5,0,-0.517198373415728,0.0241472012594708,-0.501459572236589,0.0365207316749485,-0.419542911977149,0.0251868027326141
-0.5,0,-0.510203891233167,0.0241700720649047,-0.472106854555157,0.044809645964364,-0.389687942928294,0.0252123590413533
-0.5,0,-0.479873918501248,0.0224841441280533,-0.463369682074996,0.0317557678551503,-0.386363960534497,0.023460750355462
-0.5,0,-0.469423131271497,0.022338846831624,-0.487216958027016,0.046195190313363,-0.352484765077973,0.0233374191756339
-0.5,0,-0.518391900562118,0.0257684343869806,-0.493387749805961,0.0368888713167602,-0.424618863562159,0.0265147174072103
-0.5,0,-0.487717926229525,0.0230923887091595,-0.444888130860729,0.0348441382442001,-0.372447104328792,0.0241125235152679
-0.5,0,-0.491065381991045,0.0231787828091912,-0.496432496588497,0.0367564147403683,-0.402081589145512,0.0241080369086814
-0.5,0,-0.514243759159981,0.025426983315943,-0.472470060449314,0.0370621703027362,-0.383695593390629,0.0262511304355772
-0.5,0,-0.482069564705875,0.0225319353673724,-0.450330720060035,0.0361087516832732,-0.373920748962661,0.0235859892947889
-0.5,0,-0.494184674703287,0.0239713024423751,-0.4886539105858,0.036936152346477,-0.404428084157781,0.0247964439772436
-0.5,0,-0.50710297385911,0.0241467439323145,-0.472582454707416,0.0363447929943923,-0.399643302295262,0.0251253069544054
-0.5,0,-0.497343309334824,0.024093196889447,-0.483538927986575,0.0360592395476111,-0.401612918904472,0.0249484402263676
-0.5,0,-0.558075501351051,0.0252328950390831,-0.573825923175633,0.0408880062353442,-0.462479923993501,0.026472971461599
-0.5,0,-0.508137474296625,0.0238790568346333,-0.521709560645131,0.0427716043221214,-0.413347635426087,0.0248676540363047
-0.5,0,-0.501749771512051,0.0226173099720242,-0.517559631874654,0.0348898154422336,-0.426708638890451,0.0236340311533996
-0.5,0,-0.509335735073868,0.0258277055340026,-0.492436524602106,0.0380168915692225,-0.421211096940661,0.0264708308536836
-0.5,0,-0.52060426602214,0.0262234674517326,-0.498766340673316,0.0405393465243437,-0.424716717026805,0.0269169728877249
-0.5,0,-0.499223365127338,0.0243012449075021,-0.485988041339137,0.0364955443876623,-0.397688401624734,0.0251554768132612
-0.5,0,-0.478202618026625,0.0217808306012797,-0.448013249939906,0.0328830120447482,-0.38362684261304,0.0228766626736793
-0.5,0,-0.478841975257437,0.0244166863711007,-0.475033778945394,0.0413698263858824,-0.377525617473911,0.0250675412564251
-0.5,0,-0.513313864875233,0.0237309857062902,-0.455505385718836,0.0361319249343072,-0.394518875116978,0.0248983912859144
-0.5,0,-0.507491755004974,0.0247276871674261,-0.520104918635563,0.0418273765883517,-0.403468292826298,0.0255878229317084
-0.5,0,-0.48391787130602,0.0229481002593994,-0.483443655980603,0.0371089640343386,-0.37853196106055,0.0239273072136017
-0.5,0,-0.467492974547692,0.0229988563402704,-0.433383015887877,0.0332862896959435,-0.365495990425705,0.0238074923976089
-0.5,0,-0.502152407795235,0.0237431679342493,-0.481498610642585,0.0397917059006032,-0.398861848597841,0.0247366574383453
-0.5,0,-0.48266869246965,0.0232616803327701,-0.480371914140072,0.0357447781293572,-0.387965163305323,0.0241301407262794
-0.5,0,-0.533320244598739,0.0263314739809373,-0.586293767165827,0.0481911371306534,-0.440804548184849,0.0271135469712993
-0.5,0,-0.52162705490458,0.0247596691231179,-0.568268488484901,0.0469748637611569,-0.41988154580587,0.0257449264643567
-0.5,0,-0.518113565156314,0.0248487000414543,-0.51492471059921,0.037206319338097,-0.432976265796163,0.0257126780384979
-0.5,0,-0.493675936368522,0.024429400720499,-0.462735997518904,0.0379082963378813,-0.37661100555411,0.0252385823816019
-0.5,0,-0.509795770629641,0.0245192077379612,-0.477834376983385,0.0376502398716757,-0.403168447951313,0.0254491651980497
-0.5,0,-0.533931768061867,0.0254768684024211,-0.454022451768557,0.033911767874882,-0.405141234114406,0.0265143351222699
-0.5,0,-0.450303505858294,0.0217364365144433,-0.466584797016825,0.0324459379976514,-0.371242639665142,0.0225219664114165
-0.5,0,-0.459709695523492,0.0230057875216853,-0.480874004561166,0.0364085882886237,-0.368112340470057,0.0237166038903934
-0.5,0,-0.522162196027844,0.0257443565424343,-0.466853752914279,0.0358321986163984,-0.399942573912325,0.026582942991071
-0.5,0,-0.516996079014214,0.0259593835899409,-0.521747668433415,0.0414317772774915,-0.407509121439266,0.0266889081122721
-0.5,0,-0.458230022449559,0.0238332775166728,-0.47360391671534,0.035115844871908,-0.398504924136224,0.0242949203148553
-0.5,0,-0.514332201169006,0.025906210626412,-0.517663553846624,0.0416342498482615,-0.417227501743566,0.0266004276359623
-0.5,0,-0.485901878928074,0.023262593914098,-0.481465146134376,0.037242527852644,-0.378690699935235,0.0242057937731912
-0.5,0,-0.493407022806641,0.0246141509864991,-0.480944411470878,0.0400502088339445,-0.398042839719267,0.025342704156598
-0.5,0,-0.524053647801963,0.0244828590836198,-0.473985155816766,0.0344668456299725,-0.41579817584489,0.0255719991671864
-0.5,0,-0.523679042878933,0.0242874716237033,-0.522679139021336,0.0370191715976108,-0.423063887406276,0.0253790366527237
-0.5,0,-0.519447101659935,0.0241460454896539,-0.534903716063094,0.0407794634479761,-0.410722136323355,0.0252566440217845
-0.5,0,-0.503221489494259,0.024013374151091,-0.488114110480563,0.0370728232506191,-0.384426756878593,0.0250101134341151
-0.5,0,-0.503739979973309,0.024437995057097,-0.448228909700321,0.0339711287340035,-0.393517997613304,0.0253331149545239
-0.5,0,-0.486938299437784,0.0235470027865866,-0.515179494110922,0.0393488507005684,-0.392375203521523,0.0244019902278785
-0.5,0,-0.46380284926599,0.0230862066295771,-0.462592403055184,0.0365562380147303,-0.36560935254254,0.0238367285968071
-0.5,0,-0.495973188776885,0.0247206072420226,-0.496363937456822,0.0425923481550641,-0.390870332799954,0.0254757916452792
-0.5,0,-0.475682370713845,0.0247135767483213,-0.420993077049564,0.0335746565891454,-0.344765367351924,0.025290292243027
-0.5,0,-0.450013811526239,0.0212992149380361,-0.417447667858545,0.0343872780906233,-0.345304138208312,0.0222816795631099
-0.5,0,-0.477190480729555,0.0238190844852156,-0.459837436697897,0.0389588162262629,-0.382033591048504,0.0245456953464428
-0.5,0,-0.487967971005677,0.0228416326524549,-0.456458480483031,0.0336084540322362,-0.400911028503912,0.023791216883716
-0.5,0,-0.498342681212966,0.0243652434062631,-0.473693250424444,0.0342558321288377,-0.409632830507825,0.0251556718935042
-0.5,0,-0.499624439624976,0.0247547008053605,-0.448663886071622,0.0371336463725373,-0.388684134798454,0.0255486265567833
-0.5,0,-0.505610765443211,0.0254935240121013,-0.52190570194796,0.0422332635065831,-0.413407797812259,0.0261700824082726
-0.5,0,-0.51202703134449,0.0253829694993235,-0.485805259423121,0.0388542393493759,-0.40560806920781,0.0261687933660603
-0.5,0,-0.508195060087661,0.0254092651446734,-0.511557315282361,0.037655241168888,-0.424887969437258,0.0260937028442053
-0.5,0,-0.503983044120398,0.0241779418938265,-0.52249207608636,0.0432731788399403,-0.411272224169087,0.0250658213143573
-0.5,0,-0.45709567070497,0.0220172291954393,-0.464613436858256,0.0374032201423789,-0.355067349880757,0.0229160284123128
-0.5,0,-0.527018793922647,0.0251751223527114,-0.548302181303745,0.0391907000647494,-0.444341029132603,0.0260504063149723
-0.5,0,-0.543990730058846,0.0263675882647043,-0.523448869759066,0.0405869087398089,-0.444145322445228,0.0272690937010124
-0.5,0,-0.543164130763095,0.0277245609848741,-0.541687967299777,0.0400727805743336,-0.444890584330348,0.0283716265242998
-0.5,0,-0.48270226195887,0.0238435293008423,-0.488764844684617,0.0373728008066771,-0.38293248960826,0.024626193454379
-0.5,0,-0.519769403482543,0.0243985417816375,-0.511816857912013,0.0411805636140029,-0.402012357281224,0.0254897675839134
-0.5,0,-0.50572480726274,0.0245823520707709,-0.521037475016716,0.037136583629146,-0.421859103535973,0.0253784152946941
-0.5,0,-0.535755065000692,0.0249369893324945,-0.515718358538005,0.0380895145476174,-0.423767665963481,0.0260732974209975
-0.5,0,-0.463058274368722,0.0223619714259524,-0.508776085837756,0.0398236990128454,-0.391726670912695,0.0231003516241809
-0.5,0,-0.455469000671993,0.0223495029993733,-0.477351354785003,0.0390962015581493,-0.377841394000457,0.0230726547821508
-0.5,0,-0.520379945013394,0.0238871000896159,-0.531509156777297,0.0379734140088644,-0.41683066856925,0.0250372067739162
-0.5,0,-0.504485745670864,0.0248401714045031,-0.527479747163547,0.0443332182702808,-0.404301667021139,0.0256407947533374
-0.5,0,-0.487868005231113,0.0244586449955008,-0.50148562022033,0.041096886982973,-0.388038820297051,0.0251772359485824
-0.5,0,-0.479313740732788,0.0234868900099754,-0.463616281999731,0.0353744873003767,-0.373695104080611,0.0243206475014222
-0.5,0,-0.511442287163174,0.024503402278594,-0.500848142131895,0.035690461434839,-0.435501626211029,0.0253158599901421
-0.5,0,-0.460975167524764,0.0231413934439569,-0.460654325043924,0.0365442230818022,-0.361400561570674,0.0238624993410945
-0.5,0,-0.522227757818031,0.0245368831451248,-0.487435146797158,0.0374747871258794,-0.408393959522101,0.025614278750458
-0.5,0,-0.496611023645515,0.0234902823231952,-0.492616584604779,0.0375783911582115,-0.418025825605649,0.0243554290694296
-0.5,0,-0.477928769194213,0.0234493501039324,-0.470426868401816,0.0357718721994339,-0.38124087090528,0.0242510484360361
-0.5,0,-0.474487241599843,0.0239731614228769,-0.446880174154978,0.0327919468937739,-0.36835207469093,0.0246741326031298
-0.5,0,-0.476741754496051,0.0236825798691682,-0.477783204945153,0.037887797423996,-0.367514270355154,0.024463936648912
-0.5,0,-0.524386618599404,0.0259591861238476,-0.507859844087419,0.0441279359375788,-0.404072062693791,0.0267752815426364
-0.5,0,-0.485163339515371,0.0232071746800423,-0.443492500366548,0.0336197388767702,-0.392319029816028,0.0240990182712713
-0.5,0,-0.54513031338493,0.0253208637133459,-0.576749193642047,0.0479668898318662,-0.448026004494187,0.0264175914686841
-0.5,0,-0.471639193877055,0.022852867361771,-0.461779243086787,0.0336257929238266,-0.365137444701706,0.023739275567676
-0.5,0,-0.524065522679985,0.0252238974669982,-0.520680973625694,0.0423210657283026,-0.415824519139197,0.026165025158022
-0.5,0,-0.455015418849196,0.0230230362494095,-0.48878818853279,0.035859342796803,-0.362672201380705,0.0236968099768587
-0.5,0,-0.569770266565443,0.028745100611429,-0.571071175082702,0.0496028115798991,-0.47387931225857,0.0294691240619414
-0.5,0,-0.486381546554593,0.0239782661674519,-0.469643317129087,0.0375030801020534,-0.39483383811546,0.024743235746673
-0.5,0,-0.540477547312643,0.0259065713293021,-0.512541512350074,0.0399561237976492,-0.418038089699087,0.0269160299186488
-0.5,0,-0.510329998343165,0.0252011076956551,-0.458325743233756,0.0364189094183536,-0.395470902824366,0.0260192768165795
-0.5,0,-0.502583967482379,0.0234403117533124,-0.503543776977074,0.0374217130419639,-0.393634440195322,0.0245196924420574
-0.5,0,-0.499615470129484,0.0254900683908107,-0.516079465651094,0.0448477011754584,-0.397295500502854,0.026134003148837
-0.5,0,-0.460131500218289,0.0235684431532199,-0.469875995201438,0.0367837201771687,-0.373183878728018,0.0241783748316928
-0.5,0,-0.52593618968858,0.0250404687176456,-0.540417324512122,0.0379046483403122,-0.438952772355457,0.0259509425879927
-0.5,0,-0.47775938501362,0.0234295364000382,-0.443808253195636,0.0335729389257814,-0.391792949468128,0.0241926983718749
-0.5,0,-0.503562382064651,0.0240565172342766,-0.50118316673162,0.0413229391988619,-0.38415242659746,0.0250490720047865
-0.5,0,-0.486377690067462,0.0234455393845723,-0.508490867596957,0.0361708188499296,-0.412706490051613,0.0242093900365479
-0.5,0,-0.468099280025248,0.0227314514187119,-0.441805843468243,0.0398461358197027,-0.355619466363578,0.0236252697988765
-0.5,0,-0.483796693048447,0.0226647295286942,-0.463600345087088,0.0356864920029591,-0.39038125033369,0.0236432822940458
-0.5,0,-0.509547268733277,0.0260920457032407,-0.537129533979295,0.0440940482155637,-0.39761018381379,0.0267254706513575
-0.5,0,-0.488551551617959,0.0232326837290818,-0.4721272027745,0.0360794319347182,-0.374356284690461,0.0242291052566744
-0.5,0,-0.486651422783491,0.0229365183817222,-0.49451560130377,0.0362309681165652,-0.398639186539131,0.0238640663766481
-0.5,0,-0.519986377246438,0.0255332660680609,-0.542033093507601,0.0417554269645119,-0.431618274564153,0.0263153217822264
-0.5,0,-0.50317116881006,0.0244923598625022,-0.487462571569473,0.0396215132870127,-0.36678627705174,0.0254054114304357
-0.5,0,-0.445781011159246,0.0201989278405049,-0.412352777511069,0.0294890313638522,-0.360289828040498,0.0212392359149012
-0.5,0,-0.532169684322689,0.0260221422566357,-0.534746269922846,0.0403232430306254,-0.423084603828987,0.0268923341936756
-0.5,0,-0.468605954378451,0.0232925202649905,-0.456772880472555,0.0354371417568744,-0.381403565066147,0.0240107767292368
-0.5,0,-0.509990428967336,0.0234573460036795,-0.492004679823325,0.036929896890752,-0.43340594926877,0.0244220834747059
-0.5,0,-0.528401270376405,0.0258473658612819,-0.520188218901523,0.0384244748665009,-0.430133463801599,0.0266857066712699
-0.5,0,-0.53912885543467,0.0253240633123765,-0.487645947782909,0.0368347624133862,-0.416042413451222,0.026447324160544
-0.5,0,-0.492088836662367,0.0241990914406317,-0.485753423292164,0.0391408452910271,-0.405928714120125,0.0249545824568951
-0.5,0,-0.458283648864992,0.0215319619952201,-0.476014854382914,0.04083479915331,-0.36863167235271,0.0224711450699794
-0.5,0,-0.493539722652308,0.0246186565796836,-0.465471732741347,0.0353966845943556,-0.402839038781417,0.0253339897404253
-0.5,0,-0.535593029523727,0.0261318724182889,-0.510774721221161,0.0397056321901708,-0.427645693915243,0.0270137873058643
-0.5,0,-0.499480402146942,0.024101275733051,-0.488643280059617,0.0384617218734038,-0.409679060801791,0.0249501277901128
-0.5,0,-0.509732870271676,0.0238007178273159,-0.509237681371851,0.039088259570457,-0.391883818618106,0.0249105447354785
-0.5,0,-0.483011530583845,0.0240564801726008,-0.511619831492075,0.0430738202249877,-0.403457222809577,0.0247361120332
-0.5,0,-0.445574546776333,0.021738878183442,-0.469646947974778,0.0372837848570336,-0.355033595171438,0.0225454339004696
-0.5,0,-0.506433875484433,0.023309378560788,-0.50754351782668,0.0370655275572864,-0.409445059566278,0.024398237593342
-0.5,0,-0.469274001671239,0.0224073887988239,-0.454341049759983,0.0351064500928437,-0.376199415304284,0.0233036744707392
-0.5,0,-0.490767599166366,0.0259333717772373,-0.520493519979952,0.0417591155463863,-0.392010461139887,0.0264214205469228
-0.5,0,-0.530079301817911,0.0263697348516008,-0.507129337358832,0.0387380811667035,-0.412510319276827,0.0271601492753645
-0.5,0,-0.47646741410242,0.0247580549670637,-0.4634631382655,0.0376778027365111,-0.383605590326809,0.0253176957728169
-0.5,0,-0.518715906592633,0.0240285066299211,-0.495062391697991,0.036538413567314,-0.43122852608365,0.0250487732726505
-0.5,0,-0.498763503934743,0.0234919026727854,-0.51622612274807,0.0371396900154133,-0.397541039180955,0.0244923693706128
-0.5,0,-0.540662684535065,0.0267872381851404,-0.546741901118654,0.0455614113770876,-0.424611481025805,0.0276052985917661
-0.5,0,-0.517692528462428,0.0245813887119462,-0.500901969746393,0.0380160741751184,-0.414604828554733,0.0255664289622891
-0.5,0,-0.520407093015257,0.0254328172796952,-0.473434713609054,0.038107961616215,-0.396059405848908,0.026320541290559
-0.5,0,-0.497224260950714,0.02408372862209,-0.508185305452231,0.0400806996735337,-0.403478870345361,0.0249320731537714
-0.5,0,-0.469481035606588,0.0229483150493628,-0.508954184377607,0.0399923090841331,-0.383665980045938,0.023722819889904
-0.5,0,-0.522877629408943,0.0243020568027101,-0.521546354703098,0.0412314288374182,-0.41262406144309,0.0254231036555915
-0.5,0,-0.477730612291094,0.0242236372964618,-0.459712346541452,0.0337345072363375,-0.386659350326376,0.0248759258242751
-0.5,0,-0.552661187274047,0.0256534902781914,-0.558423121385587,0.0403881529237156,-0.464973998488278,0.0267124070979001
-0.5,0,-0.51740843534511,0.0256577470392844,-0.549125650505604,0.0424404105706026,-0.445544202281567,0.0263279335371853
-0.5,0,-0.478486287274522,0.022654609898205,-0.485445844691254,0.0334503278147502,-0.393399529495382,0.023545185874459
-0.5,0,-0.481355953677794,0.022408317029638,-0.462489006766702,0.0350217657910568,-0.365780740108255,0.0235080928622339
-0.5,0,-0.486258897175654,0.0238252077558356,-0.453743378714732,0.0350965522704329,-0.367295982675082,0.0246868310831339
-0.5,0,-0.555831497614426,0.0254521648350731,-0.553313547263276,0.0396291352104288,-0.457753133999887,0.0266411529798936
-0.5,0,-0.495556714983247,0.0240927526669835,-0.512861922932115,0.040429004394025,-0.389480110514636,0.0249645731486154
-0.5,0,-0.508936995159036,0.0252245096769367,-0.530675583379655,0.042693942930739,-0.420564879293076,0.0259621882832104
-0.5,0,-0.546652005382336,0.0244653020831785,-0.583376443813167,0.0478274100753315,-0.453629362680683,0.0257142053286687
-0.5,0,-0.52835367492627,0.0252340362102069,-0.524800229957271,0.0390356539036732,-0.418502680876387,0.0262223951580728
-0.5,0,-0.457999393496211,0.0230206969338905,-0.496495143342632,0.0442718545837296,-0.363685549699804,0.0237239730373066
-0.5,0,-0.512581154977289,0.0251609370248721,-0.508383342730325,0.0371652775147782,-0.43197804114804,0.025907742942888
-0.5,0,-0.504713841631579,0.0236345619019411,-0.49000398322738,0.0366374035746584,-0.39975471129655,0.0246810682406691
-0.5,0,-0.495522806071565,0.024609545340522,-0.461380859461971,0.0400427162211431,-0.370136599917106,0.0254081228262257
-0.5,0,-0.494163705110439,0.0240995057461169,-0.480834558633723,0.0381903886195443,-0.390040876178136,0.0249514966986793
-0.5,0,-0.531541954962719,0.025632808241516,-0.502316992298876,0.0377946339289583,-0.418618741055031,0.0265822311507469
-0.5,0,-0.501026937257848,0.0239011888728864,-0.499376113099138,0.0414613779749839,-0.395971509350822,0.0248595767502222
-0.5,0,-0.566205869333759,0.0290558243040352,-0.547992210722463,0.046322755692669,-0.4333116251462,0.0296790021425103
-0.5,0,-0.502480919191564,0.0238485203547782,-0.494945296355595,0.0404662347712792,-0.392298137400529,0.0248485213087275
-0.5,0,-0.481073506956717,0.0236639706997187,-0.453782904703415,0.036656042122841,-0.385225170156065,0.0244523245260759
-0.5,0,-0.513475560516069,0.0248827621199909,-0.500354152677869,0.0411772699118066,-0.393557111551474,0.0258069635782211
-0.5,0,-0.496674316405927,0.0246100904777558,-0.469834758022356,0.0369742902847802,-0.405910989428303,0.0253533268171881
-0.5,0,-0.50513560631938,0.0256773075820077,-0.548892781350503,0.0516145666391282,-0.40648325546135,0.0263319817160981
-0.5,0,-0.511076113398001,0.0250429636448836,-0.521483020320345,0.0390300771364551,-0.417718778881237,0.0258468370731009
-0.5,0,-0.5310221687999,0.026085833465314,-0.506193325590982,0.0377267087599625,-0.449083877265919,0.0268479670395508
-0.5,0,-0.52828539375535,0.0262979562560277,-0.53493781383365,0.0406500494455735,-0.443524732866654,0.027015034213595
-0.5,0,-0.49975800946532,0.0243774117793753,-0.522947902786866,0.0369512941540272,-0.422173347584487,0.0251268852652129
-0.5,0,-0.51695642504692,0.025001411741321,-0.525493863106721,0.0460996985716866,-0.396249088216337,0.0259392835443333
-0.5,0,-0.532013777872878,0.0244871219436238,-0.535674345944811,0.0443052503354796,-0.421785746863188,0.0256692407091979
-0.5,0,-0.549305730136358,0.0263478508664258,-0.540428123283456,0.0437777975479584,-0.453825636307301,0.0272904995697725
-0.5,0,-0.474444656448142,0.0234051664193629,-0.49720205531234,0.0463567950687825,-0.378983554314117,0.0241808837715612
-0.5,0,-0.506698218268646,0.0246431341381338,-0.526477616353177,0.0372963009353668,-0.418247705149801,0.0254576472670466
-0.5,0,-0.525520409636384,0.0239399350553851,-0.509698732808652,0.0387320760884855,-0.418056686412482,0.0251524713964852
-0.5,0,-0.484580581542199,0.0232908063108921,-0.525204730257154,0.0405878694552814,-0.405213187802111,0.0240969464851266
-0.5,0,-0.576935450380557,0.027743015077724,-0.585842823521442,0.0457767295683872,-0.448761013539613,0.0287940208828637
-0.5,0,-0.50050271177854,0.0238759758615891,-0.508014860225363,0.0380345588612673,-0.398811861120664,0.0248222017352245
-0.5,0,-0.495812918675931,0.0241089152848501,-0.507174101836104,0.0372391049171705,-0.412513041402044,0.02489646453866
-0.5,0,-0.547365747536618,0.0268362583542031,-0.543118990352426,0.0392288484637125,-0.444642177944376,0.0276930651125497
-0.5,0,-0.491992367698508,0.0233993750814404,-0.493133585162856,0.0371583379759913,-0.389036119567189,0.0243595956070006
-0.5,0,-0.465835723847396,0.0225292067190079,-0.455608047345894,0.0350626218659608,-0.380571081348684,0.0233400241557206
-0.5,0,-0.519297684265321,0.0243274551077909,-0.517800217418519,0.0403681230130914,-0.405553620913031,0.0254166547910485
-0.5,0,-0.538053680273327,0.0262967719040669,-0.547675200666744,0.0472379652954009,-0.427111489679919,0.0271781981179013
-0.5,0,-0.509233340667248,0.0253649319282564,-0.542653710706347,0.0441236504429571,-0.413056541983835,0.0261050906120609
-0.5,0,-0.465945296711408,0.0235697145942244,-0.449186131166457,0.0333472879314637,-0.37075548756589,0.0242465583413557
-0.5,0,-0.497066572137832,0.0250457869899578,-0.513735202788635,0.0389306476318522,-0.412707666068347,0.0257013216013235
-0.5,0,-0.523961758968015,0.0255077335024585,-0.562462539268133,0.0445857759874429,-0.416093801601618,0.0263912788958275
-0.5,0,-0.513682062208461,0.0239601157521257,-0.500457780644954,0.038577122907611,-0.384186778249014,0.0251083542033455
-0.5,0,-0.496008207296907,0.0246125770791935,-0.468870873245649,0.0357946102224533,-0.40556274046025,0.0253487405359996
-0.5,0,-0.501799149921863,0.024140957277245,-0.47938019725241,0.0363689070769813,-0.393825580282308,0.0250693768159165
-0.5,0,-0.482183264834457,0.0228189973208789,-0.491942772807176,0.0365428016032443,-0.400024076181969,0.0236961279904769
-0.5,0,-0.513453609733697,0.0254682029507602,-0.530996261434896,0.0403645562285114,-0.417613161006879,0.0262274975795975
-0.5,0,-0.503548809863437,0.0244546471219105,-0.468786426668034,0.0392532633430518,-0.383648924196707,0.0253637293554568
-0.5,0,-0.485943905469294,0.0231056090936632,-0.487238059148569,0.0345343498871702,-0.415504417181143,0.0238940089421663
-0.5,0,-0.493123046211571,0.021833228303392,-0.558168383067004,0.0462186299356968,-0.401458274076165,0.0230386287344801
-0.5,0,-0.49459319955714,0.0244198962803813,-0.543294612298135,0.0399745925950129,-0.420391034554057,0.0251074884608647
-0.5,0,-0.499508180577902,0.0247588579231385,-0.4681474076816,0.0353663860725698,-0.391158937145959,0.0255463009623549
-0.5,0,-0.477803405699558,0.0229913854609371,-0.494801175104346,0.0393928102479445,-0.392997798656158,0.0238200368358291
-0.5,0,-0.507678039780402,0.023938254996903,-0.508502540034304,0.0357327452300423,-0.413700803689917,0.0249079943853377
-0.5,0,-0.539615282509775,0.026101929928714,-0.526389264660908,0.0467154057877494,-0.415143827924306,0.0270614968198304
-0.5,0,-0.473150726736804,0.0224822693091408,-0.466846952874744,0.0357068182621257,-0.395559762933691,0.0233143898735688
-0.5,0,-0.481505186154623,0.0226259476242002,-0.469275430633168,0.034993113662128,-0.376135911692903,0.0236448906785135
-0.5,0,-0.507944051364907,0.0259431330079374,-0.487588909352722,0.0379790323321638,-0.404469733496494,0.0265828448601393
-0.5,0,-0.504069374934464,0.0245676906628009,-0.479186509340515,0.040009728451764,-0.359061956658004,0.0254742198614531
-0.5,0,-0.476775335170812,0.0231828761228117,-0.465566412651855,0.034218371465046,-0.384794158384613,0.0240036794578273
-0.5,0,-0.51300784841868,0.0255475378478492,-0.509265808949895,0.0410793181349372,-0.391361249099166,0.0263291336641487
-0.5,0,-0.489793099217305,0.0248831364378516,-0.483200240545363,0.0397226692722737,-0.394478044994466,0.025535031048275
-0.5,0,-0.484089910081032,0.0231532725668131,-0.467900957356114,0.0327967987888294,-0.392078622114372,0.0240414616333382
-0.5,0,-0.491812391510813,0.0248471530277113,-0.532700839405879,0.0433330834114361,-0.406075172033482,0.0254964725870287
-0.5,0,-0.489209249344394,0.023811143267664,-0.5349273486944,0.0591598063408189,-0.380544161746507,0.0246833474561725
-0.5,0,-0.535908942748345,0.0261673710281319,-0.618109135709647,0.0520573402451407,-0.435519548851825,0.0270267578205867
-0.5,0,-0.48247965544662,0.0243621352752341,-0.523891496757237,0.0409096104501277,-0.399679429708454,0.0250044048011549
-0.5,0,-0.532928896765875,0.0274819211083532,-0.559293985908199,0.0452478615140697,-0.431436590826756,0.0280779635407443
-0.5,0,-0.515715698300948,0.0251779472829466,-0.539666095802728,0.0405596025360345,-0.414014054822963,0.0260266776248231
-0.5,0,-0.519466573913366,0.0249905132595655,-0.609223361082109,0.0467645461430427,-0.443186744187591,0.0257958718100291
-0.5,0,-0.498454221832736,0.0238278268995436,-0.512131080614238,0.0413272492143949,-0.420571673593423,0.0246514813888753
-0.5,0,-0.482772605028469,0.0222234048568117,-0.45856868619768,0.0354318149125817,-0.375328173604058,0.0233437048812468
-0.5,0,-0.485582064350328,0.0251211258692814,-0.465895738018091,0.0378945750885015,-0.390401268788688,0.0256981362059969
-0.5,0,-0.47343586434248,0.0232980976445183,-0.462125683187874,0.0363843097948844,-0.393333440312364,0.0240223610550494
-0.5,0,-0.448961345942758,0.0224841375572015,-0.442914762167551,0.0330056823631516,-0.330226563457041,0.0232631954762959
-0.5,0,-0.486446673960538,0.0234539397191034,-0.468467310264755,0.0410434967877963,-0.372889188754084,0.0243824164903434
-0.5,0,-0.568787815610571,0.0275108999246518,-0.518298636670839,0.040741476192649,-0.469507242773175,0.0284544130974458
-0.5,0,-0.529601636899952,0.0253050973056991,-0.567094531727759,0.0445385709561854,-0.425305761167438,0.0262754522598856
-0.5,0,-0.50562345930301,0.0261154248511662,-0.537131716011083,0.0471278387294951,-0.40482631340785,0.0267010193154771
-0.5,0,-0.5654155416128,0.026625118659019,-0.54253179586391,0.0398777091584365,-0.466584800979794,0.0276965862580481
-0.5,0,-0.552854967177425,0.0259049307692893,-0.578385243048158,0.0478737358591497,-0.447421163304833,0.0270080292004298
-0.5,0,-0.490124655597764,0.0241092119360176,-0.500229393647056,0.039255239786205,-0.375587350779568,0.0249439663471182
-0.5,0,-0.46520643905257,0.0228460498077188,-0.490642960851355,0.0388482325430775,-0.381799569303685,0.0235930696215146
-0.5,0,-0.510490191878806,0.0267368397095713,-0.527291181956841,0.0407697443904712,-0.421181896356047,0.0272484469989335
-0.5,0,-0.532281733450735,0.0251728442909081,-0.52908209133876,0.0445272564835989,-0.440152176178579,0.0261447717145566
-0.5,0,-0.513017657618805,0.0247103063550608,-0.492261115480973,0.0382751892908212,-0.433601476754006,0.0255237879101443
-0.5,0,-0.489955943447812,0.0234421465029238,-0.505143405104995,0.0392948762740821,-0.398096320103437,0.0243303798684922
-0.5,0,-0.449193857815977,0.0225014871139682,-0.44722302360632,0.0336264665982081,-0.357130697343133,0.0232153138045534
-0.5,0,-0.46478802577979,0.0232307844794813,-0.470025792896268,0.0423871063122779,-0.368821172650748,0.0239579409238515
-0.5,0,-0.49395150845021,0.0245445599314991,-0.457003341778829,0.0342042237155367,-0.38169486554515,0.0253266247721972
-0.5,0,-0.480425104577238,0.0234602393467698,-0.485727213659059,0.035756790296508,-0.391664417922414,0.0242515605715754
-0.5,0,-0.514061214945631,0.0248610354788932,-0.507549189128321,0.0372832356456265,-0.405550322946364,0.0257721422291065
-0.5,0,-0.498051746864072,0.0239058477525063,-0.510325661228303,0.038889662175758,-0.411675638066188,0.0247593505718877
-0.5,-0.5,-0.502149280053828,0.0234310881795283,-0.518743017794833,0.0517618210339061,-0.367447916176573,0.0245788285367713
-0.5,-0.5,-0.498062637739368,0.0232519348036779,-0.528326069194027,0.052561112204013,-0.350513250717403,0.0244123048229577
-0.5,-0.5,-0.535418451207757,0.0256054841905314,-0.528567537092822,0.050185291745016,-0.375788097626283,0.0266338193259278
-0.5,-0.5,-0.518525528616765,0.0250271685591051,-0.465873300512778,0.040064233212742,-0.369702413276762,0.0259937749403158
-0.5,-0.5,-0.505673484666984,0.0246108590679751,-0.556605651734997,0.0493572398789984,-0.375956519739007,0.0255208963683389
-0.5,-0.5,-0.49514928807325,0.0236404241460079,-0.52416659966884,0.0572848738183612,-0.360935780500018,0.0246583229750143
-0.5,-0.5,-0.51175149060288,0.0241058559014396,-0.516056724530566,0.0446637199734936,-0.381258257125988,0.0251999247068779
-0.5,-0.5,-0.563647741833473,0.0273856500122464,-0.518965497962228,0.0437682870694498,-0.389613122251463,0.0282991056615001
-0.5,-0.5,-0.493675089701411,0.0236668478137105,-0.482430201933187,0.0377036285528612,-0.358862378174595,0.02466281940821
-0.5,-0.5,-0.491013334201622,0.0233450420180449,-0.563211898943023,0.0539855243848335,-0.374340620988615,0.0243500018114598
-0.5,-0.5,-0.560882623724055,0.0295331350921665,-0.578165350649766,0.0505554793992814,-0.416125964232615,0.0299532733727352
-0.5,-0.5,-0.484744454684417,0.0255480547744132,-0.408047322525481,0.0364527134362917,-0.332330530811017,0.0259978731676106
-0.5,-0.5,-0.488527624384983,0.0244053395628195,-0.546028205601279,0.055838710509762,-0.360304512628164,0.025176645059115
-0.5,-0.5,-0.493394993533835,0.0235825365136609,-0.479428322034436,0.0468650894558638,-0.336217402736418,0.0246054667503318
-0.5,-0.5,-0.471397397446336,0.0242518388886926,-0.452692664045677,0.0448486095927436,-0.326828623667177,0.024874422704308
-0.5,-0.5,-0.49238605599996,0.0243874597404385,-0.475818790792946,0.0416329300092897,-0.350312306917398,0.0252044491332248
-0.5,-0.5,-0.52246234193596,0.0256635428733364,-0.51292581622446,0.0474238046939944,-0.357678555677468,0.0264996327474619
-0.5,-0.5,-0.503459506716894,0.0241726713056121,-0.438165776748913,0.0410641709189607,-0.321970696404627,0.0251398434495871
-0.5,-0.5,-0.511908853825025,0.0239052249549649,-0.533078866028231,0.0543200723717972,-0.359839353938348,0.0250737051359626
-0.5,-0.5,-0.509219995139319,0.0249977724130573,-0.475806421177003,0.0421595252584258,-0.359861425347817,0.0258586215805828
-0.5,-0.5,-0.498893943630462,0.0252362175451617,-0.548014313469944,0.0635845644715774,-0.319573120416848,0.0258561108660781
-0.5,-0.5,-0.514403624602927,0.024284547464388,-0.46002509764612,0.0412096597584706,-0.369909329990428,0.0253838945647247
-0.5,-0.5,-0.476785170663373,0.0228594451156692,-0.465858542494001,0.046132988213365,-0.342345882934699,0.0238558337777884
-0.5,-0.5,-0.52376263930887,0.0252802738342426,-0.505775067505496,0.0422459125389829,-0.366517028957153,0.0262433003501798
-0.5,-0.5,-0.50184953439489,0.0245743626363732,-0.523526174711406,0.0455604096226212,-0.383933548124432,0.0254377655785541
-0.5,-0.5,-0.456229954276432,0.0234973850510548,-0.442405039664416,0.0399906024859795,-0.32873284928898,0.0241439635210369
-0.5,-0.5,-0.479333745987379,0.0236485431171115,-0.518781447211258,0.0600997675458285,-0.332361624372021,0.0244945030419088
-0.5,-0.5,-0.482703053565078,0.0228387239948208,-0.584986948542004,0.0719391224265226,-0.331973416261242,0.0239224469389189
-0.5,-0.5,-0.496472708094086,0.0243234310333844,-0.529167929248431,0.0444311209071109,-0.388546235922766,0.0251644043940924
-0.5,-0.5,-0.496832134058414,0.0245708661204612,-0.490122132077745,0.0407506134195923,-0.374362875436813,0.0253889085104983
-0.5,-0.5,-0.51149082165194,0.0242890419927648,-0.515642750443024,0.0466082564567831,-0.368152878488775,0.0253510881290081
-0.5,-0.5,-0.507329676914707,0.0244367274087518,-0.474129145780463,0.0423960489908779,-0.356984859927606,0.025413113769663
-0.5,-0.5,-0.49405651974683,0.0237860504904855,-0.502485468068542,0.0574955497405423,-0.327985458200696,0.0247591545770802
-0.5,-0.5,-0.537157777835009,0.026162688160544,-0.526286395040989,0.0517254226470944,-0.384092031946426,0.0270766742621541
-0.5,-0.5,-0.497128640655727,0.0237601577980758,-0.591413339620422,0.0662502692264349,-0.357962250675196,0.0247775337792042
-0.5,-0.5,-0.524501144828503,0.0250704671711472,-0.500474241829457,0.0452146457564057,-0.377588326756123,0.026100808569636
-0.5,-0.5,-0.499380046601156,0.0224827087141222,-0.524436311374622,0.0620303726314741,-0.335324530737422,0.0238794328186345
-0.5,-0.5,-0.518538473993141,0.0247822407136783,-0.530135885410317,0.0459457815033339,-0.371499044682485,0.0258100546092858
-0.5,-0.5,-0.495127771064139,0.0246245483578923,-0.543485833094236,0.0492761917252765,-0.368460642728954,0.0254165280961025
-0.5,-0.5,-0.460076705895033,0.0230662294545198,-0.437113132854021,0.0384930011973484,-0.334519280702534,0.023837660727594
-0.5,-0.5,-0.485965487958195,0.0236088692451584,-0.454277368673422,0.040420850375447,-0.353674891225244,0.0245310888601629
-0.5,-0.5,-0.50557434977837,0.0252567912685517,-0.540695986591957,0.0480163724170002,-0.365338975356823,0.0260201772367315
-0.5,-0.5,-0.530010071938579,0.0247892837594833,-0.526795576525372,0.0511090849624848,-0.378893707171249,0.0259620511782054
-0.5,-0.5,-0.430593336052256,0.0211767426996212,-0.413920214309285,0.0369365594497521,-0.310455941103582,0.0220575891067921
-0.5,-0.5,-0.536865335956268,0.0261269434049877,-0.566411939795738,0.0533682893632671,-0.412077482518139,0.0270496850996357
-0.5,-0.5,-0.5089684042646,0.0250562822907645,-0.475232194887821,0.046577319430948,-0.351615570449827,0.0258916123800238
-0.5,-0.5,-0.476284422631321,0.0232702550860056,-0.492438151435424,0.0613921396495422,-0.307208495813406,0.0241628913823911
-0.5,-0.5,-0.473896887714614,0.023776971359479,-0.454848231732442,0.0467408465305122,-0.343596725064842,0.0245355749661841
-0.5,-0.5,-0.507156247000944,0.0249246060015574,-0.518364106589948,0.0499750136739103,-0.382598452796196,0.0257778559780308
-0.5,-0.5,-0.480795163419168,0.021813078502488,-0.495786059478896,0.049693227564959,-0.362263165496572,0.0230467449806851
-0.5,-0.5,-0.563292250364006,0.0270561650418936,-0.550245267867004,0.0472142204120066,-0.385824100646575,0.0280484358178952
-0.5,-0.5,-0.514884647285446,0.0256838002325677,-0.52073497314674,0.0470506561229521,-0.354306659430259,0.0264271476527684
-0.5,-0.5,-0.48679468495486,0.023909017354999,-0.444841382165193,0.0419433380085668,-0.314316627754298,0.0247529459980391
-0.5,-0.5,-0.534990454344197,0.0263231393288696,-0.582311450429762,0.0594835024826008,-0.38424325546613,0.0271720750683161
-0.5,-0.5,-0.529331487158474,0.0240743367228626,-0.512237282438782,0.0461357292016006,-0.374692560303419,0.0254286044983422
-0.5,-0.5,-0.515560488872174,0.0251260414387751,-0.584806157279103,0.053841128019931,-0.387121263821833,0.0260304423213364
-0.5,-0.5,-0.515707045715576,0.0234655086569616,-0.545464630658963,0.0464503492750233,-0.39707749757923,0.0247177822086242
-0.5,-0.5,-0.473156136469553,0.0223530046406448,-0.475759179699782,0.0425481576341907,-0.334449142379539,0.0234342167108348
-0.5,-0.5,-0.504288240719791,0.0243290789338802,-0.479092271999246,0.0450114469575413,-0.349813838453773,0.0252942126885445
-0.5,-0.5,-0.515215150655273,0.0247206143673777,-0.499293129499961,0.042641413058354,-0.376745615574116,0.0257205255696059
-0.5,-0.5,-0.51305636453767,0.0242206530918681,-0.548630574674565,0.0589186321434522,-0.355462744292966,0.0253224043219568
-0.5,-0.5,-0.547583364482991,0.027014758166624,-0.5964037635515,0.080295998716795,-0.377611852964572,0.0278132653668371
-0.5,-0.5,-0.550935997138244,0.0262033353779266,-0.514511530483485,0.0495836155048465,-0.382437741907755,0.0272732249700085
-0.5,-0.5,-0.527922338275689,0.0257081430847348,-0.587774142368963,0.0644673334761875,-0.391869692793491,0.0266263788722519
-0.5,-0.5,-0.517754709538664,0.0233935671584784,-0.53874411757913,0.0530555496040424,-0.380013072254095,0.0247454628497762
-0.5,-0.5,-0.521632845016888,0.0245023906166751,-0.551892108209843,0.0570474516143853,-0.376870865704375,0.02563747889318
-0.5,-0.5,-0.503230057593257,0.0251819726662721,-0.516775306863283,0.0560446157858833,-0.349798607429681,0.0259227115377032
-0.5,-0.5,-0.501652837523147,0.0245217921697922,-0.560551331406658,0.0608539014235751,-0.350204721408106,0.0254085469730498
-0.5,-0.5,-0.488497225782512,0.0247099057495309,-0.446878303920411,0.0397883304899932,-0.342490420449863,0.0254062548802806
-0.5,-0.5,-0.522928033485742,0.0243067448720116,-0.549804563120317,0.0585437469380338,-0.358112480474041,0.0255137748313535
-0.5,-0.5,-0.481551362164062,0.0228169502366254,-0.482563282819091,0.042037361466491,-0.349911836742604,0.023870364292693
-0.5,-0.5,-0.470657053449903,0.022851149930483,-0.467746265136172,0.0458625600779261,-0.320547608315928,0.0237939519692692
-0.5,-0.5,-0.507130083263481,0.0232369480906604,-0.485612582319047,0.0444739771127728,-0.370126880867028,0.0244950111487461
-0.5,-0.5,-0.45391197036847,0.0219202415101351,-0.51918895662401,0.0596734554489806,-0.332187564673843,0.0228673439598245
-0.5,-0.5,-0.493522010040559,0.0228572173907038,-0.45565329738172,0.0446472852223765,-0.334483389962011,0.0240723977662298
-0.5,-0.5,-0.490961478765587,0.024513859348581,-0.505765434178533,0.0553822500470999,-0.328977791283162,0.0252653850117646
-0.5,-0.5,-0.511731610247728,0.0247091625888631,-0.51854812947972,0.0502950095352555,-0.352081684024724,0.0256653282433067
-0.5,-0.5,-0.508912366817748,0.0245629552326444,-0.523171975858579,0.0520932225825788,-0.355843644622017,0.0255260156823585
-0.5,-0.5,-0.466677165037351,0.0224863765297574,-0.455922020562463,0.0392314974815725,-0.332505082338344,0.0234603024208278
-0.5,-0.5,-0.512056026852459,0.0243107308364607,-0.495649325287884,0.0457996153965498,-0.355902032880451,0.0253764944074252
-0.5,-0.5,-0.495483763461957,0.0245765063327805,-0.496116864918991,0.0528382113818613,-0.348727973697016,0.0253814007631519
-0.5,-0.5,-0.485676572161141,0.0230605816946972,-0.492677638622119,0.0543602666491376,-0.34329748081887,0.0241173465838391
-0.5,-0.5,-0.531547943438083,0.0256199216057594,-0.516630613401323,0.0472061389622988,-0.389213953164746,0.0266032929855244
-0.5,-0.5,-0.507584212193763,0.0238098431625391,-0.510285024081641,0.0416292500020074,-0.361212920754068,0.0249450609099628
-0.5,-0.5,-0.532006318978574,0.0263342490302602,-0.574354120634528,0.0678291967909913,-0.368758991209178,0.0271210918356404
-0.5,-0.5,-0.460961994762155,0.0222290209952542,-0.415612425269105,0.0369650712405063,-0.331776553874805,0.0231940712303431
-0.5,-0.5,-0.50243508618974,0.0243839878856842,-0.483268355093969,0.0429919996175273,-0.350045553632247,0.0253138455293915
-0.5,-0.5,-0.464745225488202,0.0247573380390913,-0.412629009931939,0.0382150497038979,-0.313552088775782,0.0251873587940805
-0.5,-0.5,-0.487675855541621,0.0248063800664471,-0.448882257541172,0.0389600177617849,-0.352958741222535,0.0254811344560763
-0.5,-0.5,-0.535594587060853,0.025300493913687,-0.524218772553891,0.0471325464440251,-0.373599030709469,0.0264105205226559
-0.5,-0.5,-0.475113918719768,0.0232720770196686,-0.427283016309444,0.040180633742111,-0.312366152637499,0.0241560724074468
-0.5,-0.5,-0.487610965494037,0.0249376645102756,-0.489629387358725,0.0506431483750477,-0.331888414217414,0.0255563338843892
-0.5,-0.5,-0.474727462695758,0.0231906065110097,-0.534214409634553,0.0517898240784456,-0.33634490967355,0.0240924813302387
-0.5,-0.5,-0.510801908287175,0.0243991142738035,-0.516016002675709,0.0578295792317515,-0.35811928879308,0.0254271180686074
-0.5,-0.5,-0.504076120813843,0.0242307240285011,-0.486084921617755,0.0419236279034918,-0.361796858283539,0.0252181495164415
-0.5,-0.5,-0.505009946039575,0.0252566004617798,-0.508986373098652,0.0505300914879336,-0.370582958174825,0.0260165644119619
-0.5,-0.5,-0.475426629798145,0.0223956947042962,-0.495839659072398,0.0464871483669639,-0.35778288103619,0.0234443917071662
-0.5,-0.5,-0.490750650102942,0.0244822153822583,-0.461176989290088,0.0409452611353708,-0.35096824035922,0.025260051175008
-0.5,-0.5,-0.510454228588737,0.0242551096914005,-0.476212033503189,0.0414943060084987,-0.355719015961451,0.0253153453233015
-0.5,-0.5,-0.540914256303285,0.0245875549200194,-0.512040545288783,0.0486397346966586,-0.336020544924381,0.0259247147851579
-0.5,-0.5,-0.522154409566673,0.0249693765457395,-0.560636391809365,0.0511488552140726,-0.384987495064179,0.025992224266893
-0.5,-0.5,-0.481756505078691,0.0242453228835991,-0.474835767138323,0.0476026918354705,-0.329139929511637,0.0249709933266067
-0.5,-0.5,-0.491066105090283,0.0246281708991812,-0.514561865629416,0.0485100333557359,-0.370117953921557,0.025374678142913
-0.5,-0.5,-0.481516891965563,0.0235181092602841,-0.449249965298096,0.0396777407654732,-0.335989804663133,0.0244195263184225
-0.5,-0.5,-0.52492339631185,0.0268362856094367,-0.513451660046951,0.0543870035926174,-0.358001963318515,0.0273933758380464
-0.5,-0.5,-0.484353059123512,0.0246308352138646,-0.485270822860028,0.0481426113310318,-0.327739676320829,0.0252863461323506
-0.5,-0.5,-0.520697455029131,0.0261288986719063,-0.525017996403959,0.0539593691319455,-0.344453662727616,0.0267908020138624
-0.5,-0.5,-0.499942830074224,0.0231967812221902,-0.546529135866419,0.0593247225612443,-0.34045207274442,0.0244026900082302
-0.5,-0.5,-0.492111991250709,0.0245082298683482,-0.593213022571561,0.0830922592259613,-0.328286992102278,0.0252718655777137
-0.5,-0.5,-0.501791143748917,0.0238210151615118,-0.536817253233002,0.0514840011991645,-0.349386376762747,0.0248851707784006
-0.5,-0.5,-0.487902959894982,0.0243436372475607,-0.478992361972505,0.0538071683730578,-0.316444493453254,0.0250870918207988
-0.5,-0.5,-0.455944247006463,0.0222918079194905,-0.428253047719857,0.0495801295577453,-0.302115497563327,0.0232113025917642
-0.5,-0.5,-0.540034576384088,0.0258215180159554,-0.533137722198042,0.0450190875718541,-0.369099738970735,0.0268395976915837
-0.5,-0.5,-0.478407627995223,0.0221006853186505,-0.459968016760884,0.0458419382732912,-0.333110573457354,0.0233135240149947
-0.5,-0.5,-0.470547181457658,0.0220839046997601,-0.448665271108422,0.0357471533139786,-0.33562132775202,0.0231934400128702
-0.5,-0.5,-0.549199331659448,0.0265605345087462,-0.505353775551851,0.0482510478269611,-0.355172754737197,0.027439739191318
-0.5,-0.5,-0.515572938185772,0.0255429660114084,-0.445520249908962,0.0360238770562735,-0.37048528757231,0.0263506755730498
-0.5,-0.5,-0.514998852384648,0.0246074038498476,-0.455850846181532,0.0366755320941273,-0.374232358571106,0.0256330074542528
-0.5,-0.5,-0.469205908770819,0.022386034935134,-0.531267836116817,0.0699295237099181,-0.337166440804703,0.023406132330147
-0.5,-0.5,-0.537471234046594,0.0243075434224671,-0.51722596837049,0.0482594509213091,-0.383380834232534,0.0257099715224352
-0.5,-0.5,-0.494336920971265,0.0247414988584306,-0.449239042900499,0.0425777140299502,-0.316382246905384,0.0254426880627612
-0.5,-0.5,-0.5113028022228,0.025335474956037,-0.556617732838185,0.0633091676298919,-0.376548054482545,0.0261473398523991
-0.5,-0.5,-0.529668675151795,0.025382327198538,-0.573474774603149,0.0532521825010222,-0.39418154081164,0.0263971201410339
-0.5,-0.5,-0.498195802882199,0.0243743490953859,-0.454788039863782,0.0426752767473303,-0.34239533322031,0.0252537758731666
-0.5,-0.5,-0.496757545836244,0.0246377968662218,-0.453116687715184,0.0404841318204045,-0.338489876158526,0.0254312535488056
-0.5,-0.5,-0.509122540439989,0.0258635227046288,-0.49205260004138,0.0431857134726208,-0.37147308305855,0.0265306051097998
-0.5,-0.5,-0.480928334679425,0.0238019777849192,-0.446716019357245,0.0361808062211678,-0.345508858360985,0.0246291088097386
-0.5,-0.5,-0.490722744520905,0.02344072062529,-0.474727816139641,0.0434309558677756,-0.350398746086207,0.0244618562246149
-0.5,-0.5,-0.525608538747624,0.0251994526867156,-0.496662673225159,0.0507340107322545,-0.354564244157532,0.0261913762190656
-0.5,-0.5,-0.485051618902933,0.0222597314204175,-0.474969548872864,0.0428852646922127,-0.328643925922487,0.023526212897643
-0.5,-0.5,-0.485624567446518,0.0224238263422725,-0.406069887191371,0.0338251454692044,-0.328366744147153,0.0236546630772967
-0.5,-0.5,-0.49703819896977,0.0232322206501153,-0.499051665616874,0.0472903903871712,-0.349146106649514,0.0243854622875535
-0.5,-0.5,-0.510773388964926,0.0245332459691477,-0.492922977949283,0.0451060455838333,-0.373390126769524,0.0255245413175713
-0.5,-0.5,-0.558797853752952,0.0272804424239328,-0.595457256166097,0.061942197540202,-0.388194143789934,0.0281619273066109
-0.5,-0.5,-0.494520152284029,0.0232904640818292,-0.535046624886405,0.0455408679544233,-0.372783545463913,0.0243570128368032
-0.5,-0.5,-0.49580987928804,0.0256520107873195,-0.445174188864325,0.0466721114595927,-0.315388565301294,0.0261200172668946
-0.5,-0.5,-0.526640419238477,0.0261498235410603,-0.531168023081072,0.065559121796917,-0.333679108739629,0.0268313312352178
-0.5,-0.5,-0.490362157796795,0.0226020994607483,-0.492258845492111,0.0433771730547985,-0.335426200021851,0.0238424423284152
-0.5,-0.5,-0.495007314496714,0.022830363944511,-0.438083845601894,0.0352395727824982,-0.348833115452482,0.0240585881470174
-0.5,-0.5,-0.506742560276814,0.0244487557596434,-0.463824499507162,0.0416303183586918,-0.335438409692862,0.0253974799204024
-0.5,-0.5,-0.528183438800228,0.0244516718784923,-0.544246979719241,0.0510767031595833,-0.375668995747311,0.0256888785980603
-0.5,-0.5,-0.463598073370184,0.0228445085735968,-0.46498412857543,0.0406513856515014,-0.339243705609711,0.0236951784715011
-0.5,-0.5,-0.536417827218311,0.0265946422797134,-0.725196295880461,0.0991042997319306,-0.401121673549775,0.0274099912127059
-0.5,-0.5,-0.526302567020903,0.0255596752444163,-0.458819384406602,0.0432840260857288,-0.356572183203372,0.0264646990178414
-0.5,-0.5,-0.487695484288397,0.0231839890857843,-0.438948488950922,0.0407261719751854,-0.335763429496913,0.0242399854662613
-0.5,-0.5,-0.529356742899823,0.0243673085999602,-0.514432646845387,0.0440306019514198,-0.372747092418448,0.0256445172397205
-0.5,-0.5,-0.50779729250066,0.023506089945023,-0.571023735242746,0.0585632943224919,-0.360041861284429,0.0247220405691941
-0.5,-0.5,-0.532917365845413,0.0257805324143558,-0.509307482842876,0.0518899054130314,-0.362061307110932,0.0267121477112549
-0.5,-0.5,-0.502965469131175,0.0237751086532679,-0.523400886412141,0.044695826925457,-0.367549506496074,0.0248521382611013
-0.5,-0.5,-0.506574796325563,0.0242367922349584,-0.430021025261516,0.0404917511357346,-0.324996677009858,0.0252267246781682
-0.5,-0.5,-0.495823486452944,0.0235155156666722,-0.470251037584784,0.0410562215671271,-0.360742401797555,0.0245712001659724
-0.5,-0.5,-0.46406051055659,0.0223682377654952,-0.475250137827697,0.0453627988257686,-0.334595086728735,0.0233344880979299
-0.5,-0.5,-0.503932229246905,0.0225474340394936,-0.509984195029427,0.0429341651959746,-0.372550405280931,0.0239196214180019
-0.5,-0.5,-0.547905528511063,0.0265704817890735,-0.572004448714651,0.0540671292304292,-0.382175728826866,0.0275025891320805
-0.5,-0.5,-0.502999690542255,0.0244392905051133,-0.44446604354248,0.0383704628267503,-0.331283652276761,0.0253422103714445
-0.5,-0.5,-0.494902678607509,0.0248004664260665,-0.469679839580585,0.0460115579037713,-0.332370045308907,0.0255245251369904
-0.5,-0.5,-0.487973025274191,0.023263295606796,-0.506248597912787,0.0466861124976394,-0.359666401002691,0.024279348001153
-0.5,-0.5,-0.474428013718584,0.0237138316037561,-0.443135759212377,0.0384468388635594,-0.319934739858978,0.0244859320307479
-0.5,-0.5,-0.537980209996701,0.0256006026522693,-0.592798352140967,0.0673347272024143,-0.377734141369924,0.0266640660726693
-0.5,-0.5,-0.486389247135995,0.0233047177323321,-0.482550229779877,0.0461795264078802,-0.32622887270315,0.0243143816934282
-0.5,-0.5,-0.511732454335524,0.0241098268103267,-0.588723322730499,0.0723985048667334,-0.382573020544501,0.0252004159993826
-0.5,-0.5,-0.493787296287517,0.0231632991887174,-0.510823070874406,0.05622468673843,-0.33025604846153,0.0243008418809138
-0.5,-0.5,-0.492274902576407,0.0219065210926962,-0.464555930138882,0.0437175952262721,-0.340118425618686,0.0233515978402852
-0.5,-0.5,-0.51132993985493,0.0241612536164868,-0.527144742605142,0.0521527611181045,-0.351664952174857,0.0252560667337048
-0.5,-0.5,-0.465030594972284,0.0230120521107915,-0.552866500622046,0.079912283910182,-0.339134880439527,0.0238431946815881
-0.5,-0.5,-0.46465490076975,0.0228052109351042,-0.465672179824765,0.03950375630972,-0.333895204421506,0.023682782242878
-0.5,-0.5,-0.480502859086581,0.0230569342944407,-0.458470134702482,0.0386605224271662,-0.330567495053641,0.0240601883199516
-0.5,-0.5,-0.485103487607391,0.0229165155748403,-0.475970006094249,0.040311034023101,-0.34263885163585,0.0240017313666135
-0.5,-0.5,-0.471047379330222,0.0231302590889794,-0.42285241599732,0.0419032329134597,-0.301518426217048,0.0239981611622892
-0.5,-0.5,-0.5237077954988,0.0252815606379856,-0.55195672137264,0.0555488829118449,-0.368952762434115,0.026245656920302
-0.5,-0.5,-0.457342231863503,0.0222180126662853,-0.458296805584736,0.0430300930422606,-0.333553085691741,0.0231395874213005
-0.5,-0.5,-0.489239742585758,0.0234345454067176,-0.480307605278679,0.0415035564897663,-0.350184267175974,0.0244392393740254
-0.5,-0.5,-0.474341048771984,0.0237297877600752,-0.455860323892687,0.0440713386570557,-0.329540453479768,0.0245031571705171
-0.5,-0.5,-0.52260664092063,0.0240833539093885,-0.451094916734156,0.0431946291341926,-0.365923764682192,0.0253461525932991
-0.5,-0.5,-0.444859055592015,0.0224319903844686,-0.407240910809255,0.0369783765874207,-0.317763276628124,0.0231944040493816
-0.5,-0.5,-0.525130195941268,0.0249102524447646,-0.528773612374317,0.0545821567162744,-0.35340043706922,0.0259747671787931
-0.5,-0.5,-0.50877982609807,0.0241051495790841,-0.457498841386502,0.0365499635359209,-0.338671473845838,0.025175793799896
-0.5,-0.5,-0.510560341447534,0.0229852231422927,-0.499926729734398,0.0449661782445386,-0.350249142697321,0.0243881282907841
-0.5,-0.5,-0.506713287436079,0.0242975021676757,-0.523910996080559,0.0551256957932615,-0.364982515982658,0.0252996345735968
-0.5,-0.5,-0.510582330250372,0.0246856878482254,-0.504309524579139,0.0525574613326101,-0.364218370301706,0.0256404492648366
-0.5,-0.5,-0.507854987940465,0.0241566132012236,-0.496722503053788,0.0486586653581238,-0.342130976593257,0.0252048230098084
-0.5,-0.5,-0.525423706245654,0.0253811257836042,-0.532624264090092,0.0494723843626326,-0.375188478079466,0.0263446728824256
-0.5,-0.5,-0.471983016595837,0.0225665086121179,-0.442499101864927,0.0393304456862173,-0.327679938137745,0.0235902240372503
-0.5,-0.5,-0.468883153053595,0.022500233635165,-0.458860128768638,0.0370233646159656,-0.343705484044489,0.0234787938390176
-0.5,-0.5,-0.493070282178436,0.0244213340461405,-0.50018925731582,0.0509043056185722,-0.335001742764029,0.0252261606180479
-0.5,-0.5,-0.532005832775794,0.0254583166556229,-0.5592357021472,0.049469168640764,-0.390384349150031,0.0264863902218326
-0.5,-0.5,-0.517132598122812,0.0244460621036704,-0.508113940868857,0.0465539170256304,-0.381203296455229,0.0255316154001974
-0.5,-0.5,-0.529003231427171,0.0265425512997277,-0.478413018610418,0.0491696825556649,-0.340422002632916,0.0271591907178449
-0.5,-0.5,-0.533424902751435,0.0264841457199363,-0.538374442217251,0.0501624766722638,-0.377908380228354,0.0272658935571757
-0.5,-0.5,-0.514889306323313,0.0236989122342784,-0.540793751564412,0.0569594288252372,-0.367351965421672,0.0249546904914976
-0.5,-0.5,-0.534969054867101,0.0241582024917246,-0.620810519084825,0.0682470127382292,-0.384410600057272,0.0255621383442305
-0.5,-0.5,-0.469696220458562,0.0224958024602451,-0.503387249103742,0.0533247933067754,-0.329560937458202,0.0235071385298563
-0.5,-0.5,-0.504254984651733,0.0239616599296595,-0.512911949084249,0.0546175789969302,-0.328817598789242,0.0250073315711132
-0.5,-0.5,-0.490276681372933,0.0233612610405666,-0.502826268364576,0.0482378419797539,-0.356323078766526,0.024388996290627
-0.5,-0.5,-0.444568264551369,0.0212473672959526,-0.47971516653912,0.0390902825048374,-0.3425446123091,0.0221808993153526
-0.5,-0.5,-0.507183801333315,0.0246878149761169,-0.531247848952347,0.0434275713036325,-0.393071733915166,0.0255761570091116
-0.5,-0.5,-0.51103828828556,0.0239672437285701,-0.496519809034769,0.0427619030131544,-0.363511291566675,0.0251063318923001
-0.5,-0.5,-0.487599065984125,0.0238837369590566,-0.475929587777081,0.0413621746860179,-0.349791398743418,0.0247646787583512
-0.5,-0.5,-0.523105731080974,0.0250253507873078,-0.532660015604924,0.0558815355161945,-0.362407221640764,0.0260434240297357
-0.5,-0.5,-0.586987712178805,0.0273117219074726,-0.503820666122539,0.0478425654253577,-0.410212144123339,0.0285966905731243
-0.5,-0.5,-0.477072328952322,0.0245897863552667,-0.578718186526983,0.071166715312538,-0.363969353713476,0.0252063351272178
-0.5,-0.5,-0.509014683160291,0.0238019512574364,-0.50225377683363,0.0496616247415833,-0.349219122254109,0.0249624755638336
-0.5,-0.5,-0.506880670746746,0.0252753398600338,-0.466812804821138,0.0389421365345456,-0.359857153080115,0.0260436486368805
-0.5,-0.5,-0.53702886898614,0.0263027584922393,-0.509822089502154,0.051250468601396,-0.368945027340961,0.027153955832637
-0.5,-0.5,-0.48341236198932,0.0234713944493335,-0.596246674488883,0.0565012139258919,-0.381413152262319,0.0243349310145353
-0.5,-0.5,-0.522476218165831,0.025375568546301,-0.556886886502804,0.0544016029243019,-0.376106063460245,0.0263057875456917
-0.5,-0.5,-0.485268057360018,0.0228111488955126,-0.480291088710516,0.0401262558127514,-0.34224190565105,0.0239246047209741
-0.5,-0.5,-0.513356486809266,0.0243092676694999,-0.537884587127858,0.0679655611525908,-0.325743582986313,0.0253595444361693
-0.5,-0.5,-0.512070715839421,0.0262175570292884,-0.537908112551531,0.0470704853133928,-0.363205683424562,0.0268191924141616
-0.5,-0.5,-0.478169680711901,0.0235797022087494,-0.487097360469513,0.0444570865937474,-0.351976669768933,0.0244209829158226
-0.5,-0.5,-0.484276859652044,0.0243986338772172,-0.431157355278185,0.0378275239322805,-0.323367311933814,0.0251038345248154
-0.5,-0.5,-0.511844041564664,0.0243471825004528,-0.529663812759027,0.0504833593581895,-0.355206458201084,0.025400666117896
-0.5,-0.5,-0.478081052411499,0.024062003442444,-0.440615798894175,0.0507468941005174,-0.298636457792119,0.0247483833006133
-0.5,-0.5,-0.524873009033524,0.0257953286170686,-0.496812222470122,0.0462723528371832,-0.372947902003564,0.0266472723650698
-0.5,-0.5,-0.490274423994132,0.0241213192973972,-0.473644751943836,0.0388812448802928,-0.363474402889238,0.0249710531291139
-0.5,-0.5,-0.468370609460398,0.0233130902998438,-0.411719763012974,0.0371321621614432,-0.29991747259111,0.0241037890233694
-0.5,-0.5,-0.535020725959221,0.0242739579166482,-0.551219580664828,0.0484332508387189,-0.385824425814696,0.0256461784875888
-0.5,-0.5,-0.520981182102711,0.0247479229224889,-0.537003583753563,0.0519240753841537,-0.37293038566049,0.0258148171664914
-0.5,-0.5,-0.512277336478668,0.0254037661960637,-0.513085813877549,0.0447719518788475,-0.359816543345867,0.0261983576334616
-0.5,-0.5,-0.481467024325443,0.0235620887747847,-0.462941700074188,0.0397292152328814,-0.345241934937631,0.0244496435729136
-0.5,-0.5,-0.489096072288997,0.0226796458764012,-0.427724043950792,0.0368556209179068,-0.336100960397553,0.0238823462837936
-0.5,-0.5,-0.505814487346273,0.0239989181448989,-0.468211092153266,0.0439388747217826,-0.327744032841231,0.0250514617612065
-0.5,-0.5,-0.501130756549568,0.0239313967992156,-0.566757406961829,0.065219679431158,-0.357336946245526,0.0249572945861855
-0.5,-0.5,-0.524074352317726,0.0259044781100335,-0.562843719230964,0.0537427503081691,-0.391916790260016,0.0267330927953062
-0.5,-0.5,-0.496843086937603,0.0244502315684292,-0.47579859639515,0.0469889938505731,-0.339790752977268,0.025293329051789
-0.5,-0.5,-0.484233506181853,0.0246302931972405,-0.464962824932095,0.0491466909922912,-0.313575645520148,0.0252575991258801
-0.5,-0.5,-0.440341534673355,0.0220805984039682,-0.483294013065796,0.0534760980011852,-0.32168120816413,0.022862971010344
-0.5,-0.5,-0.505664038228455,0.0245892035378975,-0.464359809826082,0.0359150917857781,-0.356285891658612,0.0255080305823138
-0.5,-0.5,-0.534069595384176,0.0248880641703459,-0.524518992299931,0.0455845008127628,-0.363227670398666,0.0260835647373197
-0.5,-0.5,-0.539470305950745,0.0253069565356886,-0.485003865944787,0.0479009270192146,-0.37516868847506,0.0264668195650122
-0.5,-0.5,-0.488454146672476,0.0244414012465521,-0.506077816188769,0.0406097003898568,-0.379153345468279,0.0251865739188364
-0.5,-0.5,-0.535261469900931,0.0263046699687072,-0.621578084365104,0.0826544356434597,-0.394568773352,0.0271705451768203
-0.5,-0.5,-0.538724473953048,0.0267032823403311,-0.54263269220251,0.0551053065041824,-0.366151270135282,0.0274583380816019
-0.5,-0.5,-0.476204554708368,0.0238633759260929,-0.471873485305615,0.0421909316932392,-0.350376409636408,0.0246244287667202
-0.5,-0.5,-0.452721339779546,0.0224787313922515,-0.469464716345441,0.0436426554361914,-0.335684312947134,0.0232902285499894
-0.5,-0.5,-0.499366088167251,0.0237205987724159,-0.485455351838964,0.0439903344169989,-0.339714160072827,0.0247804030081156
-0.5,-0.5,-0.501750502904256,0.0240731571650056,-0.490394333715939,0.043352626046955,-0.356426571540731,0.025072410199342
-0.5,-0.5,-0.500492927026804,0.0239825541233387,-0.497546447901216,0.0498132024876286,-0.345858556344126,0.0249895910287375
-0.5,-0.5,-0.499495862499753,0.023887200784008,-0.569467557725896,0.0666264082964866,-0.35736816098161,0.0249037040497276
-0.5,-0.5,-0.500663971688921,0.0244700533392402,-0.457705568943018,0.0429695280046184,-0.365184929935906,0.0253597550722134
-0.5,-0.5,-0.511217324516169,0.0261300964207435,-0.501651512237216,0.049188990260348,-0.345147007069679,0.0267021534322095
-0.5,-0.5,-0.475041016937926,0.0221211562076279,-0.480993525410624,0.0422077901789608,-0.357508701675305,0.0232240436120547
-0.5,-0.5,-0.512710429063997,0.0248399509691206,-0.556351874735834,0.065021320399407,-0.362067535258101,0.0257810856815852
-0.5,-0.5,-0.490195550570019,0.0259687985743428,-0.522352315461802,0.0468414466154648,-0.380727545526008,0.0264464205834206
-0.5,-0.5,-0.461860243617102,0.0225151233683157,-0.46905193881506,0.0413642622885429,-0.335643340710224,0.0234217701707543
-0.5,-0.5,-0.540021185110841,0.0258438975438122,-0.556732561555022,0.0507894162777626,-0.399194906256989,0.0268787160092238
-0.5,-0.5,-0.532254294644555,0.02637824440948,-0.474569260588095,0.0408380411486084,-0.355672580349374,0.0271235493873707
-0.5,-0.5,-0.523687094757018,0.0254201618587117,-0.510612058231904,0.0476666173292537,-0.381730805414272,0.0263555216059738
-0.5,-0.5,-0.505603214997919,0.0237351887498739,-0.553367224969257,0.056458608388955,-0.372713399621659,0.0248482772676802
-0.5,-0.5,-0.49020647328827,0.0253679084679916,-0.49448881206223,0.0496145119959945,-0.340011936735125,0.0259229020056627
-0.5,-0.5,-0.517142949562281,0.0237477763772471,-0.530004174685038,0.0535117174057022,-0.361110160549447,0.0250275909944978
-0.5,-0.5,-0.492131178723026,0.0239692268151879,-0.415401600334463,0.0386354148055306,-0.346521285054108,0.0248819727037707
-0.5,-0.5,-0.490797991610527,0.0243726776508357,-0.494722025980143,0.0452826332420528,-0.35203440179649,0.0251763594024005
-0.5,-0.5,-0.517132060791155,0.0248866516962649,-0.559823539139003,0.0662086669363402,-0.354659803461398,0.0258622881279179
-0.5,-0.5,-0.535969682899276,0.0242812021385009,-0.585737726487594,0.0577272157216789,-0.362596387612338,0.0256764863118059
-0.5,-0.5,-0.477410869868687,0.0232780810830231,-0.481726196919553,0.0484747437774456,-0.33623028966845,0.0241900217614282
-0.5,-0.5,-0.479282425372176,0.022696355875638,-0.438072843834045,0.0380643106873325,-0.33379607376896,0.0237717843062645
-0.5,-0.5,-0.519667233412762,0.0234752449603888,-0.557149911291322,0.0588594585331146,-0.373243449056521,0.0248486526619091
-0.5,-0.5,-0.509041705410061,0.0243746513019812,-0.471705627416125,0.0560456352555002,-0.320876274189811,0.0253457992234992
-0.5,-0.5,-0.48329212527737,0.0240097404894619,-0.576261676411699,0.0618036506737251,-0.347861975106644,0.0248151614632373
-0.5,-0.5,-0.486678359150879,0.0240865517757239,-0.527624971639937,0.0515157819876598,-0.378451192553436,0.0248808000169526
-0.5,-0.5,-0.511165815090264,0.0265729241688509,-0.507069145263324,0.0512757440341206,-0.351027909972662,0.0270505250844913
-0.5,-0.5,-0.534078085530886,0.0260871745024652,-0.56811368263952,0.0529191560218384,-0.373544323417457,0.0269703849567543
-0.5,-0.5,-0.516920475965842,0.025092945595016,-0.488446696376252,0.0377509140795463,-0.383526441018335,0.0260233892305543
-0.5,-0.5,-0.517549588514596,0.0261263966243283,-0.513764485077481,0.0473170813402742,-0.37197692449143,0.0268184753151677
-0.5,-0.5,-0.451912608222203,0.0232714093706886,-0.415711146777225,0.03624986258243,-0.326525196256996,0.0239242498543386
-0.5,-0.5,-0.473666009837621,0.0222200574806231,-0.477634397842655,0.044134406845718,-0.31854494616623,0.0233583022542524
-0.5,-0.5,-0.507668002646348,0.0231553110713427,-0.514998879006277,0.0477677040745232,-0.355063790785075,0.0244660563323682
-0.5,-0.5,-0.518196767081304,0.0252570073625222,-0.550768990222047,0.0544292846119086,-0.377937514974631,0.0261657453877822
-0.5,-0.5,-0.498806652301188,0.023493550203913,-0.45777858138948,0.0373021787045999,-0.347204681598722,0.0246044763090372
-0.5,-0.5,-0.509121584936902,0.0233602499475835,-0.47568238169667,0.0417899477237518,-0.376314019994179,0.0246030797677116
-0.5,-0.5,-0.448215902667198,0.0220459017386596,-0.460973162990083,0.049124453975134,-0.302625934958057,0.0229404360261098
-0.5,-0.5,-0.481111574351945,0.023143269373458,-0.494226614526148,0.0541250443318177,-0.339253402701316,0.0241282215988537
-0.5,-0.5,-0.463173001441842,0.0216926272403997,-0.44736086607884,0.0423591740930128,-0.321815863523039,0.0228262850230014
-0.5,-0.5,-0.524125574057915,0.0253998471135527,-0.563538896166171,0.0637506195983623,-0.378775251384387,0.0263447152812025
-0.5,-0.5,-0.510260051027104,0.0235788387452439,-0.494411512989474,0.0477508772485521,-0.355629623896955,0.0248129540809561
-0.5,-0.5,-0.498581375208545,0.0241112845186441,-0.442146409287865,0.0380718814444418,-0.335901789227359,0.0250572138533729
-0.5,-0.5,-0.537092221332638,0.027455765711236,-0.506695001228042,0.0511159528118922,-0.361060994083998,0.0279751178021985
-0.5,-0.5,-0.534411674438358,0.0247430057540897,-0.472967184813682,0.037464220082249,-0.372530543081113,0.0259881652437177
-0.5,-0.5,-0.500129756988309,0.0240481096895984,-0.524719952487201,0.0514640764497718,-0.34821543108909,0.0250346531206112
-0.5,-0.5,-0.46211367585328,0.0221733885638846,-0.568171470939966,0.0750417610829127,-0.318109629906208,0.0231832245549054
-0.5,-0.5,-0.499937009939473,0.024039038485206,-0.511603458310611,0.0456802045987549,-0.352162574924019,0.0250256616363347
-0.5,-0.5,-0.51271201051095,0.0253442573148228,-0.501924339271356,0.040186775369566,-0.391181210053521,0.0261651404679783
-0.5,-0.5,-0.50268924740083,0.0248509060726983,-0.577172205909891,0.0596622129641264,-0.376366503624339,0.0256736506010358
-0.5,-0.5,-0.512124211575572,0.0252861615095901,-0.494980816339874,0.0395654624349142,-0.385535448612545,0.0261164948771652
-0.5,-0.5,-0.557410355099393,0.0275292562109845,-0.507599543315427,0.0459966236644683,-0.380772051573851,0.0283052680677697
-0.5,-0.5,-0.469137514531665,0.022965239781567,-0.507188656551933,0.0479824787686134,-0.358763407219317,0.023817456465824
-0.5,-0.5,-0.504092011509096,0.0257631823690707,-0.587358594140474,0.0596962025525848,-0.376933182692377,0.0264066301275441
-0.5,-0.5,-0.485219332710588,0.0233742654953376,-0.557399917582842,0.0437135817328022,-0.382038464511325,0.0242764207092789
-0.5,-0.5,-0.495784197605485,0.0235140396566157,-0.436334982413751,0.0431933094047651,-0.331852597306776,0.024582501281954
-0.5,-0.5,-0.489128601880231,0.0238807259558038,-0.443762684887631,0.0411313600710579,-0.338254765779199,0.0247796582995016
-0.5,-0.5,-0.473717693303839,0.0224099396178408,-0.520473388673758,0.0517665360519052,-0.328035131472942,0.0234925846400716
-0.5,-0.5,-0.505510440736638,0.0230812691251654,-0.619275740369652,0.0818442811329594,-0.340414765056152,0.0243932679793241
-0.5,-0.5,-0.483590534240032,0.0241829989855435,-0.462943335695446,0.0471101485353153,-0.316159980727382,0.0249247057336877
-0.5,-0.5,-0.511427291120136,0.0243831996049941,-0.505440953968518,0.0416174470763787,-0.382126616764329,0.025408306258477
-0.5,-0.5,-0.503725014483969,0.0253378538035432,-0.535683247389973,0.0542817905637605,-0.336809125518333,0.0260207719404024
-0.5,-0.5,-0.503806701703241,0.0242090002021661,-0.473865476301919,0.0466515415156235,-0.337459753478653,0.0251908987086796
-0.5,-0.5,-0.508578123889779,0.0239104073091285,-0.504049012919682,0.0449065997546441,-0.36680706254646,0.0250287047540246
-0.5,-0.5,-0.495303488617808,0.0240251308400766,-0.48381542194846,0.0410962617117356,-0.348269951109242,0.0249608120574219
-0.5,-0.5,-0.53529194148351,0.0257907612657837,-0.624538960673797,0.0726943716104034,-0.407607416115048,0.0267722762548105
-0.5,-0.5,-0.505145741363964,0.0230564445023153,-0.587248004046619,0.0700150757320382,-0.34700965878562,0.0243663380088177
-0.5,-0.5,-0.488820670131325,0.023050066427756,-0.447358062604242,0.0354814073387183,-0.344832468597188,0.0241472677940269
-0.5,-0.5,-0.491402337899654,0.025151135721389,-0.513174493451408,0.0497406298104475,-0.357419539593614,0.0257896966862657
-0.5,-0.5,-0.510459674296143,0.0240492850974463,-0.463347843291387,0.0435563471788108,-0.340622767212044,0.0251576773418248
-0.5,-0.5,-0.510907510161945,0.0256258991945094,-0.466292793942922,0.0417489490647532,-0.348410283316846,0.0263315062108613
-0.5,-0.5,-0.491539703922528,0.0245698788485663,-0.50133453595992,0.0574945656466607,-0.347233128842521,0.0253338010921625
-0.5,-0.5,-0.524826662663653,0.0271589682190425,-0.618358343793038,0.0806452389532752,-0.368051492455072,0.0276647523573386
-0.5,-0.5,-0.499243511939342,0.0236472584712663,-0.550066600915322,0.0573471287550193,-0.35678209004458,0.0247191602192208
-0.5,-0.5,-0.511033254376237,0.02529754320621,-0.536229541677162,0.0462992093820548,-0.374664333444669,0.0261147009413275
-0.5,-0.5,-0.508314625759493,0.0251734941379009,-0.576119455336054,0.0567999897962904,-0.377296188261921,0.025988381381999
-0.5,-0.5,-0.480369781813687,0.0228037486501303,-0.494616200215294,0.0536247272193008,-0.303349322206749,0.0238658777352125
-0.5,-0.5,-0.463033187142336,0.0222598721586534,-0.391254979961051,0.0326083819909467,-0.337545252133305,0.0232321586819017
-0.5,-0.5,-0.512007606220112,0.0241662206521666,-0.488047700851714,0.0441213038446466,-0.351368402909149,0.0252681356826145
-0.5,-0.5,-0.471531565965919,0.0229302552903853,-0.465936306337337,0.0415480535207735,-0.319535896071648,0.023863563757582
-0.5,-0.5,-0.476697281570311,0.0227767456203765,-0.529722917463525,0.0705297296679161,-0.302756358876409,0.0238031768395721
-0.5,-0.5,-0.467918469537731,0.0214524829657638,-0.478836505953536,0.0505198139919106,-0.303666294587464,0.0227327625651505
-0.5,-0.5,-0.54178587047676,0.0256455371398722,-0.521260664703496,0.0538316057083338,-0.350058373397585,0.0266960341001857
-0.5,-0.5,-0.494943650200219,0.0231560592710813,-0.505600908279894,0.0475405210297192,-0.343903920161615,0.0243057633033464
-0.5,-0.5,-0.487564449605458,0.0227503053243618,-0.538725152696692,0.0528583026677344,-0.376408783778785,0.0238261141076983
-0.5,-0.5,-0.488312272022224,0.0243992754527154,-0.567771435366153,0.0630682779525459,-0.352543885439526,0.0251705802405526
-0.5,-0.5,-0.49804025834197,0.0239150477769557,-0.500788032528376,0.0438633680898972,-0.361135664251264,0.024904440478281
-0.5,-0.5,-0.493001501936464,0.0249310020568811,-0.550060059793489,0.0508912667383802,-0.374971588326762,0.0256334249837248
-0.5,-0.5,-0.48084473965365,0.0235764846474848,-0.467099303012591,0.0433827304701735,-0.342938950676685,0.0244548999748203
-0.5,-0.5,-0.498259967076829,0.0235228683672478,-0.538595772262422,0.0445638199799616,-0.360863799248036,0.0246077859243521
-0.5,-0.5,-0.539939088801335,0.0261140352580428,-0.539515644325797,0.0494572909049688,-0.381792350415486,0.0270709152916501
-0.5,-0.5,-0.481837229347672,0.0225686329815202,-0.492516417271528,0.0505156186035025,-0.340773646150303,0.0236991271815018
-0.5,-0.5,-0.505851045793595,0.0241085735834369,-0.484447232511173,0.0441413459553066,-0.35105080492058,0.0251491301146464
-0.5,-0.5,-0.472356675901486,0.0229831685798626,-0.497464919081401,0.0541143863808473,-0.354778842424297,0.0238786126058248
-0.5,-0.5,-0.516656150977352,0.0241631837673317,-0.475642704504585,0.0429302056508978,-0.388783638520658,0.0252959112194966
-0.5,-0.5,-0.517421707708957,0.0247168311809613,-0.524393126622038,0.0448112752507135,-0.378131448161782,0.0257443877918691
-0.5,-0.5,-0.495743051950462,0.0239470469948614,-0.479064351538478,0.0481705528077612,-0.341441731000752,0.0249058997116658
-0.5,-0.5,-0.490843339558634,0.0246706328250178,-0.478121570244652,0.0441375547280131,-0.353084975874203,0.0254074298327404
-0.5,-0.5,-0.501505091490719,0.0246477318358459,-0.426627401007364,0.03828976799519,-0.321020688902658,0.0254583143924564
-0.5,-0.5,-0.531570740833497,0.0261916697148855,-0.561318753078637,0.0560280741598719,-0.398521958367808,0.0270421233763088
-0.5,-0.5,-0.487616735022688,0.0245383477510856,-0.499459387133418,0.0471177134034601,-0.341661571305869,0.0252652606129583
-0.5,-0.5,-0.502043271875322,0.0230275043214635,-0.478127419643513,0.0406012612611302,-0.36950401094676,0.0242653495406803
-0.5,-0.5,-0.497182766896986,0.0247790976315722,-0.543198902779517,0.0639919546718831,-0.335434028818737,0.0255368265109977
-0.5,-0.5,-0.462019343015187,0.0245485597180087,-0.453724315390468,0.0385864917896105,-0.352307581392692,0.0250414658710794
-0.5,-0.5,-0.530007331472698,0.0254298656497706,-0.510571990960816,0.0494329556054291,-0.361818814256547,0.0264223008672006
-0.5,-0.5,-0.511557095646884,0.0233498801518774,-0.521663273933417,0.0484087745314348,-0.338538259323659,0.0246687047564157
-0.5,-0.5,-0.495683097625053,0.0248592970430035,-0.467658235744262,0.0395064753818751,-0.37281643472138,0.0256056069729795
-0.5,-0.5,-0.510859331971413,0.0231990111920625,-0.593210488933469,0.0545458027358056,-0.389737957834536,0.0244648822766548
-0.5,-0.5,-0.482353821235418,0.0235652037848082,-0.45468350489242,0.0393967881476335,-0.339326523070775,0.0244643271795786
-0.5,-0.5,-0.485353789673124,0.0241460365801834,-0.452113226668912,0.0407902770082261,-0.320394482544929,0.024921645484413
-0.5,-0.5,-0.518875374724252,0.0257234177428937,-0.520588321057005,0.0602221009079515,-0.362944149498269,0.0265138284438698
-0.5,-0.5,-0.476646182608817,0.023338463968179,-0.479437701956076,0.045500224651635,-0.332040508450572,0.0242288416625895
-0.5,-0.5,-0.493220798708311,0.0226820872672459,-0.53816186333858,0.0494099280408875,-0.374092527654129,0.0238600240624297
-0.5,-0.5,-0.474795627617361,0.0237190345662524,-0.524907931964692,0.0722944510902661,-0.325596377162057,0.024497689094271
-0.5,-0.5,-0.496877388039547,0.0255982818500899,-0.504861134086179,0.0436068255286147,-0.368285993844553,0.0262014879605027
-0.5,-0.5,-0.510802322256096,0.023518529693263,-0.548120162933105,0.0595184733683619,-0.348815986334301,0.0247792477624311
-0.5,-0.5,-0.452113612549193,0.0223603632111473,-0.506058331388491,0.0579060007796053,-0.316474356393516,0.0232154757300413
-0.5,-0.5,-0.476012580267147,0.024050816448552,-0.469352292785383,0.0443673085310881,-0.328852146749279,0.0247655832403235
-0.5,-0.5,-0.509615459781275,0.0257418830630103,-0.546696567643119,0.0523267984312235,-0.383184751334454,0.0264477997237012
-0.5,-0.5,-0.470717849719086,0.0240722589881782,-0.50066886536363,0.0517153123853972,-0.360184586051979,0.0247275591589249
-0.5,-0.5,-0.50426617253652,0.0258359006753529,-0.480156942641516,0.0473439193709926,-0.354900530270567,0.0264379162925965
-0.5,-0.5,-0.50973511065834,0.02389627523504,-0.449428555831241,0.0385554045410066,-0.356366199156755,0.0250400914292783
-0.5,-0.5,-0.512919989803823,0.0247900513078165,-0.514152183214555,0.0507868790046316,-0.34867943781551,0.0257352990234778
-0.5,-0.5,-0.491976271355723,0.0246073656885646,-0.518652616698979,0.0546021878933631,-0.342918189953646,0.0253634648966924
-0.5,-0.5,-0.486492129287705,0.022310081846294,-0.496197996410141,0.0461220433104543,-0.345270436015467,0.0235583638516278
-0.5,-0.5,-0.460442717537805,0.0230805742382471,-0.44009482764175,0.0371342379454961,-0.31681321417695,0.0238593845744338
-0.5,-0.5,-0.4710065026311,0.0227709670438853,-0.497175748393535,0.0465728820023551,-0.334931791698783,0.0237278208514348
-0.5,-0.5,-0.527396184600387,0.0260187904763302,-0.530678086600166,0.0510082255056568,-0.365953743709329,0.0268316409750945
-0.5,-0.5,-0.525583380962254,0.0255766314095422,-0.597593337236655,0.0545448727955804,-0.426264338375203,0.0264401412253422
-0.5,-0.5,-0.526549276934653,0.025004715335777,-0.478680176461873,0.046453679365276,-0.356363966235802,0.0260642803915688
-0.5,-0.5,-0.537239611822506,0.0266298276248006,-0.570495592749997,0.0472286569111815,-0.405071193599322,0.0274480811096729
-0.5,-0.5,-0.469188731218916,0.0226672495374935,-0.480861122982862,0.0392668511781275,-0.355358577765284,0.0235877367239374
-0.5,-0.5,-0.509763183736137,0.0244155270892232,-0.503705645836481,0.0449864184064057,-0.389123503076048,0.0254004441247063
-0.5,-0.5,-0.498236608632894,0.0237035317933692,-0.476267377616578,0.0433591200454999,-0.35232582062952,0.024752133810818
-0.5,-0.5,-0.488510177112399,0.0241849244968185,-0.545971932253315,0.0615488780076632,-0.334910607873438,0.0250002710435459
-0.5,-0.5,-0.474141754921133,0.0233132117148086,-0.485648660491512,0.0580434590535865,-0.320018468695458,0.024180751714184
-0.5,-0.5,-0.52140950150705,0.0258669641188334,-0.564375339012817,0.053352324524966,-0.389726732196194,0.0266737552208062
-0.5,-0.5,-0.492416811760347,0.0230582700639672,-0.640209823704124,0.0812366799394164,-0.370505724677594,0.0241535160681829
-0.5,-0.5,-0.497669402487506,0.0230423522835374,-0.51191644944843,0.0485628160322982,-0.351225814065881,0.0242496735958664
-0.5,-0.5,-0.502954396150598,0.0236545647951998,-0.509949529829353,0.0615410389374698,-0.343834187294829,0.0247768502310177
-0.5,-0.5,-0.486654609361481,0.0226736466138799,-0.478583036519577,0.0365360875083473,-0.351955961912194,0.0238228154791458
-0.5,-0.5,-0.474421464750494,0.0234077258659142,-0.451570388598456,0.0386185984136198,-0.349324315685766,0.0242468224841133
-0.5,-0.5,-0.526458260681433,0.0229116009285886,-0.461105030792782,0.0340981889587304,-0.358234668414642,0.0245669003182103
-0.5,-0.5,-0.504538173175144,0.0252109681532308,-0.47847333734472,0.0468850475931765,-0.337964003316578,0.0259373824178562
-0.5,-0.5,-0.49313355844147,0.0243671311357819,-0.488000731896692,0.0397086871749786,-0.351843529852019,0.0251973391727355
-0.5,-0.5,-0.470617545989691,0.0227641226088025,-0.493517115843415,0.0509432827140156,-0.331672600159949,0.0237212578550645
-0.5,-0.5,-0.480261305230979,0.0213178617374582,-0.448268260151326,0.0368969409875117,-0.328208606791402,0.0227687445178679
-0.5,-0.5,-0.462435315518131,0.0231202550142847,-0.437824572597468,0.0373887750899215,-0.3412512289645,0.0238983539171242
-0.5,-0.5,-0.481448882885591,0.0225283021570869,-0.469945228801457,0.0375723893225331,-0.352739417883476,0.0236405355683148
-0.5,-0.5,-0.520016254402297,0.0246462375832181,-0.533278618809949,0.0508770741686656,-0.370011364542177,0.0257268932299411
-0.5,-0.5,-0.511610361997425,0.0244608346211149,-0.555787025471624,0.0673111472238462,-0.353328710413828,0.0254810958566865
-0.5,-0.5,-0.476159716014054,0.0239944113414081,-0.557519855838864,0.0582966230231183,-0.355644251703657,0.0247242483748399
-0.5,-0.5,-0.493359571049471,0.0229392656388577,-0.480040310282411,0.0447914968174611,-0.367074911677823,0.0240828894314931
-0.5,-0.5,-0.510879618857627,0.0242488439420999,-0.460761805559723,0.0422449453091316,-0.354167141238455,0.0253156930001008
-0.5,-0.5,-0.48571186849784,0.0238946545502244,-0.53305065418348,0.056359389823933,-0.351485434979825,0.024751240281084
-0.5,-0.5,-0.552514647736081,0.0266871497004063,-0.504873026369763,0.0394913958220423,-0.394560108376991,0.0276641140849921
-0.5,-0.5,-0.554631363455203,0.0261172859685681,-0.540606302701346,0.0482828454937746,-0.403677505997776,0.0272762165105586
-0.5,-0.5,-0.466485091326659,0.0235462666101253,-0.468953447678701,0.038751668464119,-0.346120332273588,0.0242749974244786
-0.5,-0.5,-0.484413581952808,0.0233200801224233,-0.485564283032468,0.0443549846252914,-0.335001380834841,0.0243030306586332
-0.5,-0.5,-0.503583808023969,0.0239239410955084,-0.556620764275964,0.0544076277998958,-0.361879194290019,0.0249792654399335
-0.5,-0.5,-0.523281119576744,0.025247071420935,-0.508595683933315,0.0515229343678538,-0.345287667739747,0.026181937968891
-0.5,-0.5,-0.456992410794729,0.0221548909817998,-0.554910570748668,0.0622247159263297,-0.336954464465302,0.0230786067535889
-0.5,-0.5,-0.502904406076367,0.0240119698943542,-0.484756168417517,0.0411788809050922,-0.348378733127427,0.0250409993293791
-0.5,-0.5,-0.502115581659881,0.0232465518396395,-0.557869587854582,0.052188821702027,-0.375621577250378,0.0244188606726817
-0.5,-0.5,-0.532508351926443,0.0242650074360382,-0.5025082459145,0.0489734610927842,-0.370054930538203,0.02561548383971
-0.5,-0.5,-0.51061696261666,0.0235308228138703,-0.493382841245206,0.0517237437310501,-0.339946783375335,0.0247857512033823
-0.5,-0.5,-0.52268770803604,0.0264993603362695,-0.521251116598853,0.0526998372205651,-0.35595947670816,0.0271159127714096
-0.5,-0.5,-0.545404100252841,0.0259370421325816,-0.604889930473048,0.0619133280781177,-0.390321244151449,0.0270159858002103
-0.5,-0.5,-0.497930199342106,0.0236464934039488,-0.508085405498624,0.0489331528980511,-0.356165608052728,0.0247025795748229
-0.5,-0.5,-0.542014088706423,0.0252099275239798,-0.599231617496899,0.0781713848040589,-0.354848097592692,0.0264047732550423
-0.5,-0.5,-0.51507999910408,0.0253383307708607,-0.49410672229662,0.0537446163822786,-0.343870246802081,0.0261535968310891
-0.5,-0.5,-0.519905447033552,0.0240727368624092,-0.575650890138924,0.0498700379284244,-0.398439958132997,0.0252472773486767
-0.5,-0.5,-0.498500655324595,0.0245384521729837,-0.459380836545337,0.0401735920592803,-0.347295886036288,0.0253841956702708
-0.5,-0.5,-0.465957934481572,0.0243943429069297,-0.430025239310596,0.0381095553014614,-0.330273686120008,0.0249406436391208
-0.5,-0.5,-0.470716693587003,0.0230091368723555,-0.485034863900006,0.0560869433092518,-0.324586758972185,0.0239135388964114
-0.5,-0.5,-0.506019289408699,0.0233701788067002,-0.538527201867636,0.0512067273619441,-0.376319596798558,0.0245667769849782
-0.5,-0.5,-0.511075079059405,0.0251003699485823,-0.486139850702351,0.0411466304172915,-0.354846285455767,0.0259516026411693
-0.5,-0.5,-0.520296387572667,0.0251182911554705,-0.509396973151779,0.0420535027982409,-0.390655315060518,0.0260789871178171
-0.5,-0.5,-0.461735611872541,0.0234569476416442,-0.461360363242275,0.0407582653797247,-0.344405471296406,0.0241568237054956
-0.5,-0.5,-0.512446482176269,0.0244877135445621,-0.472641921237968,0.0398981779168167,-0.38093494549149,0.0255035529812327
-0.5,-0.5,-0.480078853574075,0.0240657088230881,-0.466877197618403,0.0417294460982439,-0.323437712478374,0.024812043625901
-0.5,-0.5,-0.500717977982862,0.024291893545927,-0.479165679509091,0.0428356209509599,-0.357242378113608,0.0252257877875498
-0.5,-0.5,-0.516469640726204,0.0253476757745023,-0.564214232646933,0.0471726279422846,-0.414850567224223,0.0261720841526946
-0.5,-0.5,-0.478794608419687,0.0223388693173702,-0.479904456737043,0.040769682383867,-0.352694638700215,0.023458865811154
-0.5,-0.5,-0.494880027920486,0.0237462397905753,-0.455458976664458,0.0389415283318416,-0.34370977104872,0.0247458319484364
-0.5,-0.5,-0.466151468086186,0.0230583870857477,-0.427633378490798,0.0363908850212692,-0.334218805521746,0.02389649127357
-0.5,-0.5,-0.520704429301408,0.0261953837287404,-0.499597735618754,0.0504319805290306,-0.333588164785045,0.0268042934471469
-0.5,-0.5,-0.523419620943581,0.0242240556343084,-0.558787951279306,0.0557704990296097,-0.380260477414391,0.0254497090954839
-0.5,-0.5,-0.515542209223379,0.0249653965662665,-0.473176189937053,0.0417519528222954,-0.361974813546619,0.0259081955025783
-0.5,-0.5,-0.487659651303189,0.0219851188150995,-0.466288158774769,0.0375942880909345,-0.347479248407738,0.0233259137240118
-0.5,-0.5,-0.46742507920206,0.0212560342111576,-0.4588159575136,0.0401669795085455,-0.325829299176745,0.0225451510312419
-0.5,-0.5,-0.487479854069615,0.0235858106958484,-0.478799696234039,0.0428094420353194,-0.329245825334559,0.0245366462805141
-0.5,-0.5,-0.485144891599053,0.0234151618902661,-0.528738460731809,0.0516631701213114,-0.353517538806225,0.0243714908874904
-0.5,-0.5,-0.531712997307098,0.0259022146357648,-0.522372232256637,0.0474878687338521,-0.368731099738618,0.0267988830374725
-0.5,-0.5,-0.472906012365412,0.0230827818476969,-0.457837024457601,0.0493586137513431,-0.303006450511067,0.0239845425260148
-0.5,-0.5,-0.477624320285495,0.0240476033495368,-0.527206921293511,0.0507424236843772,-0.352525534580018,0.0247836145064781
-0.5,-0.5,-0.527079341018998,0.0246128885316648,-0.507138590872352,0.0393903425083781,-0.381177265116756,0.0257900380818766
-0.5,-0.5,-0.496369730402188,0.0240552919304101,-0.479610938271006,0.0397835583558647,-0.351439493007272,0.0249959400456587
-0.5,-0.5,-0.447860036104848,0.0226269980233511,-0.443457003204907,0.0400120437299525,-0.324980795295672,0.0233725209145931
-0.5,-0.5,-0.507734231432571,0.0240559159883659,-0.488852919075604,0.039173898654149,-0.368364665008585,0.0251265018914828
-0.5,-0.5,-0.521492200159666,0.0265309101179736,-0.497855489787077,0.0419228541364186,-0.376180242855702,0.027174362466491
-0.5,-0.5,-0.525616844374494,0.0242670949815602,-0.568155773168199,0.0641935457289969,-0.360782777040306,0.0255217238140149
-0.5,-0.5,-0.518420222086344,0.0247559896820077,-0.450196142215595,0.0357251041514222,-0.377678319908169,0.0257869708987976
-0.5,-0.5,-0.547414985283927,0.0268961890141269,-0.592600933120959,0.0520931678949457,-0.42959707859266,0.0277680629687299
-0.5,-0.5,-0.500474989097251,0.0237302157483373,-0.581102746766048,0.0544432552608504,-0.382800359982457,0.0247552265897842
-0.5,-0.5,-0.481520374466833,0.023816970344605,-0.477774835287222,0.0442837208338676,-0.354747433089956,0.0246419573916015
-0.5,-0.5,-0.492640504629147,0.024331175522305,-0.548384338776319,0.0577543963775633,-0.346929674799563,0.0251629902259594
-0.5,-0.5,-0.509701918826996,0.0235399886822572,-0.545869331796173,0.0586061978505711,-0.335124354678653,0.0247784425744614
-0.5,-0.5,-0.48598541032221,0.0229127235773121,-0.532488297673004,0.0553304625556682,-0.359996070885014,0.0239810990438814
-0.5,-0.5,-0.475855251941602,0.0220714137200064,-0.433139576802611,0.0380392997532981,-0.333672475901302,0.0232567297815505
-0.5,-0.5,-0.541428402321026,0.0272251746331585,-0.502397904071074,0.0428598678871974,-0.396897959916456,0.0279447035573533
-0.5,-0.5,-0.472474966355148,0.0235948676854564,-0.446233072599992,0.0400295816905078,-0.339045044464269,0.024379832673475
-0.5,-0.5,-0.523943371346352,0.0234457957462807,-0.493942672148834,0.0419397804730664,-0.361853187389117,0.0249052102456913
-0.5,-0.5,-0.469786550932474,0.0224288998114118,-0.497281751224925,0.0436612345467152,-0.346235695184728,0.0234286815961979
-0.5,-0.5,-0.501706078751202,0.0243768281343636,-0.46897269960026,0.0410707384149887,-0.35077640202626,0.0253004035125179
-0.5,-0.5,-0.509226059761223,0.0246461019890596,-0.507761785612424,0.046587640860934,-0.357803222296794,0.0255928335158476
-0.5,-0.5,-0.50283455361493,0.0245186127228767,-0.474581081912457,0.0406815060081223,-0.344674167227634,0.025415216204443
-0.5,-0.5,-0.505346167350288,0.0244398076059058,-0.546500650022669,0.0653898020378528,-0.341891785023611,0.0253826958619565
-0.5,-0.5,-0.452798451355548,0.0215941092728119,-0.42455417209126,0.037635130784324,-0.314058945456341,0.0226352458908925
-0.5,-0.5,-0.477165409913957,0.022640048878541,-0.521753601441159,0.0503936216555142,-0.361395432720215,0.0236493842892267
-0.5,-0.5,-0.506985811786206,0.0243090468984053,-0.478264319509259,0.0431953312946125,-0.364966942589266,0.0253117446955563
-0.5,-0.5,-0.503412335837821,0.0233009238634036,-0.45865415815521,0.0387701978465122,-0.333803935586802,0.0245242622752399
-0.5,-0.5,-0.491611245674416,0.0240546326618384,-0.508362408273343,0.0416730393677213,-0.359324960608212,0.0249374756385417
-0.5,-0.5,-0.487311065425771,0.0234242124575414,-0.525627381389572,0.0466764325312691,-0.355501321203085,0.0244021298057127
-0.5,-0.5,-0.46456472039359,0.0227835578842004,-0.454922118997093,0.0402591969509736,-0.329570454847574,0.023669169051615
-0.5,-0.5,-0.543379208962314,0.0253632056638315,-0.496355945238649,0.0423217591168706,-0.395443810540788,0.026563674246422
-0.5,-0.5,-0.481921825264298,0.0232079240439312,-0.48608314732483,0.0469061469534261,-0.342903808806463,0.0241843591491878
-0.5,-0.5,-0.511678572676366,0.0253166809571207,-0.494685078403882,0.0428620514273407,-0.363289413427582,0.0261298594069616
-0.5,-0.5,-0.49891983608752,0.0242277750089697,-0.486327372456295,0.0447140312598223,-0.349397803068011,0.0251557033757161
-0.5,-0.5,-0.520789373548097,0.0239994633619262,-0.556674039586393,0.0485369376070977,-0.382391263729808,0.025240810716859
-0.5,-0.5,-0.504265975109263,0.0245280602168896,-0.518423520192038,0.0572247967320332,-0.352798090927894,0.025444368525949
-0.5,-0.5,-0.506750148369645,0.0246462443658268,-0.512508565433977,0.0454746849552312,-0.371400733925549,0.0255638954854824
-0.5,-0.5,-0.516451218684111,0.0239405094380317,-0.518113106369259,0.0440300725502334,-0.372456313781534,0.0251505298410805
-0.5,-0.5,-0.494477525252726,0.0239170809522967,-0.47698934230731,0.0402758570564854,-0.350481043612325,0.0248690784044516
-0.5,-0.5,-0.47363756142982,0.0219179836744947,-0.53064474746764,0.054580041983363,-0.352672291595693,0.0230618101026439
-0.5,-0.5,-0.51287870024042,0.0249497363626104,-0.54338652478865,0.0610471692407356,-0.366787225212432,0.0258676898570553
-0.5,-0.5,-0.475212517783816,0.023378322346572,-0.542683600331859,0.0642074125340313,-0.361026306721848,0.0242144599978609
-0.5,-0.5,-0.481037792630878,0.0241774705431335,-0.510953482791619,0.0407843508230093,-0.366482089208794,0.0249113529665761
-0.5,-0.5,-0.456353735347422,0.0227236976962915,-0.419125944533913,0.0377107372835532,-0.329718270620056,0.0235326363277237
-0.5,-0.5,-0.523618472995766,0.0263814134425467,-0.499455670621247,0.0509394141763079,-0.359695214193146,0.0270474859972318
-0.5,-0.5,-0.478379162936702,0.0218410026503655,-0.589142437305305,0.0766306749564339,-0.331013257532576,0.0231227632557028
-0.5,-0.5,-0.48667876797362,0.0243870465262918,-0.467659745756173,0.0420575782645204,-0.342932973402528,0.025140683855101
-0.5,-0.5,-0.481178990951488,0.0243293142731806,-0.491731038671658,0.0458973136618613,-0.344091381867969,0.0250409596217846
-0.5,-0.5,-0.505036026197889,0.0246043003955643,-0.526335774996796,0.050748695080063,-0.356147106649575,0.0255121416659612
-0.5,-0.5,-0.488626570622775,0.022509156221875,-0.496209739133637,0.0457889103370937,-0.358717159078257,0.0237082115899464
-0.5,-0.5,-0.499251994388002,0.0237889284266905,-0.472838664038428,0.0470061188517342,-0.356887172946062,0.0248264706589045
-0.5,-0.5,-0.519214936427969,0.0267303021380634,-0.533327898705247,0.0538407855085009,-0.376056924566487,0.0273054444683587
-0.5,-0.5,-0.492658117636157,0.0250221524120941,-0.529070460973608,0.0485225051668704,-0.381199044198153,0.025698661655315
-0.5,-0.5,-0.480632915424139,0.0225919377143093,-0.468723533220812,0.041452245175333,-0.335561299394899,0.0237081483070766
-0.5,-0.5,-0.518586839861441,0.0261638869639365,-0.516338079950713,0.0474186075725153,-0.358088499625894,0.026831161314514
-0.5,-0.5,-0.520432427968609,0.0241427503518781,-0.520679621016062,0.0396553614332091,-0.383436203780437,0.0253423809972263
-0.5,-0.5,-0.463680879681947,0.0226030810324038,-0.578836225500552,0.083008731099471,-0.332231748569048,0.0235162453898363
-0.5,-0.5,-0.498555113763496,0.0240748967939671,-0.496577105362315,0.0447731982871752,-0.349845875740608,0.0250363508916461
-0.5,-0.5,-0.520493495867648,0.0247775379968708,-0.505771193824839,0.047469289077894,-0.380041489753395,0.0258282701202553
-0.5,-0.5,-0.458081048793716,0.0225582952250788,-0.481766761532871,0.0524764508694626,-0.321498968180582,0.0234297262961078
-0.5,-0.5,-0.496477949623367,0.0230653161145104,-0.446778407621703,0.0419457031698023,-0.309705379998378,0.0242531254638519
-0.5,-0.5,-0.523611756200618,0.0250909131158995,-0.528291934543299,0.0475283560256703,-0.375697278754715,0.0261049896675066
-0.5,-0.5,-0.469298975767102,0.0233920713314513,-0.425943491021585,0.037842217468386,-0.332334427839702,0.0241906133227285
-0.5,-0.5,-0.510939728760259,0.0237368031366792,-0.540420203350605,0.0515055171610572,-0.379858253587689,0.0249082567813959
-0.5,-0.5,-0.508681391182697,0.0246278948947964,-0.442572235522894,0.0377269979398292,-0.356659819653214,0.0255722861594007
-0.5,-0.5,-0.492938968784781,0.0238900899599145,-0.509606301835829,0.0453999952902684,-0.367337328221003,0.0248166199161676
-0.5,-0.5,-0.499962736371418,0.024428293518824,-0.472300828561182,0.046649781902635,-0.349772163480289,0.0253188642801463
-0.5,-0.5,-0.521840616034773,0.024403612908215,-0.473211092923911,0.0486617559132376,-0.351016631654842,0.0255656329714275
-0.5,-0.5,-0.536415340111032,0.0256228487290902,-0.496332481083813,0.0429731346080664,-0.39113491659831,0.0266666020969528
-0.5,-0.5,-0.490637205812957,0.0241523962562294,-0.526181734366352,0.0492981185567046,-0.359012379429888,0.0250025940535862
-0.5,-0.5,-0.552012612578764,0.0258018623810969,-0.522582197359143,0.0414696048093699,-0.396111242747621,0.0270066249019661
-0.5,-0.5,-0.520421040058395,0.026273087105978,-0.519181808245157,0.051367650323504,-0.357569996311464,0.0269296908185119
-0.5,-0.5,-0.511214714488276,0.0247341413410921,-0.523339229808526,0.0476542706333237,-0.361486840929163,0.0256837746312381
-0.5,-0.5,-0.523929756764994,0.024208033992184,-0.525729659677649,0.0559306996624629,-0.38361955897701,0.0254402465733894
-0.5,-0.5,-0.47291874331753,0.0224200279920592,-0.47461642464131,0.0395182324019828,-0.370945322897825,0.0233845838411767
-0.5,-0.5,-0.517988463679326,0.0238983229127474,-0.463429766251626,0.0419522991855576,-0.356594548952935,0.0251508889248728
-0.5,-0.5,-0.535252918212174,0.0256785664895057,-0.546918652354899,0.060777399912467,-0.364475377195472,0.0266702251048358
-0.5,-0.5,-0.536542233783022,0.025695515074637,-0.475179651264892,0.0414308739108448,-0.369145088384759,0.0267055232366444
-0.5,-0.5,-0.502950224666726,0.0239634228573779,-0.505973777993666,0.0440882885470548,-0.370709999837151,0.0249922283458016
-0.5,-0.5,-0.493781177400426,0.0248434212859637,-0.466899313078844,0.040320673829373,-0.361528133238784,0.0255747578733304
-0.5,-0.5,-0.520439715996374,0.0259387289350186,-0.577523088855381,0.0502378039537972,-0.400233198096567,0.0267168296446264
-0.5,-0.5,-0.520800912756891,0.0236925704345428,-0.54490647371776,0.0454797311212372,-0.391031535135324,0.0249887222284705
-0.5,-0.5,-0.522229923075593,0.0242921404733448,-0.539904051340236,0.0543484528381742,-0.339233660876001,0.0254787478022612
-0.5,-0.5,-0.490481786139566,0.0231489787655629,-0.535105471629724,0.0560234143298066,-0.336429700931333,0.0242479943283857
-0.5,-0.5,-0.460815663195304,0.0233858942487523,-0.45815247802165,0.0452772887904189,-0.338533156109111,0.0240957358808433
-0.5,-0.5,-0.528777299566711,0.0264914344451789,-0.479768131001768,0.0446161758605736,-0.374767544056273,0.0272159573040792
-0.5,-0.5,-0.506267752105377,0.0252263164019511,-0.526128817261052,0.0469719998489282,-0.361422583631609,0.026001235907442
-0.5,-0.5,-0.509785273099167,0.0243480899782899,-0.576387754921977,0.0636934984149829,-0.359369675625374,0.0253766610706311
-0.5,-0.5,-0.474451369164547,0.0230825598263461,-0.515219824528978,0.0471453823595259,-0.344693689230337,0.0239979957281044
-0.5,-0.5,-0.553021427916332,0.0267247568803339,-0.547651447375092,0.0566785462560811,-0.378542267729414,0.0276679638966517
-0.5,-0.5,-0.462395269832614,0.0225642782184572,-0.413168167700424,0.034354089587516,-0.315470579569228,0.0234854056263003
-0.5,-0.5,-0.516752019626735,0.0262576175307986,-0.560169012920628,0.0665556242649488,-0.346840928535865,0.0268537442714177
-0.5,-0.5,-0.513700050451092,0.0249570269611155,-0.491693273662142,0.0445961523386243,-0.353186481556366,0.0258726491480953
-0.5,-0.5,-0.53527244638634,0.0256082762366036,-0.524352736103146,0.0458786193799424,-0.375690973700659,0.0266339731748553
-0.5,-0.5,-0.474738618439299,0.0227904200762389,-0.44153485031613,0.0415755473290821,-0.319396773662098,0.0237953874091695
-0.5,-0.5,-0.474809947322872,0.0235382428538116,-0.466886515867728,0.046894343377554,-0.329016279939103,0.0243613049200318
-0.5,-0.5,-0.490260787320291,0.0226402542678642,-0.458295873522366,0.0418681257432657,-0.324352409067998,0.0238755904389817
-0.5,-0.5,-0.508252300348636,0.0234290039140952,-0.479171338132078,0.0448196076117105,-0.34269935051228,0.0246811416340085
-0.5,-0.5,-0.494455853554278,0.02537033471542,-0.451310784798018,0.044815678551252,-0.340496483011115,0.0259642361134372
-0.5,-0.5,-0.519109745963486,0.0257948991805801,-0.468378784276107,0.0401584844189677,-0.35983067924916,0.0265645807476432
-0.5,-0.5,-0.487321700556593,0.0238148921493822,-0.537635622022441,0.0582077462473681,-0.33553118831768,0.0247089315155909
-0.5,-0.5,-0.497695985823274,0.0241517918776567,-0.483769827168357,0.048180228751456,-0.335507666852478,0.0250767120735666
-0.5,-0.5,-0.467979769909449,0.0231232759200103,-0.449949277229804,0.0431470883733376,-0.328716520388219,0.0239697720749483
-0.5,-0.5,-0.494653210205521,0.0249241077367451,-0.507879657620607,0.0486576958324285,-0.380303325936129,0.0256411805827673
-0.5,-0.5,-0.524921556677269,0.0254696069137784,-0.499358081847752,0.0467227344374475,-0.365229578143476,0.0263958200835124
-0.5,-0.5,-0.503689884526957,0.0250499219660677,-0.476423539009958,0.0417262667381843,-0.353801188896673,0.0258325195767678
-0.5,-0.5,-0.505823107757871,0.0234965373444707,-0.528924293982249,0.0509617585997494,-0.372617702832657,0.0246688921117553
-0.5,-0.5,-0.499070049093776,0.0232777898778819,-0.437765719591396,0.0372657615303308,-0.348359639243366,0.0244466035834705
-0.5,-0.5,-0.494598510197891,0.0235098544435295,-0.447919267980257,0.0384090126060154,-0.344480956389755,0.0245652053812002
-0.5,-0.5,-0.53791944007967,0.0272841142790509,-0.520020337126599,0.0462944863188234,-0.376555538880891,0.0279075376460249
-0.5,-0.5,-0.479987737192571,0.0238833730860282,-0.416480279686185,0.0405019930903965,-0.318069448779952,0.0246680682139964
-0.5,-0.5,-0.54092910908014,0.025769282950667,-0.557917815174207,0.0531370865657651,-0.370935294783734,0.026815804987209
-0.5,-0.5,-0.52695372321333,0.0241653129742948,-0.509825635993394,0.047467868817422,-0.373606600416976,0.0254622323026976
-0.5,-0.5,-0.480507654113165,0.0222744758768821,-0.461972019740719,0.0433183127181315,-0.33477347422302,0.0234690349984582
-0.5,-0.5,-0.49829247083338,0.022138819176648,-0.541949928916101,0.0452374475821023,-0.381910923070128,0.0234813015923719
-0.5,-0.5,-0.491184869475463,0.0224160716953104,-0.506019717976054,0.046711311500908,-0.333328156531604,0.0237190253609122
-0.5,-0.5,-0.488186086346056,0.0230090794494699,-0.531363555035112,0.0508075541081987,-0.367955222705888,0.0240655482732514
-0.5,-0.5,-0.459869230078502,0.0211817019996561,-0.44127527823316,0.0400447649347211,-0.332289379232707,0.0223669786553564
-0.5,-0.5,-0.542479602991818,0.0272464729097256,-0.459311458153815,0.0389418191891638,-0.384428954449511,0.0279466197745819
-0.5,-0.5,-0.468601581400824,0.0226778950444726,-0.455600503339155,0.0424860797771891,-0.324394442838973,0.0236376020552515
-0.5,-0.5,-0.499371302753253,0.0230928622910533,-0.435086477215729,0.0407259388848082,-0.332602651327192,0.0243211568400479
-0.5,-0.5,-0.501175370993185,0.0225686535818786,-0.48473348540447,0.038980214866126,-0.365328792709285,0.0239158020040033
-0.5,-0.5,-0.515530922413325,0.0248863851107179,-0.492426775671632,0.0426967505830758,-0.374416684284347,0.0258515888778822
-0.5,-0.5,-0.504705524207436,0.0245256967911782,-0.498780765940599,0.0512991748691051,-0.34447881536282,0.0254414285196308
-0.5,-0.5,-0.5144645224994,0.0242229343548603,-0.545745927346172,0.0583587452259224,-0.362577204649037,0.0253418161855658
-0.5,-0.5,-0.457028439115791,0.0231531530310497,-0.470789576473795,0.0414077150154169,-0.33029511843039,0.0238783620020945
-0.5,-0.5,-0.482336357793055,0.0233860471370628,-0.501390394143019,0.0633232365981097,-0.295424957716655,0.0242966224375886
-0.5,-0.5,-0.540806635823124,0.0266900964043308,-0.57992672012923,0.054125388112259,-0.397122726327687,0.0275302624207023
-0.5,-0.5,-0.480166791371858,0.0237641644848072,-0.454970434683628,0.0372974067414417,-0.349764452307624,0.0245893910160092
-0.5,-0.5,-0.472100534073207,0.0215305818494395,-0.447335478429745,0.0504149142693376,-0.301971605973677,0.0228456275177921
-0.5,-0.5,-0.522581402347556,0.0246400264523218,-0.490808189799576,0.0410119071567177,-0.35112406767575,0.0257454555949944
-0.5,-0.5,-0.501359936229271,0.0238652957128688,-0.455760597646732,0.0368642049914297,-0.34322128906268,0.0249124111082463
-0.5,-0.5,-0.509767280270357,0.0238181448041474,-0.491863222767316,0.0441108196587722,-0.367024209779606,0.0249745935747638
-0.5,-0.5,-0.499499311587496,0.0240671166397684,-0.495002323414089,0.0505246020435662,-0.335819434662296,0.0250351555974438
-0.5,-0.5,-0.514150214954883,0.0257742574438864,-0.561709808287964,0.0588515261895035,-0.355107165467547,0.026488663768698
-0.5,-0.5,-0.505860094004022,0.0238373175940188,-0.535768299287533,0.0595016196106522,-0.348642876620071,0.0249481984420533
-0.5,-0.5,-0.46754182688488,0.0229609881709917,-0.454805670967041,0.0452438322698185,-0.307068853542329,0.0238396661797362
-0.5,-0.5,-0.448617185782442,0.0218594153671918,-0.459444847211119,0.0424981664086358,-0.318286853051133,0.0227845218752619
-0.5,-0.5,-0.48377821796905,0.0235351954586909,-0.507465460896886,0.0544354318314315,-0.33002187135154,0.0244571998895092
-0.5,-0.5,-0.483122561491401,0.0247082427949606,-0.473624852914096,0.0464915051008137,-0.324626887260248,0.02532797696522
-0.5,-0.5,-0.498250916256022,0.0244947875880978,-0.478411365117097,0.0445231975125883,-0.336937871241755,0.0253386136140473
-0.5,-0.5,-0.46593835362914,0.0238101806108495,-0.421942062931904,0.0352636310249546,-0.338782752868781,0.0244831381311881
-0.5,-0.5,-0.541585372929123,0.026107729618384,-0.531966183445075,0.0499681206173525,-0.378333623392084,0.0270814268843154
-0.5,-0.5,-0.45615001312836,0.0234748779451471,-0.411757102019812,0.0391871189571565,-0.282799845774727,0.0240818336676636
-0.5,-0.5,-0.500307300664405,0.0243727344828113,-0.416242123913909,0.035914677696242,-0.331504011199151,0.0252639513582653
-0.5,-0.5,-0.518507524085151,0.0246927240070342,-0.500688381908093,0.0447582241254624,-0.365312592486609,0.0257422669667137
-0.5,-0.5,-0.489882300707694,0.0230537337131643,-0.472142953288135,0.0474879729110564,-0.338900329569801,0.024168331688524
-0.5,-0.5,-0.487260385906397,0.023508889181273,-0.450938094168021,0.044729542333102,-0.312878412446697,0.0244643454442987
-0.5,-0.5,-0.473970229592924,0.0229835610318008,-0.484520070299065,0.0424942552287669,-0.337302005864592,0.0239237201208592
-0.5,-0.5,-0.539405627138509,0.0243849722288993,-0.526761847428083,0.0464633485468419,-0.370047020276361,0.0258008671148565
-0.5,-0.5,-0.487169160528095,0.0235193389741792,-0.463782689072175,0.0450340456360169,-0.325549346255434,0.0244819105271571
-0.5,-0.5,-0.512511744210149,0.0264121219213758,-0.540446941346688,0.0454708128785797,-0.410741077860031,0.0270083320716151
-0.5,-0.5,-0.491647761952078,0.0236967597876075,-0.506880786597639,0.0468463104955727,-0.360073104591943,0.0246598890372962
-0.5,-0.5,-0.52585069299936,0.0245510893066238,-0.533412623715808,0.0522034434347086,-0.358353161469297,0.025729217844899
-0.5,-0.5,-0.492840707670075,0.0257831306109901,-0.497644509163284,0.0435661873505221,-0.360064877661849,0.0263019390983711
-0.5,-0.5,-0.518201573855008,0.0251005825483152,-0.537792276348332,0.0553972030652946,-0.363321089078415,0.0260412628787335
-0.5,-0.5,-0.573130363353991,0.0262639304600438,-0.615784105517476,0.058782516671491,-0.429794054441217,0.027637290885196
-0.5,-0.5,-0.495712188103273,0.0234158633784217,-0.465325992130517,0.0392437323999191,-0.360682095991152,0.0244935609465719
-0.5,-0.5,-0.501934336748776,0.0232624326294395,-0.463334286389318,0.0365304633853477,-0.370400135770911,0.0244411506666951
-0.5,-0.5,-0.503051989098918,0.0242491924719558,-0.488819259289426,0.0419511297556409,-0.360950353226188,0.0252201536106425
-0.5,-0.5,-0.524008394304325,0.024459185241305,-0.505996578146949,0.0488974812072878,-0.38238937527192,0.0256319547568032
-0.5,-0.5,-0.482783406600431,0.0245795069749499,-0.469399724437803,0.0527303240009082,-0.314758357925258,0.0252089215603104
-0.5,-0.5,-0.510206169532885,0.0255525201846882,-0.524599257013548,0.0573015513858779,-0.363801997529415,0.0262939760075421
-0.5,-0.5,-0.527514691005108,0.0251963418339919,-0.558483196661911,0.0485869827239383,-0.388315402078917,0.0262312431794703
-0.5,-0.5,-0.505056262550851,0.024747846238547,-0.517267521311898,0.0542665193812536,-0.359963767796731,0.0256225546813795
-0.5,-0.5,-0.481102410878763,0.0221499738618463,-0.435648293394848,0.0389327980708568,-0.321581961012607,0.0233997850396039
-0.5,-0.5,-0.523959830866821,0.0260278402093908,-0.558689455065953,0.0575879026009156,-0.396282840862178,0.026827823043907
-0.5,-0.5,-0.530733126146992,0.0256598564993169,-0.506218953843114,0.0487889149672592,-0.369755465090778,0.0266103249706212
-0.5,-0.5,-0.516269176891164,0.0257167506918239,-0.523069439675036,0.0735096229057639,-0.317232514219942,0.0263622687524891
-0.5,-0.5,-0.527123469336407,0.0245228401583241,-0.4611696558752,0.0392496917209898,-0.37054247502386,0.0257285371652178
-0.5,-0.5,-0.47855150000087,0.0228265212840417,-0.46926427104011,0.04607221195183,-0.33407818934239,0.0238609555067079
-0.5,-0.5,-0.494144231104804,0.0229274667471836,-0.516997905421929,0.0498845958229077,-0.363426043346876,0.0240934108522829
-0.5,-0.5,-0.551139015387267,0.0266561171280535,-0.542568655485614,0.0568390623218086,-0.369117505460564,0.0275723095388701
-0.5,-0.5,-0.523247883457647,0.0241354489075755,-0.491658501770167,0.0353370534888892,-0.387060893592452,0.0253700958689341
-0.5,-0.5,-0.508408428176868,0.0248924411833257,-0.467685944969357,0.0416289025626708,-0.334073094478368,0.0257365953334359
-0.5,-0.5,-0.535060495067748,0.0260798204812404,-0.492525610906824,0.0419224600884485,-0.381067888069035,0.0269867100654749
-0.5,-0.5,-0.502031140357339,0.0233602758330654,-0.449909913963467,0.0368190300911116,-0.362915096662539,0.0245309886094662
-0.5,-0.5,-0.487468662149385,0.0243948340063335,-0.458960193392519,0.0456779322302105,-0.333449591997088,0.0251464239453614
-0.5,-0.5,-0.49339803890507,0.0244429479308172,-0.511777447443776,0.0411586424833096,-0.390051179011829,0.0252219733886337
-0.5,-0.5,-0.482690808680657,0.0246502403321791,-0.49208541176681,0.0476459142450127,-0.333960848593154,0.0252944794917108
-0.5,-0.5,-0.52168363925693,0.0252859480694969,-0.501293228051825,0.051098030710165,-0.334210804062226,0.0261662654116267
-0.5,-0.5,-0.490377187628687,0.0248483300268256,-0.565582964852018,0.0682150879631055,-0.317507113313339,0.0254854997343176
-0.5,-0.5,-0.524073394595354,0.0261349480887266,-0.486151979944003,0.0405038509877408,-0.355811945566339,0.0268601948679013
-0.5,-0.5,-0.567493264331559,0.0279462136146953,-0.571387261749429,0.0510046614617402,-0.421552935799408,0.0288226057597818
-0.5,-0.5,-0.490188996325825,0.02423503148914,-0.441915720549922,0.0393716962008826,-0.345442238245374,0.0250625470722298
-0.5,-0.5,-0.517509371272707,0.0257617624286415,-0.539979895528511,0.0565377676925354,-0.352825675625449,0.0265094831888688
-0.5,-0.5,-0.524078215433304,0.025323574648625,-0.510491402358713,0.0441096710346766,-0.369788851632546,0.0262820147088962
-0.5,-0.5,-0.475765443799238,0.02335943420009,-0.459365235851095,0.0486600256178185,-0.334112779351924,0.0242346901304926
-0.5,-0.5,-0.543003564106435,0.0254282200366032,-0.476600622532744,0.0390238378283436,-0.380141350914885,0.0266051206320695
-0.5,-0.5,-0.519377108681513,0.0253426205077341,-0.520505600402221,0.0478441805962285,-0.374332727422328,0.0262437700771874
-0.5,-0.5,-0.474202947286213,0.0218329751234913,-0.458128775462714,0.0418508967236559,-0.323991210716363,0.0230718280545002
-0.5,-0.5,-0.530098595109234,0.025102674596978,-0.537833851169818,0.0526928425987391,-0.398999012220346,0.0261832760085865
-0.5,-0.5,-0.456811200683903,0.0228798410254868,-0.531638941110747,0.0606546145764921,-0.350321024150928,0.0236293047105188
-0.5,-0.5,-0.528785263473881,0.0265159610355306,-0.49380815978016,0.0425817102613373,-0.385959461331573,0.0272523809848532
-0.5,-0.5,-0.483885250733133,0.02339217607025,-0.54121411359885,0.0541851810567518,-0.359506410182922,0.0243299409510215
-0.5,-0.5,-0.510034125604707,0.0238728430441461,-0.496674218563584,0.0429948788071335,-0.388134373666263,0.024981548597515
-0.5,-0.5,-0.558150534293057,0.0257329601740077,-0.584498791099963,0.0504315443310992,-0.412269150454439,0.0270370375464404
-0.5,-0.5,-0.525118900155293,0.0258486654591415,-0.573561378770408,0.0623342517936601,-0.367483431600494,0.0266826347088447
-0.5,-0.5,-0.502465286530406,0.0242611941357717,-0.613031117745616,0.0788147230330292,-0.358094276229756,0.0252229466562138
-0.5,-0.5,-0.496968196341059,0.0245636027084592,-0.479356759922366,0.0475959216887981,-0.372697024172997,0.025386164076403
-0.5,-0.5,-0.495178175978595,0.0237565423375219,-0.465134224624617,0.0453631526667233,-0.332456997648062,0.0247537217423245
-0.5,-0.5,-0.476984072341671,0.023090558264672,-0.467235600832894,0.0384968621357417,-0.358073570092806,0.02401206546015
-0.5,-0.5,-0.513142279131943,0.0245839186783016,-0.506263127519493,0.0500346019767205,-0.358476889800792,0.0255933334404925
-0.5,-0.5,-0.510337312663861,0.0240757515247415,-0.437413026093247,0.0363044702523856,-0.351357754669713,0.0251806223113452
-0.5,-0.5,-0.467404077112947,0.0255926759416906,-0.510700047411505,0.0497436992727309,-0.355128604790909,0.0259417419831578
-0.5,-0.5,-0.55336410071468,0.0264926723593508,-0.51678107622187,0.0430167981416938,-0.414993008712278,0.0275400772249886
-0.5,-0.5,-0.493539417636033,0.0243572281136272,-0.428475124504997,0.0384504024844685,-0.335710874692186,0.0251839630353136
-0.5,-0.5,-0.517605707138724,0.0250129517224477,-0.417971832011357,0.0356610532068667,-0.337911415440853,0.0259336838141837
-0.5,-0.5,-0.493564054881654,0.023708616445696,-0.460213759740539,0.0411925905913799,-0.343839635626267,0.0247019309766632
-0.5,-0.5,-0.518684588653719,0.0248664757939226,-0.469277832972959,0.0416708740890041,-0.357719901458813,0.0258688820804756
-0.5,-0.5,-0.542799964356498,0.025561189757598,-0.554517331495801,0.0536655897702849,-0.380710896356584,0.026699661778991
-0.5,-0.5,-0.487823293050748,0.0224524586758758,-0.49952101429926,0.046001637220914,-0.347308758589504,0.0236798491997703
-0.5,-0.5,-0.498719669423,0.024231071757561,-0.489240680400876,0.0409339546793785,-0.371128691813656,0.0251472651877077
-0.5,-0.5,-0.485896516335261,0.0238440168513319,-0.50145774106721,0.0434531472119366,-0.355194821549997,0.0247116639962339
-0.5,-0.5,-0.486755417431219,0.0237149220471145,-0.563105946667233,0.0579493785110002,-0.357965509476999,0.0246183509039604
-0.5,-0.5,-0.491882439059182,0.0242669159682132,-0.41812688181921,0.0371700113053687,-0.348187378840563,0.0251061418113805
-0.5,-0.5,-0.510128869790093,0.0242517389644864,-0.459725894614463,0.0501944185478442,-0.334193595059933,0.0252930248306551
-0.5,-0.5,-0.518582714765531,0.0251860944709337,-0.5254586416877,0.0437429417106271,-0.382857133604154,0.0261153602503084
-0.5,-0.5,-0.48385888761029,0.021781133601974,-0.503724015798587,0.0378716414516911,-0.366026134767342,0.023051817334142
-0.5,-0.5,-0.484260991652817,0.0234624618394581,-0.500979732272308,0.0476166071347583,-0.357546259446651,0.0243924600011893
-0.5,-0.5,-0.477851809438479,0.0233574572409176,-0.430032031194661,0.0401613191034287,-0.326047167285383,0.0242564394565711
-0.5,-0.5,-0.538237104050601,0.0272268252836235,-0.505576231604045,0.0473685076590182,-0.380432325487052,0.0278783122458867
-0.5,-0.5,-0.496214777024999,0.0230605028210424,-0.445985135014448,0.0395739577457568,-0.341063298276885,0.0242533736986714
-0.5,-0.5,-0.477100114588228,0.022698739016216,-0.540956746098822,0.0578032913699952,-0.35185665549581,0.0237187095683324
-0.5,-0.5,-0.520006015290844,0.0238911752124195,-0.486927362582385,0.0409236093437604,-0.369453512921591,0.0251662433233815
-0.5,-0.5,-0.494688422323978,0.0234920532705152,-0.480575876818236,0.0427576529559015,-0.359172753197878,0.0245409320779047
-0.5,-0.5,-0.531114302216573,0.026118314188103,-0.519653628796083,0.0464514174232543,-0.381270029396531,0.0269703089182637
-0.5,-0.5,-0.559834909157539,0.0274078099228057,-0.542843072587252,0.0501615858932997,-0.409401432519151,0.0283094487171447
-0.5,-0.5,-0.512745562838168,0.023596066718493,-0.546203559840393,0.0579693975667412,-0.359838105802814,0.0248564222912568
-0.5,-0.5,-0.520159709962813,0.0258478210782268,-0.508913456757076,0.0488435207712593,-0.358950534338195,0.0266135041406012
-0.5,-0.5,-0.498738845572323,0.0245174200456725,-0.520269813153255,0.0601555675093653,-0.345145999006906,0.0253692879986965
-0.5,-0.5,-0.547518355508692,0.0243531274112154,-0.486680408401424,0.0440098140316408,-0.345092762980983,0.0258765281807177
-0.5,-0.5,-0.483917030628934,0.022351538578275,-0.588926083447563,0.0613124121962181,-0.369815305969449,0.0234843057466508
-0.5,-0.5,-0.51414803595051,0.0241391396345761,-0.505642427907847,0.0478751208458579,-0.345194970537986,0.0252722895708527
-0.5,-0.5,-0.515359758933899,0.0254312151180746,-0.522680330941188,0.0464243489864786,-0.38929516384568,0.0262651481463827
-0.5,-0.5,-0.495969051374592,0.0243479575908403,-0.492548554259341,0.0533005668703175,-0.329990222231197,0.0251962055508846
-0.5,-0.5,-0.471683430799865,0.0230548975897248,-0.463255922181709,0.036887735391621,-0.353865276728778,0.0239295652457723
-0.5,-0.5,-0.506682177396874,0.0251753830538289,-0.450464268268784,0.037965813259498,-0.371989253955571,0.0259718785351981
-0.5,-0.5,-0.53626425213314,0.0246291599868813,-0.505776297890148,0.0454118081214109,-0.383593405403302,0.0259278851816401
-0.5,-0.5,-0.482614954675828,0.0221728291060455,-0.476468539965354,0.0472033611279542,-0.338731531386316,0.0234146022925649
-0.5,-0.5,-0.492528692902472,0.02514178048087,-0.496421690098798,0.0459227987554272,-0.350274127402865,0.0257863071307388
-0.5,-0.5,-0.476566612009926,0.0221074073065394,-0.484025828487762,0.051773654468328,-0.328684847741257,0.0233008862235942
-0.5,-0.5,-0.474257070531728,0.0230954051985995,-0.523951962426012,0.0571206205871765,-0.337638345825223,0.0240129080417922
-0.5,-0.5,-0.477452186576117,0.0243553206493941,-0.440163171860055,0.0398554159970879,-0.329740562959385,0.0250137642030117
-0.5,-0.5,-0.518448509635821,0.0255764706158063,-0.552155655129246,0.0593349017422253,-0.365979073074925,0.0264030332139329
-0.5,-0.5,-0.520418402154028,0.0257964428676938,-0.515303567313541,0.0431156545148352,-0.401608472716818,0.026602678508603
-0.5,-0.5,-0.44821408577938,0.0216125811100329,-0.466977603226994,0.0498795613576651,-0.313047397942985,0.0225965152526861
-0.5,-0.5,-0.518298449536668,0.0247816631346903,-0.539060262378922,0.052860859321501,-0.379664991099497,0.02580384716785
-0.5,-0.5,-0.52129917562282,0.0248019942634922,-0.516300706306107,0.0511065197238345,-0.37029023970206,0.0258593385835222
-0.5,-0.5,-0.472580948048985,0.023497797004444,-0.422622574204209,0.0357053983796411,-0.324131470167159,0.0243055864373541
-0.5,-0.5,-0.519733294018711,0.0245269723087474,-0.573155678480061,0.0550075627684175,-0.395074009997406,0.0256062780118939
-0.5,-0.5,-0.548970324759225,0.0255923211835295,-0.543641363673877,0.0556184774545413,-0.379189553404935,0.0268029212520843
-0.5,-0.5,-0.498368519967287,0.0238542382045251,-0.495608800728949,0.0428473559411727,-0.353779324314799,0.0248668225102707
-0.5,-0.5,-0.474668582551391,0.0217902836187755,-0.426936274355953,0.037979156656382,-0.325521594805029,0.0230439666644423
-0.5,-0.5,-0.487966097039292,0.0237398696610781,-0.462612776999673,0.053904832338899,-0.339458122775254,0.0246604666470102
-0.5,-0.5,-0.487547678630327,0.0243603498320166,-0.491271055851359,0.0549853445655302,-0.341853696596902,0.0251285181923888
-0.5,-0.5,-0.53444666887147,0.024708999515478,-0.538468488758078,0.0547435922113495,-0.383348292778556,0.0259612694381716
-0.5,-0.5,-0.491213547283168,0.0241888156498145,-0.496955910649116,0.0445214961176373,-0.360154624749183,0.0250367663338711
-0.5,-0.5,-0.495518042681901,0.0244568165086925,-0.458036740709947,0.041523503409893,-0.342245539251109,0.0252862454974723
-0.5,-0.5,-0.521396190071775,0.0242435304193025,-0.496650695257955,0.0402649819742677,-0.377522162879758,0.0254395562038498
-0.5,-0.5,-0.482552892081569,0.0243922023676012,-0.473328092050202,0.0483666731947896,-0.334139160108017,0.025095971435545
-0.5,-0.5,-0.461555567275026,0.0229276258183775,-0.474722799359168,0.0467888102792934,-0.323696466643692,0.0237518015955166
-0.5,-0.5,-0.475544038269157,0.0218619948398106,-0.482537636673129,0.0605939342193625,-0.309710294426516,0.0231255162200495
-0.5,-0.5,-0.490999673413125,0.0246519942916319,-0.478551667027801,0.0477061905042883,-0.327159453085238,0.0253658059552753
-0.5,-0.5,-0.511989801522336,0.0248693534922902,-0.512269345368383,0.0481634173932831,-0.362896557773134,0.0257951559569245
-0.5,-0.5,-0.480499903179347,0.0227447934175835,-0.479001409270765,0.0520594465063605,-0.335069463593005,0.0238222108636066
-0.5,-0.5,-0.486199048243149,0.0239048960038538,-0.541552200248758,0.057410496558463,-0.350785444593796,0.0247649173136214
-0.5,-0.5,-0.51841800857691,0.0258372992581856,-0.536182977356277,0.0558327770447143,-0.35798503134045,0.0265854629652676
-0.5,-0.5,-0.511164488844349,0.0245406327835547,-0.448030884755118,0.0379798999809438,-0.338422491604921,0.0255195552087141
-0.5,-0.5,-0.534048689926284,0.024153109539228,-0.478084219285908,0.0420285400136949,-0.353439613234386,0.0255546479070727
-0.5,-0.5,-0.491481167896614,0.0236296650020612,-0.507357313515368,0.0525797717096185,-0.35172081406415,0.0246140831528112
-0.5,-0.5,-0.490926249474193,0.0242095946003647,-0.455771583556527,0.0424654935015946,-0.350922612382026,0.0250521342214467
-0.5,-0.5,-0.483011458276416,0.0250231743008151,-0.510320285474664,0.0510601085215235,-0.351180591821559,0.0256058158241952
-0.5,-0.5,-0.499908031102256,0.0248176652811497,-0.476063950318109,0.046827939999718,-0.356275885034421,0.0256173914235949
-0.5,-0.5,-0.517835508308243,0.0248016559034231,-0.516635167442612,0.0417527698207212,-0.394229407565345,0.0257969741274116
-0.5,-0.5,-0.522068051721464,0.0253064203111585,-0.526173109155662,0.0478122549221817,-0.375296461073705,0.0262484058991857
-0.5,-0.5,-0.458668007784919,0.0242870794340167,-0.424114261930462,0.0420412461985257,-0.318292023010347,0.0247813716206242
-0.5,-0.5,-0.493594566690836,0.0231877575737871,-0.470430105458918,0.0450038215913456,-0.326792045180004,0.0243157452450477
-0.5,-0.5,-0.502178700646546,0.0236631211962691,-0.455412124589828,0.0400909571197471,-0.348237328722915,0.0247728437845226
-0.5,-0.5,-0.52796061805085,0.0268999218534973,-0.55431006231332,0.0512208067648374,-0.388595100414254,0.0275430144373656
-0.5,-0.5,-0.484553513926518,0.0238024823080431,-0.537524134417901,0.0513730894586668,-0.34081413677418,0.024669879686732
-0.5,-0.5,-0.495697700471999,0.0251889994652009,-0.505790406326462,0.0481249817497943,-0.342450155438353,0.0258417713926342
-0.5,-0.5,-0.487410046306168,0.022866116809837,-0.484246269926668,0.0457962318737182,-0.339106735914308,0.0239966049940649
-0.5,-0.5,-0.513883121382565,0.0263576716394509,-0.522329750242098,0.0477106979539406,-0.371474399134157,0.0269592299775134
-0.5,-0.5,-0.511112253753495,0.0254952465974449,-0.508665079771013,0.04580427535908,-0.361310674967234,0.0262569436126778
-0.5,-0.5,-0.510797892721534,0.0258148597756194,-0.47356380296152,0.0457520380834719,-0.345738837332159,0.0264650729303051
-0.5,-0.5,-0.494073034471472,0.022717966808637,-0.509507958231026,0.0444149003627038,-0.369370872702463,0.0239152910002465
-0.5,-0.5,-0.507717640936073,0.0240812731567356,-0.538278752172773,0.0597007110550221,-0.34356859593869,0.0251490452157834
-0.5,-0.5,-0.462662922617158,0.0226450326654501,-0.414209022844108,0.0357548531821424,-0.309513048937215,0.023550580923094
-0.5,-0.5,-0.508964366525939,0.024354236275465,-0.53045428320038,0.0496949741539406,-0.357004774249252,0.0253710346310023
-0.5,-0.5,-0.513668692489895,0.0253378301196613,-0.45305185940732,0.0445354710312727,-0.351807784292983,0.0261525654884538
-0.5,-0.5,-0.490631310901557,0.0241483311408756,-0.55103238055222,0.0578696192195808,-0.34138473043199,0.0249997338438579
-0.5,-0.5,-0.506670885713333,0.0235151485938493,-0.507119820514269,0.0460776274133652,-0.349303341758735,0.0247214013857017
-0.5,-0.5,-0.509873266436028,0.0241789976089179,-0.493854667034064,0.0453066513335026,-0.348660869607991,0.0252498591316464
-0.5,-0.5,-0.541107099950603,0.0250138732555504,-0.561222191395994,0.0456111308372709,-0.406034270298902,0.0262573844533575
-0.5,-0.5,-0.487605484667356,0.0229978582455553,-0.475858390136054,0.0434006634446767,-0.347853447135512,0.0240888153575859
-0.5,-0.5,-0.464439860335937,0.0229357741575762,-0.45316216304091,0.0376309413192254,-0.348374301483801,0.0237623038807866
-0.5,-0.5,-0.493430720123752,0.023342512979898,-0.424774445375433,0.0359634171723301,-0.346332558285574,0.0244242583466501
-0.5,-0.5,-0.487623019427043,0.0242064635061929,-0.487808874865892,0.0419162523511194,-0.372480543226776,0.0249983342598574
-0.5,-0.5,-0.505607810269636,0.0227729278399021,-0.496763552369817,0.0407378545667372,-0.377741959428092,0.0240995859872126
-0.5,-0.5,-0.45351170364744,0.0230883517498146,-0.526557915264493,0.0657435356296193,-0.337242609337751,0.0237855160537739
-0.5,-0.5,-0.487822875619226,0.0239972168780775,-0.571482020848542,0.081103288616342,-0.337302945830981,0.0248527850508706
-0.5,-0.5,-0.459820731973078,0.0239292790022546,-0.476791160591076,0.0479036902871361,-0.336532498903323,0.0245208862117208
-0.5,-0.5,-0.533503175252858,0.0245169909786483,-0.560898793482527,0.0597218688872204,-0.354890994625657,0.0258041900158812
-0.5,-0.5,-0.488847953587095,0.0232457418110505,-0.506349522424618,0.0426719305690346,-0.37541214053554,0.0242402820234127
-0.5,-0.5,-0.470712706625589,0.0238696218931294,-0.446908091071964,0.0408204532097551,-0.334483661510979,0.0245762903746946
-0.5,-0.5,-0.475858946457152,0.0231973526465696,-0.536496066872322,0.0580088965791639,-0.334510379595133,0.024111435419009
-0.5,-0.5,-0.476952628853746,0.022984429802162,-0.464292817190472,0.0431795335106301,-0.337876354179692,0.0239587795607831
-0.5,-0.5,-0.486785493947279,0.022615022607346,-0.452929176112849,0.0423795277220454,-0.346937281953733,0.0237892761194701
-0.5,-0.5,-0.529755816760991,0.0264625147816747,-0.506864119807334,0.045112701414587,-0.387336077786821,0.02722349130539
-0.5,-0.5,-0.538468188337184,0.0275551500593928,-0.525950084547932,0.050840335110868,-0.370094201656311,0.0280939743947395
-0.5,-0.5,-0.521433679261539,0.0249934959690295,-0.512604769780135,0.0493049572575686,-0.369794568519522,0.026003828674133
-0.5,-0.5,-0.503023710212063,0.0261888357055595,-0.468241524041711,0.0462111633392407,-0.327866709965223,0.0266191876587475
-0.5,-0.5,-0.482635667952225,0.0245836986152874,-0.463216416294848,0.0446086321012084,-0.325879796001512,0.0252314340245295
-0.5,-0.5,-0.528889283074343,0.0265359117537878,-0.572148320936114,0.0572521542685403,-0.371116525870367,0.0272431102721921
-0.5,-0.5,-0.484162969648233,0.0235385676633286,-0.484011514967815,0.0453826264664339,-0.349909764593623,0.0244590667952814
-0.5,-0.5,-0.592826494751652,0.0285003514253047,-0.61032920446837,0.0593289560128005,-0.42049945426846,0.0295455688461857
-0.5,-0.5,-0.52262272911894,0.024915258994174,-0.503337280843231,0.0512997149761339,-0.369233597162927,0.0259600427701509
-0.5,-0.5,-0.476427660588113,0.023122732376825,-0.543302153592656,0.0595929615215118,-0.345594643800544,0.0240511522592896
-0.5,-0.5,-0.486784210410042,0.0233206322425804,-0.485058486791706,0.0467905135573945,-0.335518036012263,0.024331342626875
-0.5,-0.5,-0.469409826099194,0.0227642307322301,-0.439491639191971,0.0412693597592388,-0.319690132358779,0.0237143832097677
-0.5,-0.5,-0.460339374261535,0.0228496402864322,-0.481690594409585,0.0626630086524793,-0.290755398811691,0.02366896869638
-0.5,-0.5,-0.52847246562362,0.0255917897690628,-0.479443148546338,0.0477814984776607,-0.358584719530052,0.0265167549919588
-0.5,-0.5,-0.512188767542302,0.0251271854176482,-0.483459689116329,0.0434569267132109,-0.365511065368677,0.0259936053109749
-0.5,-0.5,-0.517736817674181,0.024703478330879,-0.48900443915462,0.0458608659791698,-0.349782226403296,0.0257302665235448
-0.5,-0.5,-0.465083611169654,0.0226704279400384,-0.416127682830162,0.0355217613805268,-0.301552403504637,0.0235941262143234
-0.5,-0.5,-0.524747432094077,0.0262305063275568,-0.533790039248515,0.0527936326757605,-0.374016526811993,0.0269753965916583
-0.5,-0.5,-0.480381810704503,0.0222014037231461,-0.469751119711042,0.0436846709879438,-0.353497370855428,0.0233718372747994
-0.5,-0.5,-0.471330092984906,0.0233721295953698,-0.510378196280974,0.0621817787627819,-0.334356439601356,0.0241961465064291
-0.5,-0.5,-0.495057662316994,0.0251639003946411,-0.463863663265091,0.039808541673899,-0.351754172664074,0.0258295292378198
-0.5,-0.5,-0.486442530085482,0.0238773390676445,-0.543017442822188,0.0560243967974497,-0.346962567591489,0.0247475920513748
-0.5,-0.5,-0.485005678036603,0.0238023971184462,-0.491857364551276,0.0453475349474689,-0.360801935619383,0.0246634415004984
-0.5,-0.5,-0.512589095529791,0.0253897129202197,-0.562479907546781,0.0707199413599291,-0.383070336597944,0.0262036117554454
-0.5,-0.5,-0.540062610577659,0.0260455157628486,-0.597037643831632,0.0641241468254687,-0.390447071131901,0.0270294787374203
-0.5,-0.5,-0.512423650265932,0.0252527341905072,-0.460479367087844,0.0402306337142322,-0.340764444670502,0.0260560755401002
-0.5,-0.5,-0.499892054914915,0.0235240166247081,-0.560808545543885,0.0597586438645386,-0.367705314435194,0.0246195288836877
-0.5,-0.5,-0.479272114384216,0.0230562998571811,-0.507199744649204,0.0510670913281907,-0.337923655558801,0.0240411108270462
-0.5,-0.5,-0.476820017580045,0.0241275371051252,-0.434004050235344,0.0427707758103595,-0.321496432019504,0.0248242952783562
-0.5,-0.5,-0.535858482097437,0.0244877861586815,-0.532875455640632,0.0481497598106362,-0.394867108234957,0.0258038169305451
-0.5,-0.5,-0.511452759296094,0.0250634774198335,-0.557546266644129,0.0605921877187774,-0.350386813417657,0.0259226977376328
-0.5,-0.5,-0.494060968745738,0.0242072943770593,-0.448019208514429,0.0360963394368065,-0.343056739809386,0.0250828648067699
-0.5,-0.5,-0.470082938671856,0.0236581363742817,-0.50389450441977,0.0498342878718927,-0.327885321849031,0.0244041974669956
-0.5,-0.5,-0.538165400253767,0.0244067519639431,-0.518560161430488,0.0436732558102002,-0.40202996687038,0.025763180397608
-0.5,-0.5,-0.518956062761292,0.0241818471408553,-0.463832754623966,0.0380566914041798,-0.37118179143812,0.0253661135481042
-0.5,-0.5,-0.50207157861008,0.0240086011621235,-0.528504012053952,0.0725249752908017,-0.333521801762872,0.0250203312064725
-0.5,-0.5,-0.480353830789687,0.0224935133422638,-0.451480206783323,0.0358684712950554,-0.342634509794544,0.0236199293098196
-0.5,-0.5,-0.465042185667793,0.0222451945438691,-0.526919928128962,0.0634219871246078,-0.305779721421959,0.0232786058781158
-0.5,-0.5,-0.52352316021197,0.0258779870404365,-0.473775517377648,0.0433592226581072,-0.364407880713468,0.0266819608370004
-0.5,-0.5,-0.484646396347349,0.0230340228999102,-0.421321511619847,0.0389359734025367,-0.324734608380354,0.0240933459832706
-0.5,-0.5,-0.498068666326786,0.0233163750047803,-0.518413044963223,0.0500743642175737,-0.361566531355204,0.0244469680915529
-0.5,-0.5,-0.504787144718501,0.0252163453579155,-0.433633606934029,0.0391042843938908,-0.332886915041026,0.0259329122243828
-0.5,-0.5,-0.476610560889075,0.0224260378621033,-0.435863676636089,0.042985381869098,-0.325498921931187,0.02354301763582
-0.5,-0.5,-0.497702587824001,0.0240428121531883,-0.497423408076244,0.0407435182155038,-0.373263402007742,0.0249851107521968
-0.5,-0.5,-0.504154357971518,0.0240860013836696,-0.471441808714039,0.0470014505405385,-0.345984799012479,0.0251103839920236
-0.5,-0.5,-0.496974127320408,0.0240855515363159,-0.463999845416578,0.0409823088481894,-0.358812337405188,0.0250239014120073
-0.5,-0.5,-0.560898523518175,0.0252809734064326,-0.569629041557352,0.0529092777132021,-0.389357160933903,0.0267576646823212
-0.5,-0.5,-0.510503383775829,0.0239252313351363,-0.538847435846669,0.0537670028447012,-0.369900569120765,0.025061885583448
-0.5,-0.5,-0.506968910641523,0.0227087913513145,-0.498726424504298,0.0372747000952382,-0.385074148591765,0.0240444741688918
-0.5,-0.5,-0.515107660160476,0.0259549161431162,-0.44920594857295,0.0375262508464166,-0.372720213914917,0.0266630822488258
-0.5,-0.5,-0.521365386143707,0.0262403409484132,-0.505645513245738,0.0498716419985096,-0.373798696711555,0.0269472175708691
-0.5,-0.5,-0.497863004425296,0.0242720990997912,-0.44815407938116,0.0377097649132114,-0.348561488992386,0.0251767922299788
-0.5,-0.5,-0.477855061712849,0.0217744225906334,-0.416601777082736,0.0340632192618002,-0.33864707623198,0.0230497354635129
-0.5,-0.5,-0.477936584351978,0.0243955300380882,-0.459540256075635,0.0442094787302219,-0.338524183892828,0.0250575544327699
-0.5,-0.5,-0.502156213989817,0.0235155830894123,-0.40778100287313,0.0375952445300497,-0.333189498451018,0.0246629864867423
-0.5,-0.5,-0.508704291344349,0.0247523361338497,-0.497838557065821,0.042746659188834,-0.351907079005359,0.0256622694483844
-0.5,-0.5,-0.482304715216781,0.0229150208299273,-0.451715144883532,0.0375311497501152,-0.337390823682269,0.0239709298801091
-0.5,-0.5,-0.461820549744195,0.0228858443726139,-0.448058614328679,0.0449703684520308,-0.32521862639125,0.0237215229185698
-0.5,-0.5,-0.499455545024735,0.0236902422301941,-0.519883378216036,0.059272822365628,-0.349223847227809,0.0247586114359753
-0.5,-0.5,-0.486204541772625,0.0233346715669814,-0.501633069479673,0.0510584815862924,-0.338242284108473,0.024334274181109
-0.5,-0.5,-0.539906660370275,0.0264821470182792,-0.557477072508371,0.0478045608953127,-0.398968146971635,0.0273627703549719
-0.5,-0.5,-0.521892889350585,0.0247649623672087,-0.580204609251954,0.0617487639784415,-0.36716385068943,0.0258387529061367
-0.5,-0.5,-0.524772856772473,0.0249955201013772,-0.516043471230184,0.0428253273985339,-0.398334776369439,0.0260311503421488
-0.5,-0.5,-0.48947566341637,0.024339778285166,-0.573339686432898,0.0879390642259835,-0.314184423682709,0.0250957880850832
-0.5,-0.5,-0.504658473866458,0.0244114881894054,-0.463924189809892,0.0429766459152358,-0.358447914668092,0.0253626555015408
-0.5,-0.5,-0.524513575376563,0.025285161183775,-0.43777857223646,0.0406660240175228,-0.3446558349251,0.0262222223090795
-0.5,-0.5,-0.458174772475028,0.0219003323900568,-0.459440866261946,0.0349058497669666,-0.343889581794858,0.0228728006448486
-0.5,-0.5,-0.46241528622888,0.023063508001804,-0.472261620377297,0.0399169258317952,-0.33990706569516,0.0238546535856334
-0.5,-0.5,-0.517007314849379,0.0256305178525462,-0.448888565464298,0.0438497554044519,-0.346011065234766,0.0263926348145398
-0.5,-0.5,-0.509850133272685,0.0258000797986851,-0.493709451869685,0.0422876618363007,-0.369760639748204,0.0264869651137922
-0.5,-0.5,-0.468650532509661,0.024063925904985,-0.50395997234677,0.0426624267241804,-0.3696419991018,0.0246869742635138
-0.5,-0.5,-0.517128351336015,0.0259670519322076,-0.526827498642229,0.0511278347931851,-0.370916076295696,0.0266909697300465
-0.5,-0.5,-0.482315525105397,0.0231882518612015,-0.498810854578518,0.0441207694594307,-0.344680407609913,0.0241723755674033
-0.5,-0.5,-0.494665935624085,0.0246413572720438,-0.495365172577183,0.0495762075027668,-0.350761520018235,0.025423484065693
-0.5,-0.5,-0.519719743112808,0.0243982869375827,-0.488659433566017,0.0500419048652378,-0.353215062292542,0.0255361332291069
-0.5,-0.5,-0.517675490327923,0.0241730781828589,-0.508807247874074,0.0421482100835275,-0.37333476520859,0.0253405335202477
-0.5,-0.5,-0.517369863963431,0.0241064105262306,-0.576954271867177,0.0665917706622187,-0.350367245693538,0.0252928387353606
-0.5,-0.5,-0.497463737020266,0.0238932520866746,-0.467691106179939,0.0409581759069108,-0.337303610078312,0.0248841787065391
-0.5,-0.5,-0.498461249310801,0.0243294404952675,-0.478900621661812,0.0466024586453562,-0.348798882043237,0.0252269259765672
-0.5,-0.5,-0.486932509529675,0.0235468833526849,-0.512099209232464,0.0467795071321056,-0.341892962606305,0.0245021674362632
-0.5,-0.5,-0.466222160696276,0.0231354041738205,-0.452534082603911,0.0413899819775665,-0.322552615511148,0.0239615741763364
-0.5,-0.5,-0.493729013339932,0.0246718153986156,-0.449344524728132,0.0398006016935931,-0.333661587535303,0.0254186406277421
-0.5,-0.5,-0.461808723378715,0.0243876548420184,-0.410516782676252,0.042201301957155,-0.292013440396852,0.0248324498633209
-0.5,-0.5,-0.445122898976305,0.0212070134727433,-0.439567206790233,0.0468845138861632,-0.304647497854105,0.0222616891781798
-0.5,-0.5,-0.478455589733719,0.0238461360496743,-0.49474814281408,0.049658515391117,-0.345891081017448,0.0246367603457639
-0.5,-0.5,-0.490406877061244,0.0228878824797808,-0.441237028598053,0.038128143151424,-0.345808685221614,0.0240444419137399
-0.5,-0.5,-0.495880452098066,0.0243145211751514,-0.489672107330435,0.0453955359550534,-0.367735789726258,0.0251825022903881
-0.5,-0.5,-0.498070744313176,0.02472056311176,-0.507303029453841,0.0603729125673376,-0.344183846258185,0.0255139986926888
-0.5,-0.5,-0.515284416232069,0.0257097311632484,-0.493173284445471,0.0442825743256899,-0.369713642594639,0.0264739033304969
-0.5,-0.5,-0.510260569906429,0.0253445421130673,-0.45768846858929,0.0409316111054252,-0.356901467254575,0.02612846020809
-0.5,-0.5,-0.511673638689804,0.025486870702134,-0.511027196202911,0.0440489596514867,-0.387486949681766,0.0262683233037427
-0.5,-0.5,-0.507995150197404,0.0242621258491438,-0.588616644869274,0.0738123501841771,-0.362129738551121,0.0252896920019025
-0.5,-0.5,-0.458167228978216,0.0220393332144179,-0.430971255590644,0.0385435793377934,-0.312784765026523,0.0230400440144366
-0.5,-0.5,-0.5338567187629,0.0253182757514919,-0.58770631518123,0.052078427804833,-0.408319966768395,0.0263857160436684
-0.5,-0.5,-0.542652254459214,0.0263404061303418,-0.495800412656748,0.045684385050348,-0.385054670093447,0.027275273378894
-0.5,-0.5,-0.547420051635476,0.0278218097978845,-0.520239955078406,0.0445428251285148,-0.401089525029127,0.0284704735815562
-0.5,-0.5,-0.482405097862396,0.023837257423078,-0.48027264512353,0.0422158441245093,-0.345490773352445,0.0246724974910079
-0.5,-0.5,-0.515983683794352,0.0243260720538901,-0.517710168312311,0.0551061902833572,-0.340687892799561,0.0254257966211235
-0.5,-0.5,-0.511346097712896,0.0247044840188902,-0.515574580037476,0.0417334688335522,-0.383062141388093,0.0256552490745032
-0.5,-0.5,-0.530501944553794,0.0248441525551539,-0.479651245083344,0.0415208150642211,-0.354630594948921,0.0259965627589596
-0.5,-0.5,-0.474275674256165,0.0225862160370888,-0.511584244016177,0.0430286443758008,-0.367670889060401,0.0235489623276801
-0.5,-0.5,-0.457693093970968,0.0223962496676439,-0.485018202113519,0.0461149507732562,-0.34916019801511,0.0232496282804415
-0.5,-0.5,-0.523856469559791,0.0239518355436689,-0.548855976336754,0.0500842253655131,-0.367332397084331,0.025266585786792
-0.5,-0.5,-0.50853748396255,0.0249343626465669,-0.57423163814392,0.0687915713910361,-0.356782781839115,0.0258008192919581
-0.5,-0.5,-0.491465952037369,0.0245386976021252,-0.556740043103111,0.0618294440759758,-0.353394523950775,0.0253119221378299
-0.5,-0.5,-0.476289552301433,0.0234211164270447,-0.422383124332799,0.035089552166445,-0.332264613971134,0.0242879727671277
-0.5,-0.5,-0.523907785736122,0.0247567981547542,-0.514578109870655,0.0394323645797349,-0.409522936526487,0.0258080757051574
-0.5,-0.5,-0.458618372775314,0.0230903386808623,-0.473594839981418,0.0476215233698592,-0.321457817787778,0.0238483256128572
-0.5,-0.5,-0.517547305756117,0.0244459587671528,-0.466426100428664,0.0450993022990782,-0.354685861288885,0.0255441727164143
-0.5,-0.5,-0.500125778299252,0.0235592298048732,-0.522389584535754,0.049820798255133,-0.372364819411238,0.0246410195447417
-0.5,-0.5,-0.475216909485207,0.0233916628510727,-0.529854519691387,0.0573283226573725,-0.353569071149332,0.0242376391289976
-0.5,-0.5,-0.466956259290441,0.0238070384124656,-0.42743526261844,0.0356665501932655,-0.325081493224665,0.024487301799578
-0.5,-0.5,-0.475327081998684,0.0236542853115362,-0.463655017298448,0.0453711113271199,-0.316357329807273,0.0244470254212632
-0.5,-0.5,-0.516910392603189,0.0257953834368323,-0.464314362600006,0.0434397612622183,-0.344780210613394,0.026509507272352
-0.5,-0.5,-0.480654356834906,0.0231149547970481,-0.455415224728361,0.0419199585383314,-0.340592891478914,0.0241001475965258
-0.5,-0.5,-0.547503107499992,0.0253668922641462,-0.599931118689213,0.0675990209792848,-0.406103205021886,0.026615691822734
-0.5,-0.5,-0.470478207430624,0.0228291449343412,-0.433886859431956,0.0358619916398927,-0.324180495012101,0.0237741784097059
-0.5,-0.5,-0.518222322391362,0.0250980912063745,-0.528900032695703,0.0522576695654892,-0.361576579875077,0.0260381716199452
-0.5,-0.5,-0.452706611150065,0.0229714025004854,-0.493905620564838,0.0444143199859909,-0.320103943790669,0.0236966837854713
-0.5,-0.5,-0.574379604960903,0.0288459104275088,-0.650346891718017,0.0837916549592557,-0.403618141630836,0.029525189045005
-0.5,-0.5,-0.487520610764305,0.0240020664139588,-0.445198246303072,0.0426746559432826,-0.345096360225657,0.0248553204834187
-0.5,-0.5,-0.534710867150684,0.0257817633283666,-0.470006769113178,0.0428871626700672,-0.356009257830821,0.0267215597201415
-0.5,-0.5,-0.507826954234408,0.025145942208597,-0.486305478731345,0.0528906703196769,-0.351069729040122,0.0259456009944891
-0.5,-0.5,-0.496790691672927,0.0233267200473685,-0.481190585529574,0.0432465253651385,-0.344343302154323,0.0244561050075061
-0.5,-0.5,-0.501006350114599,0.0255215397439,-0.484936768134496,0.0426641468789873,-0.353992661762738,0.0261648653279483
-0.5,-0.5,-0.458937132800154,0.0235415159987869,-0.460660922189989,0.0389307964017057,-0.341233225552683,0.0241999041727002
-0.5,-0.5,-0.527913872651602,0.0250791925975387,-0.536708105038024,0.0506525712248353,-0.385094343549758,0.0261491153223406
-0.5,-0.5,-0.480661253312613,0.0234915778108947,-0.44646503644769,0.0433337757553965,-0.346987247961588,0.0243847998496163
-0.5,-0.5,-0.493070637321879,0.0238615305974441,-0.476948447031283,0.0494938210956419,-0.319745014532112,0.0247942745989878
-0.5,-0.5,-0.491457526632915,0.0235525026510453,-0.542020133149999,0.0484536533222377,-0.383607986575328,0.0244946036122665
-0.5,-0.5,-0.461723977062459,0.0225995342755766,-0.504310250955494,0.0688634811997373,-0.30021535555485,0.023504404861776
-0.5,-0.5,-0.478166110713248,0.022555437161894,-0.437911503140418,0.0388950815871476,-0.33462928783328,0.0236505551519346
-0.5,-0.5,-0.507615393022812,0.0260475434659244,-0.472024196252296,0.0401299449948477,-0.340422170388148,0.0265942080155506
-0.5,-0.5,-0.482859680282789,0.0231224323972804,-0.456815609637226,0.0411047261567203,-0.328136366349523,0.0241375867213399
-0.5,-0.5,-0.488493908987882,0.0229708509899148,-0.563107446783174,0.0640484331292814,-0.350019529535894,0.0240766891429107
-0.5,-0.5,-0.524562631051749,0.0256283979789125,-0.55988009504646,0.0537324640624526,-0.392237324408207,0.0265247474036991
-0.5,-0.5,-0.492912424999665,0.0242697194529665,-0.44645690195575,0.0417684937916439,-0.315995795084814,0.025083573222711
-0.5,-0.5,-0.445939667274853,0.020201769462906,-0.430411289689534,0.0396647387159936,-0.318972528695899,0.0214636143504591
-0.5,-0.5,-0.528848903005358,0.0259535125881766,-0.507607312338255,0.0430897541685336,-0.372615290385404,0.0268101232561082
-0.5,-0.5,-0.470913990882772,0.0233407875907891,-0.462204240854982,0.0397706715820807,-0.351055643699683,0.024152826559311
-0.5,-0.5,-0.517082047719623,0.023588267185371,-0.532131782303366,0.0525830819384786,-0.395357881326198,0.0248397971018323
-0.5,-0.5,-0.527016269170418,0.0258182565813451,-0.476077145398808,0.0388838771050125,-0.374593839338999,0.0266906404326465
-0.5,-0.5,-0.532778787473696,0.0251969536848186,-0.522705814679982,0.0574921269064001,-0.361373627183741,0.0262871204719724
-0.5,-0.5,-0.492463316129677,0.0242070668004032,-0.500962400881963,0.0473262372764628,-0.368008743672532,0.0250589092748088
-0.5,-0.5,-0.459232034125631,0.0215495337977631,-0.447246596631015,0.0382398638191244,-0.334669997039452,0.0226367102528192
-0.5,-0.5,-0.491275205276625,0.024567520285511,-0.458829839713258,0.0388411099166826,-0.366205957356795,0.0253311316599974
-0.5,-0.5,-0.533531111854615,0.0260875207275931,-0.500766249996582,0.0439656788552176,-0.37573850885223,0.0269677175133254
-0.5,-0.5,-0.500273337857757,0.0241177899698162,-0.495789777272421,0.0468154112492052,-0.362864631857532,0.0250855362022743
-0.5,-0.5,-0.501116145368486,0.0236408417798784,-0.467680970699778,0.0428557600651758,-0.322748804177901,0.024732435107956
-0.5,-0.5,-0.487971258434504,0.0241628373360432,-0.534123707859517,0.0575128449634494,-0.352160135703665,0.0249836648458443
-0.5,-0.5,-0.446972117481459,0.021766084514415,-0.456397236068143,0.0404270882367595,-0.323172077575233,0.0226836475225196
-0.5,-0.5,-0.50757189952328,0.0233319121067202,-0.505985775343888,0.0453166823745429,-0.364078102588556,0.0245836542992581
-0.5,-0.5,-0.472029638196161,0.0224615239054192,-0.46642470071902,0.0417808158421647,-0.33630572195496,0.0235003960353253
-0.5,-0.5,-0.486084865574662,0.0258184771989979,-0.577316593448791,0.0624993581963532,-0.353671832386257,0.0262633383732907
-0.5,-0.5,-0.526084894749293,0.0262806952190514,-0.527117346072806,0.0485918217984694,-0.365097443892174,0.0270104347597682
-0.5,-0.5,-0.474416992148918,0.02471030708413,-0.459641391507161,0.0452334911539259,-0.344640221899706,0.0252763071494169
-0.5,-0.5,-0.52211432365953,0.0240935208325632,-0.499635381761026,0.0428076440804726,-0.39143567358887,0.0253130491964492
-0.5,-0.5,-0.498598461407335,0.0234885202837794,-0.543717784874576,0.0532453191616735,-0.347840432205582,0.0245977882221364
-0.5,-0.5,-0.537011793024912,0.0267059851448989,-0.545617408198478,0.0527476243049612,-0.37726643220422,0.0274690919805029
-0.5,-0.5,-0.510725814713533,0.024439925308625,-0.477750716572661,0.0430794252041635,-0.353671319301158,0.0254550931713346
-0.5,-0.5,-0.509006371672837,0.0251891180065261,-0.478797936950598,0.0489709352759782,-0.343201592118925,0.0259776994124366
-0.5,-0.5,-0.502202651021293,0.0241841120881392,-0.496714941678408,0.0441741437426369,-0.367362203237214,0.0251564144096357
-0.5,-0.5,-0.474641892451766,0.0230551274104546,-0.497401746072049,0.0479968877575166,-0.331951380162542,0.0239901326160727
-0.5,-0.5,-0.517202649877509,0.0241930854503964,-0.483066703324427,0.0408554225941142,-0.367716491884459,0.0253533459493699
-0.5,-0.5,-0.476826444561539,0.0242038792849806,-0.503878815433715,0.047717383975221,-0.346663182729283,0.0249001128124465
-0.5,-0.5,-0.558753261862163,0.0257693345044637,-0.583760578456016,0.0576952708165272,-0.401637092994742,0.027077944268113
-0.5,-0.5,-0.528968854613429,0.0259093560434088,-0.606465607064899,0.0639053949808314,-0.407600230624181,0.0267867815016196
-0.5,-0.5,-0.479584212299211,0.0226763221127116,-0.490630083781587,0.0400669954431202,-0.362864761896963,0.0237051526999984
-0.5,-0.5,-0.476756328801873,0.0223188165321192,-0.443732632114625,0.0384807454192059,-0.325521689108572,0.0234648259238201
-0.5,-0.5,-0.480042474142702,0.023693711729156,-0.41093028883762,0.0370298337708385,-0.30833491162081,0.0245153797030046
-0.5,-0.5,-0.559380710825551,0.0255191869740273,-0.515991187134166,0.0457059964596065,-0.393126351976541,0.0269055875529833
-0.5,-0.5,-0.49245915873601,0.0240272552665738,-0.506226557131693,0.0472554021264671,-0.33979331677398,0.0249278707556832
-0.5,-0.5,-0.51110827198939,0.0252715120479347,-0.506921260195044,0.0421456249406435,-0.382516421003251,0.0260948186121285
-0.5,-0.5,-0.549412315556754,0.0245147107597842,-0.626123218279272,0.0713128076120204,-0.403076151731904,0.0260160388664637
-0.5,-0.5,-0.527118723270232,0.0252089186788159,-0.528785516940356,0.0498116692894326,-0.370744879625577,0.0262343907646166
-0.5,-0.5,-0.461112677318209,0.0230871735678441,-0.512567807431125,0.0505136033923388,-0.337185156767261,0.023862571298881
-0.5,-0.5,-0.52066969629799,0.025332237895646,-0.514765458104607,0.0419828978033023,-0.395179673680817,0.0262457833483801
-0.5,-0.5,-0.501464789200486,0.0235706976446746,-0.498145735013961,0.0439422820453227,-0.351696226379499,0.0246935519541535
-0.5,-0.5,-0.489284282364081,0.0244713146601695,-0.472373305662954,0.051905790979835,-0.320679419116525,0.0252029664608281
-0.5,-0.5,-0.490673251230224,0.0240279588820143,-0.469043206698219,0.043309808807098,-0.350253493552514,0.024909985475273
-0.5,-0.5,-0.524627838882741,0.0254858449509694,-0.525026989311406,0.0520097238012213,-0.351343001308932,0.0263819272214215
-0.5,-0.5,-0.497872628038034,0.0238369676530465,-0.528027917083113,0.0587226710540231,-0.342527810491305,0.0248491935213445
-0.5,-0.5,-0.561166373540043,0.0289348426782241,-0.522691299841707,0.054376125602493,-0.367258523380144,0.0292948277143383
-0.5,-0.5,-0.498806366171701,0.0237751200642106,-0.580730710250503,0.0743399344761883,-0.339422928687568,0.0248137664601634
-0.5,-0.5,-0.482655971124823,0.0236971073013611,-0.441849942735515,0.0425452414897609,-0.337907416303506,0.0245684565393686
-0.5,-0.5,-0.50406889861699,0.0246856605132538,-0.457440139831265,0.0413148918980451,-0.339510066442745,0.0255467574139631
-0.5,-0.5,-0.502348757131409,0.0247322722003592,-0.491530261401671,0.0533625677415287,-0.355402880131209,0.025578407112623
-0.5,-0.5,-0.511930916944334,0.0258295423168769,-0.610516489116953,0.0757638904079704,-0.362380954272175,0.0265206434338864
-0.5,-0.5,-0.514550184090275,0.0251147604638235,-0.488274898859944,0.0431820374842964,-0.360837068184176,0.0260075401284797
-0.5,-0.5,-0.535620173553102,0.026185968530094,-0.51904929085177,0.0471258941681398,-0.393087492468215,0.027083446710178
-0.5,-0.5,-0.535311790837608,0.0264526869001566,-0.57374780878441,0.0541526043130714,-0.403033217046556,0.0272881120910757
-0.5,-0.5,-0.507302126437913,0.0245329945673922,-0.504869622527411,0.0397443383640179,-0.376400184857141,0.0254796076905162
-0.5,-0.5,-0.508173739047227,0.0248143626793208,-0.498236208664028,0.048129563568474,-0.347472844988158,0.0256977592836929
-0.5,-0.5,-0.53124808293898,0.0244731092351296,-0.569316628956366,0.0672709198333559,-0.35869237099235,0.0257453493596897
-0.5,-0.5,-0.550582070904276,0.0263746558761306,-0.56940968524687,0.0589243585525777,-0.399115194299686,0.0274125758663722
-0.5,-0.5,-0.476532168022136,0.0234486449660723,-0.500323184807509,0.056766933826965,-0.330149763098806,0.0243116280911255
-0.5,-0.5,-0.509759559624551,0.0247060836603775,-0.540512202626731,0.0492342597141916,-0.369248829753616,0.0256460340451187
-0.5,-0.5,-0.522485949212137,0.0238834723328286,-0.511862002682396,0.049181748283564,-0.363122831962741,0.0251999091051703
-0.5,-0.5,-0.492718579305768,0.0234606307449,-0.565351818193435,0.0531906105890241,-0.36975403108505,0.0244736813346803
-0.5,-0.5,-0.568503668246218,0.0275726819712643,-0.54840392826417,0.0503654199532693,-0.381201564434687,0.0284651030198558
-0.5,-0.5,-0.500768141770746,0.0238813460022211,-0.464806230503958,0.0412174885614171,-0.345202323033229,0.0249175110151785
-0.5,-0.5,-0.500093862860387,0.0241966630839901,-0.522048121383854,0.0441814568949109,-0.371264219120762,0.0251367662870564
-0.5,-0.5,-0.545216781519949,0.0267900671430654,-0.523088283908671,0.0438489904076864,-0.386334739848756,0.0276406998330311
-0.5,-0.5,-0.493626937189941,0.0234321458301656,-0.549015005471186,0.0650181057138441,-0.337029908342961,0.0244968045862725
-0.5,-0.5,-0.468149579788921,0.0225768234747111,-0.449853836512873,0.0373937594316785,-0.353049184084717,0.0235089603705573
-0.5,-0.5,-0.513437077689065,0.0242195816341049,-0.4929421344368,0.0482085927554501,-0.343367327087081,0.025320152967753
-0.5,-0.5,-0.535085054211992,0.0262359476989535,-0.510346806219125,0.0481561463556475,-0.361507110831287,0.0270664135965164
-0.5,-0.5,-0.513167629444595,0.0254507375702025,-0.535256332007714,0.0536975436940058,-0.364005856563653,0.0262482852881226
-0.5,-0.5,-0.465380708667206,0.0235568883444134,-0.437933505011217,0.0364892633307284,-0.339801375720928,0.0242766718923323
-0.5,-0.5,-0.50196920818589,0.0251541032669275,-0.510381629581432,0.0472980058686598,-0.374706644718785,0.0259045297642681
-0.5,-0.5,-0.524501591274665,0.0255198905188979,-0.555159094873295,0.0537779973018347,-0.359240867116962,0.026419544649233
-0.5,-0.5,-0.506037751048741,0.0238168024158978,-0.447776156087081,0.0388363193783965,-0.328718482112592,0.0249248386986809
-0.5,-0.5,-0.497224301837085,0.0246385726957328,-0.453574417054829,0.0391544854181653,-0.360495004987907,0.025452023123581
-0.5,-0.5,-0.495875090761398,0.024015931129099,-0.478672332109017,0.042124791129187,-0.354463748187696,0.024959566442774
-0.5,-0.5,-0.487745929926459,0.0229240468906737,-0.559081630435878,0.0553334540919399,-0.360894718774922,0.0240108736040232
-0.5,-0.5,-0.516564174306714,0.0255353466436854,-0.51001280946174,0.0420188625647712,-0.371571591499131,0.0263566500259372
-0.5,-0.5,-0.497166857578708,0.0243203414576259,-0.448786575695665,0.0461011210873204,-0.32300760631974,0.0251782137517123
-0.5,-0.5,-0.489725634016286,0.0231757055504473,-0.480288754866253,0.0392021032524086,-0.376479666429082,0.0241929249769225
-0.5,-0.5,-0.493536033986121,0.0218405992771457,-0.558775009590389,0.0531981015870427,-0.363496962583183,0.0232554735230785
-0.5,-0.5,-0.503671962514288,0.0246162943059941,-0.568364301148021,0.0516678672668498,-0.391757115449307,0.0254791305507502
-0.5,-0.5,-0.494221363589474,0.0246423698915494,-0.470777664705598,0.0408717094429908,-0.347214121490995,0.0254171337349619
-0.5,-0.5,-0.484904822877392,0.0231366936365928,-0.516366724501512,0.0484131084845315,-0.361644974221538,0.0241383262613943
-0.5,-0.5,-0.507808682420106,0.0239410202482185,-0.502946786468431,0.0421548379557918,-0.360211526053222,0.0250469007951661
-0.5,-0.5,-0.535585351183427,0.026015145419497,-0.507445083735335,0.0536449294396752,-0.354048307465971,0.0268941234181244
-0.5,-0.5,-0.478328437225618,0.0225793091089613,-0.458398840000824,0.0387601081096365,-0.360797506408347,0.0236182271494337
-0.5,-0.5,-0.478111769082683,0.0225612678780016,-0.475125595436722,0.0455274102848329,-0.33001944773188,0.0236590822444552
-0.5,-0.5,-0.507441710093265,0.0259313075771784,-0.496170408963048,0.0520663325482531,-0.353895021676597,0.0265385181228115
-0.5,-0.5,-0.492173596373181,0.0243197338465714,-0.47803350345354,0.0543792070614648,-0.300217493655739,0.0250772044674952
-0.5,-0.5,-0.478199884537639,0.0232119501065599,-0.469282731478829,0.0420037151288889,-0.348772802052871,0.0241373372111464
-0.5,-0.5,-0.506704904237771,0.0254099661902346,-0.484885187901174,0.0462722590279638,-0.333348067821742,0.0260953635723892
-0.5,-0.5,-0.488283066995585,0.0248480117950082,-0.454619401385832,0.0411452118892277,-0.35311795610849,0.0255196715860193
-0.5,-0.5,-0.483185893994414,0.0231348270731753,-0.472286397872638,0.039835181142223,-0.351685326522813,0.0241332814205308
-0.5,-0.5,-0.496098184206244,0.0249417890089975,-0.589238996033342,0.0628855239500807,-0.374051963509743,0.0256748354603145
-0.5,-0.5,-0.48859072427957,0.023797506004819,-0.495138114923224,0.0507124808996136,-0.337779715971577,0.0247107552259123
-0.5,-0.5,-0.538029257787128,0.0262118375948241,-0.569051449953774,0.0478580803869116,-0.395606853547992,0.0271329663558641
-0.5,-0.5,-0.48955603433924,0.0245190073441944,-0.556314781100339,0.0539052947150158,-0.360171895799498,0.0252767639687564
-0.5,-0.5,-0.535123322164372,0.0275321324485729,-0.582949487193277,0.0600617810369318,-0.385912793627326,0.0280926826176997
-0.5,-0.5,-0.518543532162713,0.0252371971629087,-0.522604143294491,0.0448757837949972,-0.361893881269166,0.0261456923533918
-0.5,-0.5,-0.532354556801264,0.0252327312127494,-0.593530583079728,0.0522266633735733,-0.400743852286024,0.0263109575038373
-0.5,-0.5,-0.505513638093838,0.0239710484105108,-0.513712600142758,0.0453551126949353,-0.390175400732484,0.0249923309389859
-0.5,-0.5,-0.477752464995601,0.0221275190541503,-0.453066025255978,0.0433571616753266,-0.324446132162748,0.0233365695344758
-0.5,-0.5,-0.486814926073254,0.0251488583513267,-0.476203482299219,0.0429823449787643,-0.354693723018305,0.0257425707267313
-0.5,-0.5,-0.480919690650872,0.0234538504305781,-0.495605088270016,0.0524640320310253,-0.349240562475035,0.0243565373840052
-0.5,-0.5,-0.441319034159588,0.0223226889380897,-0.432834281434056,0.0425065110918784,-0.282543814412215,0.0230798401622186
-0.5,-0.5,-0.477974408202974,0.0232815204144624,-0.466524923594566,0.048131282973641,-0.31835527757258,0.0241981162303802
-0.5,-0.5,-0.571127836908625,0.0275607210070917,-0.511794074237785,0.0461716525438266,-0.416033888627175,0.0285717759388575
-0.5,-0.5,-0.53000562734291,0.0253134756077424,-0.520888739800993,0.0443272871127904,-0.371139030571191,0.0263476036475611
-0.5,-0.5,-0.505946878381588,0.0261229294129029,-0.517618829980196,0.0477892465171067,-0.356642165472725,0.0266764570713412
-0.5,-0.5,-0.56365872918237,0.0265914094229448,-0.524321330887273,0.0434312421216997,-0.414228546604765,0.0277523954751331
-0.5,-0.5,-0.556260651838204,0.0259724807639886,-0.587717941789581,0.0612748564259181,-0.389800147708333,0.0271854437263676
-0.5,-0.5,-0.486159929017894,0.0240250521463703,-0.492092885081892,0.0516733844723403,-0.317252301274363,0.0248358628092627
-0.5,-0.5,-0.474882774888282,0.0230406659654333,-0.481713963449747,0.0438678888799574,-0.347537544026231,0.0239664893500426
-0.5,-0.5,-0.517203985860804,0.0269005985600135,-0.577003275428104,0.0603889925939367,-0.379645511480001,0.0274259348346246
-0.5,-0.5,-0.536814957329064,0.0252603720955683,-0.57158920969576,0.059477186126284,-0.396215754341051,0.0263965131045766
-0.5,-0.5,-0.519624906378435,0.02485028234086,-0.580672500048883,0.0650523904170022,-0.39250706648571,0.0258604353615496
-0.5,-0.5,-0.493681376268248,0.0235161623426053,-0.516342975027732,0.0464489364001374,-0.353050466782434,0.0245533892281969
-0.5,-0.5,-0.446803661868792,0.0224520532054646,-0.44797583325218,0.0431182740426952,-0.30843736968583,0.0232360313948935
-0.5,-0.5,-0.462907696452971,0.0231907671144642,-0.462530146986581,0.0452261763360666,-0.333562603219447,0.0239660807196042
-0.5,-0.5,-0.487853892325521,0.0244138420297109,-0.457852276372246,0.0450929646581814,-0.322973609660082,0.0251500045661853
-0.5,-0.5,-0.479880858730545,0.0234489245551035,-0.527099742835259,0.0578470619401552,-0.345819822928645,0.0243437822312428
-0.5,-0.5,-0.515131428521832,0.0248846145076169,-0.526566950977465,0.0496794021806466,-0.36293589259754,0.0258435301598125
-0.5,-0.5,-0.504235985844551,0.0240329199338595,-0.47498683332156,0.037734898813063,-0.374893538343517,0.025056256809775
NA,NA,NA,NA,NA,NA,NA,NA
