"true_ci","gr1_ci","gr1_gs_ci","gr1_se_gs_ci","gr1_mb_ci","gr1_se_mb_ci","gr1_nv_ci","gr1_se_nv_ci","gr2_ci","gr2_gs_ci","gr2_se_gs_ci","gr2_mb_ci","gr2_se_mb_ci","gr2_nv_ci","gr2_se_nv_ci","less_error_var","more_error_var","gs_ci","se_gs_ci","mb_ci","se_mb_ci","nv_ci","se_nv_ci"
-0.5,-0.625,-0.573566240912435,0.0314170572917136,-0.553651679842896,0.0513952845957002,-0.452092854838499,0.0316666695175624,-0.5,-0.507244512792674,0.0235179864377714,-0.547343674271794,0.0515982309146749,-0.401626566343194,0.0246158921648256,NA,NA,NA,NA,NA,NA,NA,NA
-0.5,-0.625,-0.766459205110782,0.0452704709149413,-0.852825341160598,0.120747098646364,-0.566966891741077,0.0445068093052958,-0.5,-0.478773123445342,0.0259749287697399,-0.45347757254201,0.0403548783222455,-0.375132261953941,0.0263575539238665,NA,NA,NA,NA,NA,NA,NA,NA
-0.5,-0.625,-0.708176427205294,0.0402448157813718,-0.803831790624265,0.0867308277116626,-0.57196216659476,0.0403420314515074,-0.5,-0.462409149511392,0.0224427597133862,-0.481302606011754,0.0439949045512451,-0.378089779325371,0.0232362569876832,NA,NA,NA,NA,NA,NA,NA,NA
-0.5,-0.625,-0.554241199409051,0.0293979651138311,-0.539501929812664,0.048245937216731,-0.45958424919927,0.0298639743767039,-0.5,-0.53492319149422,0.0241502418131162,-0.632663350108933,0.0644046937773503,-0.423057927200425,0.0254434208603599,NA,NA,NA,NA,NA,NA,NA,NA
-0.5,-0.625,-0.645459749229177,0.0378774404170376,-0.618509950280207,0.0578907151500774,-0.54018026554406,0.0378214312225216,-0.5,-0.554588440273357,0.0263223068567875,-0.54761960318103,0.0416285892456447,-0.43892183182126,0.0273920241770562,NA,NA,NA,NA,NA,NA,NA,NA
-0.5,-0.625,-0.610159721492001,0.031072359626993,-0.570030849780906,0.0591024149990762,-0.451867184565122,0.031735028247989,-0.5,-0.511608907052582,0.0238285462349327,-0.527276586885635,0.0529933739142315,-0.440591743198676,0.0247080578158056,NA,NA,NA,NA,NA,NA,NA,NA
-0.5,-0.625,-0.569908909266566,0.03119751841651,-0.511482952056703,0.0527963134732961,-0.466227233704503,0.0315003512354318,-0.5,-0.517087964398821,0.0266746561436201,-0.502528913811693,0.0458007532486456,-0.446278018462358,0.0272017869796806,NA,NA,NA,NA,NA,NA,NA,NA
-0.5,-0.625,-0.662782056082938,0.0370959646727926,-0.631998529105119,0.0568425630872422,-0.529065649974957,0.037229255500591,-0.5,-0.43319639393465,0.0225457901237099,-0.380151832822395,0.036417041439676,-0.31976972760326,0.0231704140970426,NA,NA,NA,NA,NA,NA,NA,NA
-0.5,-0.625,-0.682619019026227,0.0345934184749263,-0.60672777633056,0.0567669471986956,-0.568988791137291,0.0355610516057338,-0.5,-0.492476867403004,0.0226469911826524,-0.437016005596488,0.0370013745263104,-0.396919578991989,0.0237193503923593,NA,NA,NA,NA,NA,NA,NA,NA
-0.5,-0.625,-0.632512252529239,0.0338247202982128,-0.600618724119405,0.0587414510889505,-0.548800442087521,0.0343281745871071,-0.5,-0.48206876428342,0.0245388342402219,-0.531365264169077,0.0644701627162459,-0.415112728454181,0.0250905588459258,NA,NA,NA,NA,NA,NA,NA,NA
-0.5,-0.625,-0.533703580908608,0.0292034171319752,-0.546090623698547,0.0499523648999208,-0.439639259908616,0.0295210462211693,-0.5,-0.496916469777152,0.0234272107417864,-0.493439487490402,0.0409802123902176,-0.401981243601969,0.0243944292210913,NA,NA,NA,NA,NA,NA,NA,NA
-0.5,-0.625,-0.586844959797476,0.0304259113174765,-0.582156244648171,0.0596952640567838,-0.48423539955372,0.0310353992672826,-0.5,-0.532053260430756,0.0236511286035838,-0.482674319933605,0.0404038636702632,-0.419286103722229,0.0250240438289892,NA,NA,NA,NA,NA,NA,NA,NA
-0.5,-0.625,-0.613920473281594,0.0351128117496968,-0.525380134631459,0.0492415849972277,-0.487360935248221,0.0350736331960429,-0.5,-0.474760503897891,0.0233793618832102,-0.509383866069634,0.0444638309116832,-0.395815147513709,0.0240958112980739,NA,NA,NA,NA,NA,NA,NA,NA
-0.5,-0.625,-0.647594035148169,0.0365702589267192,-0.809671101058545,0.134424640844865,-0.525636412519494,0.036679073081914,-0.5,-0.507260237267403,0.0231520415957772,-0.559798911655675,0.082617361155337,-0.392482863860752,0.0243640190104985,NA,NA,NA,NA,NA,NA,NA,NA
-0.5,-0.625,-0.70966370928811,0.0377558519974531,-0.70187135803264,0.0614778797696011,-0.598916109432889,0.038471202224719,-0.5,-0.505831636022907,0.023592523645145,-0.553468811627397,0.0555600649458246,-0.396389104842727,0.0246762348209265,NA,NA,NA,NA,NA,NA,NA,NA
-0.5,-0.625,-0.63342649995151,0.0329657890850675,-0.623018165939126,0.0553450402721642,-0.535920968780546,0.0336259080938772,-0.5,-0.497594697633135,0.0217884019001604,-0.461820532702148,0.0357141417170827,-0.418089788567944,0.0229441548607038,NA,NA,NA,NA,NA,NA,NA,NA
-0.5,-0.625,-0.677577282759466,0.0363556177591324,-0.689260336233816,0.0641630163964933,-0.557452899937381,0.0368978899942111,-0.5,-0.561628264437742,0.0267014596311101,-0.555813503209596,0.0493490093544365,-0.468759991223991,0.0276925478658564,NA,NA,NA,NA,NA,NA,NA,NA
-0.5,-0.625,-0.622800061974017,0.0307989682478986,-0.59469996193144,0.0674364289722843,-0.503602379660389,0.0317621890532706,-0.5,-0.472288491310982,0.0231400192323924,-0.508645922400981,0.0533786400992102,-0.385179875708667,0.0239113171533498,NA,NA,NA,NA,NA,NA,NA,NA
-0.5,-0.625,-0.674942105045383,0.035124143205568,-0.618271545206502,0.0791075393989089,-0.507193125115485,0.0357153389537334,-0.5,-0.478386429600998,0.0222247195361353,-0.451493830479119,0.0428720488217441,-0.32719874903483,0.0234139366534288,NA,NA,NA,NA,NA,NA,NA,NA
-0.5,-0.625,-0.558884966778756,0.0300743299596447,-0.490480020666662,0.0434251366515749,-0.442397176174251,0.0304401825726105,-0.5,-0.444755254917387,0.0204070536113131,-0.417300352702782,0.0395030764250147,-0.357494477117487,0.0214152759441233,NA,NA,NA,NA,NA,NA,NA,NA
-0.5,-0.625,-0.602632968726415,0.0303725215261296,-0.695862746852804,0.0663616115260854,-0.516972315591951,0.0311220425317908,-0.5,-0.451541506979628,0.0210388580900715,-0.436357992185295,0.0426503893168085,-0.346378549607481,0.0220876572887784,NA,NA,NA,NA,NA,NA,NA,NA
-0.5,-0.625,-0.586252174594272,0.0346199841815367,-0.60519766048156,0.0552245348116827,-0.50232652954598,0.0346073616395065,-0.5,-0.4867448571252,0.0238275240338744,-0.486781578499633,0.0475853874617552,-0.36720244805015,0.0246944574617126,NA,NA,NA,NA,NA,NA,NA,NA
-0.5,-0.625,-0.730448902167368,0.0389401204432063,-0.726672169451673,0.0748073065558086,-0.594173895784011,0.0396596806143907,-0.5,-0.510516242417829,0.0255334032352135,-0.491201246123221,0.0761971510490726,-0.382504590292767,0.0262933409740547,NA,NA,NA,NA,NA,NA,NA,NA
-0.5,-0.625,-0.610573810459921,0.0330975139543343,-0.602703216319255,0.0724542007018898,-0.48357172812538,0.0334185383182933,-0.5,-0.506431007421824,0.0242009044948216,-0.531625872693279,0.044231771104929,-0.420388402794836,0.0250752891550777,NA,NA,NA,NA,NA,NA,NA,NA
-0.5,-0.625,-0.672422291859905,0.0360506970909403,-0.661880016434028,0.061767974586489,-0.515936845505798,0.0364288729456116,-0.5,-0.463451151780485,0.0223064681974065,-0.42897270328256,0.0354060386329211,-0.367625721684486,0.0231831508171068,NA,NA,NA,NA,NA,NA,NA,NA
-0.5,-0.625,-0.584002815408023,0.0306234834896839,-0.559041020060256,0.0565755565675271,-0.461869553166536,0.0311461938832878,-0.5,-0.49358191676275,0.0245537102662327,-0.512258237605263,0.052521811494753,-0.370283169998473,0.0253426940569353,NA,NA,NA,NA,NA,NA,NA,NA
-0.5,-0.625,-0.657814405215139,0.0339579743562968,-0.719620169527717,0.0809321180067789,-0.531353620683398,0.0347135325906948,-0.5,-0.479377748155557,0.0242072600367765,-0.482321635262282,0.0535662219609637,-0.358598690579707,0.0249250072785915,NA,NA,NA,NA,NA,NA,NA,NA
-0.5,-0.625,-0.625192898096911,0.0313225924143074,-0.573459767200115,0.0535808330547493,-0.514011472123452,0.032202142228283,-0.5,-0.547781033733906,0.0293536461628392,-0.515674778214938,0.0434143322461952,-0.448539635659143,0.029766176229794,NA,NA,NA,NA,NA,NA,NA,NA
-0.5,-0.625,-0.634167249653847,0.0357705143800101,-0.642759636254561,0.08215211877024,-0.491802073640365,0.0357470250963395,-0.5,-0.539651853502769,0.0277221694826989,-0.519988251479176,0.0436666752389471,-0.440749759681577,0.0283372338947363,NA,NA,NA,NA,NA,NA,NA,NA
-0.5,-0.625,-0.633824899174071,0.0311790548632973,-0.594886414917839,0.0528655232711019,-0.534507987813406,0.0321642097693645,-0.5,-0.462029569766707,0.0231443438151041,-0.472929753691268,0.0407002478253138,-0.397187209097983,0.0237348284887523,NA,NA,NA,NA,NA,NA,NA,NA
-0.5,-0.625,-0.701320559943118,0.0383428019876223,-0.679907049714858,0.0664294671717285,-0.533048208586009,0.0385433612684894,-0.5,-0.500855716111052,0.0215854633862864,-0.481480614620373,0.0408936877194341,-0.390696813425996,0.0230450490983309,NA,NA,NA,NA,NA,NA,NA,NA
-0.5,-0.625,-0.593870111671736,0.0349847033045726,-0.591596104171543,0.0536028768598431,-0.494678682698861,0.0349132514659033,-0.5,-0.523636636732372,0.0260699650217057,-0.53149694945174,0.043848688674245,-0.427364933734674,0.0268185785754052,NA,NA,NA,NA,NA,NA,NA,NA
-0.5,-0.625,-0.69426377790913,0.0373886425145423,-0.740047048577817,0.0745943451588264,-0.580574589109031,0.0379658256505142,-0.5,-0.527534409825323,0.0246505098770613,-0.552367907725947,0.055729564379831,-0.410117233393942,0.025773185037151,NA,NA,NA,NA,NA,NA,NA,NA
-0.5,-0.625,-0.554289788089522,0.0295951215314911,-0.661448881221504,0.0742197351655325,-0.452537236677173,0.0300255050371156,-0.5,-0.474423836269545,0.0236147947053561,-0.472581940992175,0.0425053300464205,-0.353931545147097,0.02440535004938,NA,NA,NA,NA,NA,NA,NA,NA
-0.5,-0.625,-0.644515516052245,0.0351190083920307,-0.640385781986055,0.0525036257213194,-0.57324521534702,0.0355391675652856,-0.5,-0.510927144985356,0.0232058012259946,-0.484982972265137,0.0415281443335496,-0.361528164723338,0.0245410655036054,NA,NA,NA,NA,NA,NA,NA,NA
-0.5,-0.625,-0.587744982184484,0.0319979350550614,-0.576146154836849,0.0526627626102562,-0.461599711428787,0.0322745470588689,-0.5,-0.517010771210343,0.0241982557247225,-0.464359937708589,0.0385949082985897,-0.433245907956857,0.0251519715375349,NA,NA,NA,NA,NA,NA,NA,NA
-0.5,-0.625,-0.59187121318099,0.0297979414310705,-0.563401520045696,0.0492567954319176,-0.451492219458299,0.0305647164224524,-0.5,-0.477575334771398,0.0237539954089295,-0.515040746491148,0.0470312016514177,-0.403898947428701,0.0244113719660657,NA,NA,NA,NA,NA,NA,NA,NA
-0.5,-0.625,-0.682710485514277,0.0357127540350023,-0.693281377689461,0.0684377510734787,-0.548617884999273,0.0364243348399316,-0.5,-0.497409218357068,0.0249816754441562,-0.544657061449982,0.0701967161816645,-0.400782262821909,0.0256848410988907,NA,NA,NA,NA,NA,NA,NA,NA
-0.5,-0.625,-0.605481486289563,0.0318840644037866,-0.651492204584176,0.082957120111432,-0.457435423565483,0.0323221109151291,-0.5,-0.514866854808131,0.0239767498690168,-0.482060070990643,0.0388374439645538,-0.416822306637473,0.0250273923596778,NA,NA,NA,NA,NA,NA,NA,NA
-0.5,-0.625,-0.593903192343725,0.0293525737588167,-0.538149100712556,0.0534323729137358,-0.443370921800094,0.0302359489948582,-0.5,-0.456607892626816,0.023542568522947,-0.480729254443153,0.0419481791960225,-0.375222643287873,0.0241146190172754,NA,NA,NA,NA,NA,NA,NA,NA
-0.5,-0.625,-0.601462519833822,0.0346366034640854,-0.665549271016489,0.0705400997766114,-0.512640278203221,0.0347309091963753,-0.5,-0.487121404021709,0.0252345046803746,-0.439434413614982,0.0449421896620274,-0.3414874428114,0.0257954378866322,NA,NA,NA,NA,NA,NA,NA,NA
-0.5,-0.625,-0.678888136438295,0.0379046599573798,-0.717493299978938,0.0703158080870548,-0.599302369373574,0.0382679025264905,-0.5,-0.467613675311571,0.0217170282314229,-0.504264721267293,0.0436089630926514,-0.37117862132913,0.0227394996998884,NA,NA,NA,NA,NA,NA,NA,NA
-0.5,-0.625,-0.597699355828725,0.0328082263550768,-0.615364141429849,0.0619951704707803,-0.468740711302096,0.0330254784525138,-0.5,-0.462947773999623,0.0218062543416098,-0.455265416092811,0.0416940440103247,-0.382199953481743,0.0226851885800901,NA,NA,NA,NA,NA,NA,NA,NA
-0.5,-0.625,-0.620321999687167,0.0336331109865767,-0.568375111632473,0.0536073190144652,-0.456079735718916,0.0337703304709482,-0.5,-0.461586694664089,0.0246349301499766,-0.512948476960047,0.0732936744651301,-0.381273189671992,0.0250825682238043,NA,NA,NA,NA,NA,NA,NA,NA
-0.5,-0.625,-0.633858538179996,0.0357400223414016,-0.735283504934961,0.0721121103840966,-0.515081917234168,0.0358579663519346,-0.5,-0.491674372366572,0.0215808958989278,-0.467689626845742,0.0392731009671208,-0.361104259671904,0.0230389156019236,NA,NA,NA,NA,NA,NA,NA,NA
-0.5,-0.625,-0.588550253329793,0.0336380783926499,-0.661981440871679,0.0620228187898876,-0.500665926774662,0.0337672583591418,-0.5,-0.528804495434863,0.0234586877231382,-0.494521396017814,0.0525912001174951,-0.412765196789406,0.0248525516171618,NA,NA,NA,NA,NA,NA,NA,NA
-0.5,-0.625,-0.567816262426898,0.0304079134741362,-0.576742153729844,0.0552598582020428,-0.468990350968113,0.0308316240737099,-0.5,-0.495462761972779,0.024169606528157,-0.55317925269263,0.0456833087658772,-0.429426552824419,0.0248513001424647,NA,NA,NA,NA,NA,NA,NA,NA
-0.5,-0.625,-0.644261718590184,0.0353988968316794,-0.587849566172354,0.057448401055986,-0.494447950231268,0.0355494180832888,-0.5,-0.46477002504354,0.0218851489231349,-0.472359831546273,0.0528249835319865,-0.343598751172894,0.0229456313297443,NA,NA,NA,NA,NA,NA,NA,NA
-0.5,-0.625,-0.647919164446,0.0348981233293016,-0.808970275978835,0.099199167445869,-0.534573335760311,0.035362929731737,-0.5,-0.459449867408941,0.0216521336595826,-0.442205480236417,0.0370926781914181,-0.361422766546646,0.0226223428389136,NA,NA,NA,NA,NA,NA,NA,NA
-0.5,-0.625,-0.563945973549827,0.0324105070644161,-0.536069192396743,0.051823224590808,-0.436135538364102,0.0323347555983223,-0.5,-0.464390435517207,0.0218783735100311,-0.512910099873523,0.0774491293347288,-0.400489601591979,0.0226385816239335,NA,NA,NA,NA,NA,NA,NA,NA
-0.5,-0.625,-0.627144968729448,0.0327384068543421,-0.530299528947792,0.047169991974334,-0.495670515127941,0.0333314469756976,-0.5,-0.556878551078711,0.0260763472908212,-0.545873133627248,0.0461216425699866,-0.445689984284632,0.0272107068636813,NA,NA,NA,NA,NA,NA,NA,NA
-0.5,-0.625,-0.645227580804524,0.0322249132882468,-0.627041873088911,0.053882101044119,-0.508016759933098,0.0331739798168637,-0.5,-0.468639246887485,0.023616432768973,-0.545897559360359,0.0543769274186125,-0.402720132111946,0.0241944509200656,NA,NA,NA,NA,NA,NA,NA,NA
-0.5,-0.625,-0.62472659348567,0.0322711558154672,-0.623157129252237,0.0652428429168252,-0.512738484681001,0.0329601685211542,-0.5,-0.54454080763013,0.0263578387245239,-0.536834856708958,0.050792031125347,-0.404481345233508,0.0273259047742711,NA,NA,NA,NA,NA,NA,NA,NA
-0.5,-0.625,-0.623070796667588,0.0356670317317311,-0.704291074590372,0.0818504308005343,-0.480374410564792,0.0355185059554756,-0.5,-0.464322367804259,0.023589564523803,-0.434453796015264,0.0411680355619528,-0.364739963104908,0.0242600688841274,NA,NA,NA,NA,NA,NA,NA,NA
-0.5,-0.625,-0.63745585603684,0.0349791228343675,-0.66606738739761,0.0716347315972605,-0.547558807107614,0.0353559850273248,-0.5,-0.552498966242733,0.0286246223734191,-0.601185241771643,0.0602269642093569,-0.464180560380902,0.0291940113228381,NA,NA,NA,NA,NA,NA,NA,NA
-0.5,-0.625,-0.56445559313909,0.0313995936692018,-0.537916744355316,0.0483666089217039,-0.453679877563573,0.0315942591076729,-0.5,-0.532592618602042,0.0266778241797675,-0.570256414303808,0.0515355533716863,-0.435127790509823,0.0274063365734123,NA,NA,NA,NA,NA,NA,NA,NA
-0.5,-0.625,-0.652112826795374,0.035108540927754,-0.560768319665481,0.0515960919398507,-0.524574027990114,0.0355420538995361,-0.5,-0.550806593493678,0.0262079007808356,-0.543501084120154,0.0593486770873125,-0.422092299707784,0.0272821974203929,NA,NA,NA,NA,NA,NA,NA,NA
-0.5,-0.625,-0.647974511685741,0.0367657639140569,-0.646049523351358,0.0659862278349893,-0.49985444222987,0.0366697523456851,-0.5,-0.537711092320694,0.0255406217124064,-0.452373850612284,0.0396675924026242,-0.396149436145511,0.0266202067956423,NA,NA,NA,NA,NA,NA,NA,NA
-0.5,-0.625,-0.695029291984443,0.0339674573822201,-0.631191337041659,0.0579994388255768,-0.557886722217618,0.0352669664443411,-0.5,-0.570760170048892,0.0256150845512039,-0.541064330145594,0.0448473550497432,-0.456366984605836,0.0270264461459951,NA,NA,NA,NA,NA,NA,NA,NA
-0.5,-0.625,-0.563779677186579,0.0300589572596588,-0.532889886888201,0.0552869837898934,-0.427486864336117,0.0304255429518992,-0.5,-0.503408152949761,0.0244800439888218,-0.482495888915049,0.0392499945911229,-0.427118743857674,0.0252355783984463,NA,NA,NA,NA,NA,NA,NA,NA
-0.5,-0.625,-0.591925837936724,0.0349611236002969,-0.589130801100571,0.0531077958161565,-0.489811810854807,0.0348595181061331,-0.5,-0.535835398685614,0.02419158332106,-0.528580380072681,0.0475269331495272,-0.41917438652037,0.0255072782221675,NA,NA,NA,NA,NA,NA,NA,NA
-0.5,-0.625,-0.624657958258933,0.0322520249988326,-0.597753231002377,0.0834384598248282,-0.431228353486168,0.0326408498197546,-0.5,-0.504521539632402,0.0255821002657344,-0.485562905504858,0.040827484671893,-0.408535987869522,0.0262428674097167,NA,NA,NA,NA,NA,NA,NA,NA
-0.5,-0.625,-0.660192936365191,0.0340014116219372,-0.715380425974418,0.0797341055375081,-0.532570342553532,0.0347786723321881,-0.5,-0.453418318886738,0.0230989852473738,-0.461285656186892,0.0396765042920265,-0.382223549371289,0.0236732285126839,NA,NA,NA,NA,NA,NA,NA,NA
-0.5,-0.625,-0.591503591856976,0.0320212210359208,-0.571195794416337,0.0492310028526878,-0.491892118213681,0.032404060406946,-0.5,-0.521315060619705,0.025000009066583,-0.515176658473186,0.0522263713660758,-0.448241519196412,0.0257991938413847,NA,NA,NA,NA,NA,NA,NA,NA
-0.5,-0.625,-0.649138154209011,0.0353435695396452,-0.607244559101293,0.0522787320517958,-0.526757813708911,0.035709618294107,-0.5,-0.521208232092754,0.024593386563031,-0.513518793028548,0.0516890897681608,-0.427738991608981,0.0255698567484579,NA,NA,NA,NA,NA,NA,NA,NA
-0.5,-0.625,-0.626090504759905,0.0371523349598342,-0.674046694636156,0.0619171943731876,-0.504216330331075,0.0368983079054939,-0.5,-0.4879378476739,0.0227890029611942,-0.463373170364628,0.0400333962221951,-0.401847930526155,0.0237416104272141,NA,NA,NA,NA,NA,NA,NA,NA
-0.5,-0.625,-0.65584084884897,0.0347128502752028,-0.597561288325583,0.0578005060166894,-0.52853389314981,0.0352796527036374,-0.5,-0.46986922398979,0.0234060345291338,-0.46555385436897,0.0383554711112998,-0.378500415903315,0.0241305122451417,NA,NA,NA,NA,NA,NA,NA,NA
-0.5,-0.625,-0.622459704832795,0.0357281812792466,-0.692401932911399,0.0679280521305352,-0.498933475959588,0.0356883572911761,-0.5,-0.500053274536138,0.0263518856544067,-0.467429489844722,0.0447391926277165,-0.388530234740053,0.0268472006476136,NA,NA,NA,NA,NA,NA,NA,NA
-0.5,-0.625,-0.636532081581191,0.0326221993414311,-0.577916260016993,0.0559878518197569,-0.468313816844506,0.0332436350068658,-0.5,-0.55315143204158,0.0264065011252158,-0.62359915032734,0.0731748061654315,-0.45163831609892,0.0274005079845984,NA,NA,NA,NA,NA,NA,NA,NA
-0.5,-0.625,-0.620521315786912,0.0335392108345704,-0.537810096471615,0.0541554243575771,-0.457764608645155,0.0337120933756033,-0.5,-0.540582287277589,0.0245247853779588,-0.525925792365097,0.0443865490952942,-0.436304493577618,0.0257657302360103,NA,NA,NA,NA,NA,NA,NA,NA
-0.5,-0.625,-0.64568073852024,0.0342787634482076,-0.577655289419091,0.0561956106188816,-0.506802756815782,0.0347603431895629,-0.5,-0.48551377352697,0.0237545967158909,-0.529450291205201,0.0426190132823213,-0.405905915185623,0.0244985135046796,NA,NA,NA,NA,NA,NA,NA,NA
-0.5,-0.625,-0.559394687653458,0.0308247316802458,-0.553419044910082,0.0497720954071793,-0.468418345626291,0.0311138462558105,-0.5,-0.473000256527667,0.0231352433493637,-0.492928089718459,0.046213758073926,-0.393810801880635,0.0238763827748378,NA,NA,NA,NA,NA,NA,NA,NA
-0.5,-0.625,-0.583684965691089,0.033645560765211,-0.683060110312427,0.084602799765976,-0.494894322478628,0.0337293114642132,-0.5,-0.49216801202578,0.0248346294607877,-0.487211572869225,0.0408152544467931,-0.405202809187814,0.02549247693752,NA,NA,NA,NA,NA,NA,NA,NA
-0.5,-0.625,-0.641696229687452,0.0355520369058241,-0.645483785156146,0.0739256269180174,-0.502184863168978,0.0356948588584458,-0.5,-0.499423443739404,0.0245415852220606,-0.491208754404809,0.0551200791848172,-0.381188093377439,0.0253873675217112,NA,NA,NA,NA,NA,NA,NA,NA
-0.5,-0.625,-0.62656549741128,0.0318298016834534,-0.628572894010135,0.0558038128002436,-0.498111496235501,0.0326187848632529,-0.5,-0.469609849470766,0.0227330320785755,-0.461888369740015,0.0416468796763669,-0.385141003721781,0.0235367499271114,NA,NA,NA,NA,NA,NA,NA,NA
-0.5,-0.625,-0.604175966632449,0.0347422831476892,-0.671792370201536,0.075283296190224,-0.535471829928227,0.0348946126346597,-0.5,-0.559352375786057,0.027152177996469,-0.552092657438172,0.0496046198815894,-0.443108843450385,0.0281040222558006,NA,NA,NA,NA,NA,NA,NA,NA
-0.5,-0.625,-0.570492354447786,0.0289983794425286,-0.57559488812427,0.0488072340412178,-0.450859456583143,0.0296992440569687,-0.5,-0.489258004711341,0.0257622962143936,-0.482409583587058,0.0439321338248085,-0.375703539884625,0.026268092986323,NA,NA,NA,NA,NA,NA,NA,NA
-0.5,-0.625,-0.639366730592067,0.0389196472122149,-0.752855610296394,0.102897977267241,-0.518175414242759,0.0384997483629533,-0.5,-0.455189008750848,0.0240354585645177,-0.415543116101004,0.0505270614562044,-0.346822451692065,0.0245637443549825,NA,NA,NA,NA,NA,NA,NA,NA
-0.5,-0.625,-0.613969372185742,0.0361006224118146,-0.683483656684905,0.0686782277777389,-0.504248233636095,0.0359843893607648,-0.5,-0.470915419570659,0.0217681674340864,-0.483701707626929,0.0372345940293232,-0.386529930841592,0.022739682899096,NA,NA,NA,NA,NA,NA,NA,NA
-0.5,-0.625,-0.721624272128437,0.0406659764472456,-0.75805617274646,0.0806148604411326,-0.557460060803291,0.0406647654899565,-0.5,-0.47129213104598,0.0245748816113821,-0.474690247536022,0.0498263568918168,-0.377190512991941,0.0251256756294482,NA,NA,NA,NA,NA,NA,NA,NA
-0.5,-0.625,-0.533432791649158,0.0296589764319021,-0.474273958514462,0.0464414223729162,-0.42505367461817,0.0298716808969731,-0.5,-0.512819384243897,0.0270856601073511,-0.536226939530139,0.0474252733990831,-0.438593881427199,0.0275384065946865,NA,NA,NA,NA,NA,NA,NA,NA
-0.5,-0.625,-0.637566008921483,0.0329963383124455,-0.618969805265645,0.0584583557350915,-0.540752413632324,0.0336958092681091,-0.5,-0.519257291234796,0.0241907253975809,-0.505183200531753,0.0392862779339773,-0.420502102312794,0.0252476235996285,NA,NA,NA,NA,NA,NA,NA,NA
-0.5,-0.625,-0.590917580783059,0.0342741314502176,-0.675372696064611,0.092996433566021,-0.428035806030707,0.0338653594999813,-0.5,-0.497190308343499,0.02435874521926,-0.42540115294778,0.0372877253760267,-0.38653776183341,0.025205786896765,NA,NA,NA,NA,NA,NA,NA,NA
-0.5,-0.625,-0.646061335508991,0.0372650143164501,-0.681027074954579,0.0655145636749568,-0.526024071796578,0.0372347497339316,-0.5,-0.518826795471837,0.0233187330427606,-0.521620301402289,0.0428084808345044,-0.424984851882882,0.0245082782122417,NA,NA,NA,NA,NA,NA,NA,NA
-0.5,-0.625,-0.572858895303574,0.0309681417940436,-0.570412062245078,0.051601899608152,-0.475921019094491,0.0313485884337077,-0.5,-0.558895816656938,0.0260119984130697,-0.514903453812126,0.0441339491812697,-0.465412663581289,0.0271027299825862,NA,NA,NA,NA,NA,NA,NA,NA
-0.5,-0.625,-0.756182224098008,0.0418994219970051,-0.807715800266721,0.0864903578568279,-0.61692324290507,0.0423661618769694,-0.5,-0.456772124776865,0.0221199106257863,-0.434386793520618,0.0371850242956159,-0.396781837122889,0.0227730521567715,NA,NA,NA,NA,NA,NA,NA,NA
-0.5,-0.625,-0.61832194041658,0.0329351035872897,-0.631116671371913,0.0535165203452345,-0.489459171804974,0.0333794639545037,-0.5,-0.491272090974167,0.0227501258699792,-0.420472917335298,0.0377855012865056,-0.383469981504115,0.0238500997740338,NA,NA,NA,NA,NA,NA,NA,NA
-0.5,-0.625,-0.624697488568688,0.033307579724884,-0.596898428724681,0.0564440778880618,-0.524858500188601,0.0338148054517241,-0.5,-0.488173959671909,0.0233632739710503,-0.49139106541661,0.0415081234244228,-0.395975901556396,0.0242512118452328,NA,NA,NA,NA,NA,NA,NA,NA
-0.5,-0.625,-0.630869928136869,0.0352275183859486,-0.637902873324278,0.07586617231737,-0.488317277928931,0.0352773820692722,-0.5,-0.57193216462039,0.0292226852811904,-0.566304505683719,0.0479272735782833,-0.485097357531531,0.0298692330201405,NA,NA,NA,NA,NA,NA,NA,NA
-0.5,-0.625,-0.52879319831039,0.0287754395424701,-0.511239908100901,0.0466111959050299,-0.437031857964811,0.029120764585329,-0.5,-0.526727615709382,0.0241131020850625,-0.621428593941595,0.0956783167924682,-0.43257028370758,0.025234077965037,NA,NA,NA,NA,NA,NA,NA,NA
-0.5,-0.625,-0.613524423293562,0.0327962142028859,-0.639733185677524,0.0721943285717813,-0.479940310775019,0.0331924318578998,-0.5,-0.487944449981711,0.0249500291791583,-0.49121638482162,0.0435032897642093,-0.407127625107213,0.0255390811906149,NA,NA,NA,NA,NA,NA,NA,NA
-0.5,-0.625,-0.590057560535386,0.0358311742787138,-0.619771105087109,0.0558686492198672,-0.496901190246132,0.0356337901032924,-0.5,-0.492389086640892,0.0242716762033809,-0.476654538747376,0.0449373765106356,-0.379945153509478,0.0250925342906194,NA,NA,NA,NA,NA,NA,NA,NA
-0.5,-0.625,-0.576117149073428,0.0310379084385377,-0.566594702116336,0.0570292125783637,-0.46397145255256,0.0314135942283953,-0.5,-0.476360015939201,0.0230433092881512,-0.49026220259148,0.0574663971084683,-0.38562286132016,0.0238791965662537,NA,NA,NA,NA,NA,NA,NA,NA
-0.5,-0.625,-0.565913391142887,0.0313821892603535,-0.596000997717992,0.054718031895442,-0.452837858890949,0.0315869215694229,-0.5,-0.519570787611222,0.0254273452697242,-0.517550396395997,0.0462811234518615,-0.409998193376283,0.026285654797333,NA,NA,NA,NA,NA,NA,NA,NA
-0.5,-0.625,-0.648967956134775,0.0347878429800495,-0.620071503977566,0.0582797493409511,-0.527985415317084,0.0352670105540604,-0.5,-0.51219914755081,0.0244745148016576,-0.548931838556085,0.0471153767344053,-0.416029304783149,0.0253995095921643,NA,NA,NA,NA,NA,NA,NA,NA
-0.5,-0.625,-0.617672685944789,0.0332472255514887,-0.645046652502421,0.0612888240135219,-0.494779105327683,0.0336387799960645,-0.5,-0.543790590612344,0.0252319969973745,-0.586828209118381,0.0561933142736976,-0.438342966157123,0.0263707557930235,NA,NA,NA,NA,NA,NA,NA,NA
-0.5,-0.625,-0.631709830061825,0.0325177056923768,-0.60363967570789,0.0514447701074629,-0.493797324113115,0.0332051212164723,-0.5,-0.504070768442494,0.0237037252288221,-0.563949595325917,0.048662361402659,-0.423171332650346,0.0246101703360313,NA,NA,NA,NA,NA,NA,NA,NA
-0.5,-0.625,-0.594991269529328,0.0306151924732609,-0.572268565307144,0.0496307273082864,-0.473517048330419,0.0312703045776369,-0.5,-0.538808909368077,0.0245999589836487,-0.543005628672396,0.0470557485951974,-0.417836348753115,0.025875761641038,NA,NA,NA,NA,NA,NA,NA,NA
-0.5,-0.625,-0.708658877029296,0.0400260912443785,-0.702703535723575,0.063905781586974,-0.595969087557737,0.0403035936344562,-0.5,-0.529548953015599,0.0224041383044511,-0.588199871730949,0.0617162511129812,-0.424025581491887,0.0239759002627249,NA,NA,NA,NA,NA,NA,NA,NA
-0.5,-0.625,-0.733255636693597,0.0420508542867504,-0.604172763542582,0.061530490795378,-0.55726447768529,0.0417935680619307,-0.5,-0.53127952196772,0.0253360656129253,-0.505201105411007,0.0418597531702537,-0.416223192338256,0.02634870805485,NA,NA,NA,NA,NA,NA,NA,NA
-0.5,-0.625,-0.536670815604108,0.0277534956507121,-0.498804695262217,0.0545454349053851,-0.42866315550317,0.0283388979399266,-0.5,-0.542563916006987,0.0264201423023727,-0.506253037831415,0.0421452291878883,-0.44748507592654,0.0272823654253276,NA,NA,NA,NA,NA,NA,NA,NA
-0.5,-0.625,-0.637285462063089,0.0339958451642909,-0.774993578507749,0.0983655707920653,-0.539218545457919,0.0345225219829874,-0.5,-0.448849016379742,0.0220036100335613,-0.465680129447426,0.0368073313245732,-0.359399385426167,0.0227869856867927,NA,NA,NA,NA,NA,NA,NA,NA
-0.5,-0.625,-0.636455695088737,0.0356130004569907,-0.647248477439583,0.056424127922611,-0.551801134149281,0.035893531118943,-0.5,-0.533692976507756,0.0259580679868996,-0.515395573128931,0.042279275165333,-0.404161312536145,0.0268849428055368,NA,NA,NA,NA,NA,NA,NA,NA
-0.5,-0.625,-0.694919202844692,0.0373234368204311,-0.614906930615911,0.0574232909326596,-0.556500340943219,0.0378438706098969,-0.5,-0.46863590758875,0.0231004961827085,-0.478192692504683,0.0396328685431429,-0.381452717808164,0.0238497188074358,NA,NA,NA,NA,NA,NA,NA,NA
-0.5,-0.625,-0.641984123540629,0.0359987906261005,-0.61344821185829,0.061234311742803,-0.498950357311178,0.0360260864308696,-0.5,-0.473148825680072,0.0222216350367535,-0.451201663841749,0.0435920319335094,-0.38622345791519,0.0231507930338991,NA,NA,NA,NA,NA,NA,NA,NA
-0.5,-0.625,-0.631480125859739,0.0361371756437165,-0.61972389618597,0.0619767237719159,-0.493256300856858,0.0360289660075086,-0.5,-0.446320936760618,0.020880685238949,-0.459359623292662,0.034416015090973,-0.37013346132933,0.0217493111603311,NA,NA,NA,NA,NA,NA,NA,NA
-0.5,-0.625,-0.583939158758267,0.0312374464954752,-0.603903540698298,0.0803172021497138,-0.483288122986467,0.0316763780156079,-0.5,-0.432390309079158,0.0222621129137128,-0.49450776872951,0.0492493667395395,-0.364755544803958,0.0228003031489882,NA,NA,NA,NA,NA,NA,NA,NA
-0.5,-0.625,-0.632572749907951,0.0332490781062417,-0.649857332096768,0.0596706444121616,-0.497715604500617,0.0337932446136418,-0.5,-0.565692822213943,0.0265750960506938,-0.472998279667875,0.0538350485869398,-0.471369519829512,0.0276373576293648,NA,NA,NA,NA,NA,NA,NA,NA
-0.5,-0.625,-0.570316158651893,0.0337215271524695,-0.558398662900729,0.0563187472986436,-0.431012750217612,0.0333773689842268,-0.5,-0.509338203337849,0.0233156279106812,-0.697721987192864,0.117368606156244,-0.414085572244348,0.0244217801797353,NA,NA,NA,NA,NA,NA,NA,NA
-0.5,-0.625,-0.670085271462435,0.03475025754609,-0.652595794806373,0.0543476555637744,-0.53130402567407,0.035478253431886,-0.5,-0.535882505866759,0.0277434354050972,-0.543286261791145,0.0681632674318997,-0.427675074713678,0.0283229293749488,NA,NA,NA,NA,NA,NA,NA,NA
-0.5,-0.625,-0.668032387441903,0.0354971826561094,-0.538970945317054,0.0515628183935494,-0.502629481652442,0.0358905351228495,-0.5,-0.473688977856678,0.0245040166927447,-0.47561231111455,0.0385525712504278,-0.410528482214036,0.0249917624148685,NA,NA,NA,NA,NA,NA,NA,NA
-0.5,-0.625,-0.615350083400542,0.0297479503285329,-0.628876541717943,0.0548635583519815,-0.468481589351872,0.0308477963683544,-0.5,-0.490988969579634,0.0244986759727274,-0.535135994281204,0.0525465048296812,-0.423640380794136,0.0251154180896334,NA,NA,NA,NA,NA,NA,NA,NA
-0.5,-0.625,-0.626830027731639,0.0357067386475816,-0.633625394819577,0.0588685593925396,-0.529473168851231,0.0358468975363973,-0.5,-0.504796050925436,0.0258289857976757,-0.48749851767294,0.0432552865212606,-0.428666338354435,0.0264007985926948,NA,NA,NA,NA,NA,NA,NA,NA
-0.5,-0.625,-0.646449497004244,0.0314968621344863,-0.67438945111961,0.0842406459176972,-0.505765451253429,0.0326342947361308,-0.5,-0.548350529759885,0.0256508901656531,-0.533518394734658,0.0446237054806618,-0.432660012500915,0.0267912152698044,NA,NA,NA,NA,NA,NA,NA,NA
-0.5,-0.625,-0.614709033533103,0.0324284920451728,-0.579341400954514,0.0513921849116064,-0.470891129692862,0.0328826231574383,-0.5,-0.478367398242514,0.0245468875273305,-0.461208977328522,0.0421356428555277,-0.369765457928349,0.0251796796081786,NA,NA,NA,NA,NA,NA,NA,NA
-0.5,-0.625,-0.56967636378272,0.0327375207311079,-0.521955727589784,0.0476158649085588,-0.445083691842526,0.032677268967672,-0.5,-0.465550513622351,0.0223460922168988,-0.413338749145098,0.0384735713968911,-0.347044661959096,0.0233092384662352,NA,NA,NA,NA,NA,NA,NA,NA
-0.5,-0.625,-0.660141927262643,0.0355725396380775,-0.723132686533843,0.073431679477178,-0.555338901361558,0.0360763561847324,-0.5,-0.475732663683609,0.0218745172468057,-0.463375601968728,0.0397872201657816,-0.352162136781052,0.0230586657984429,NA,NA,NA,NA,NA,NA,NA,NA
-0.5,-0.625,-0.630653701101488,0.0330900904344466,-0.618967991439365,0.0608211588146722,-0.506282031563567,0.0336716321729787,-0.5,-0.416497691436546,0.0195634360846766,-0.378819246101824,0.0349051388548504,-0.320061356271927,0.0205465288182386,NA,NA,NA,NA,NA,NA,NA,NA
-0.5,-0.625,-0.62825663165867,0.0344254120480083,-0.680208602590172,0.0785011460806496,-0.472275540537226,0.0345369792821927,-0.5,-0.51167404236558,0.0296879711153295,-0.532618162678519,0.0517919976823053,-0.426306122696838,0.0297794363774357,NA,NA,NA,NA,NA,NA,NA,NA
-0.5,-0.625,-0.627896526780529,0.0365118122853346,-0.643747017700202,0.0593968891861497,-0.500248546540576,0.0363580503721099,-0.5,-0.50947596062608,0.0260071012542188,-0.464425635947523,0.0419745082048959,-0.384181549334514,0.0266561949961865,NA,NA,NA,NA,NA,NA,NA,NA
-0.5,-0.625,-0.677266930766188,0.034231552849294,-0.708544617095604,0.0679276111831992,-0.56390730045932,0.0351996437800561,-0.5,-0.496939307523,0.0260821943460389,-0.447258361166364,0.0410678152673858,-0.389636132479422,0.0265995038223408,NA,NA,NA,NA,NA,NA,NA,NA
-0.5,-0.625,-0.678360360661606,0.0361996528195461,-0.70487740106208,0.0771112469222795,-0.518498778683282,0.0366161108848755,-0.5,-0.513307736203428,0.0246522291931711,-0.524314263685717,0.0441306936055358,-0.42162264644834,0.0255371877323675,NA,NA,NA,NA,NA,NA,NA,NA
-0.5,-0.625,-0.631480434938325,0.0353310634846831,-0.662026446719363,0.060003353988757,-0.538886792052418,0.0355903432212825,-0.5,-0.50782017637098,0.0259153251616284,-0.496258924200487,0.0573846743582333,-0.387794776489835,0.0265676135999672,NA,NA,NA,NA,NA,NA,NA,NA
-0.5,-0.625,-0.602270270713969,0.0326588909084403,-0.612415110331635,0.0606903139135919,-0.48727606598948,0.0330089050650993,-0.5,-0.526304607402533,0.0238828606408141,-0.464246820531443,0.0358827667414842,-0.430611470468173,0.0250519245078318,NA,NA,NA,NA,NA,NA,NA,NA
-0.5,-0.625,-0.599644298782626,0.0314075532685306,-0.581998842823517,0.0502214627259392,-0.466509921229499,0.0319289422885779,-0.5,-0.464766812405058,0.0222121238824587,-0.473097475228868,0.0415240385718196,-0.400103994589838,0.0229370160449844,NA,NA,NA,NA,NA,NA,NA,NA
-0.5,-0.625,-0.722987052957202,0.0400056745809911,-0.84214610752261,0.126152803668024,-0.547266475986994,0.0400958774818351,-0.5,-0.482241545893641,0.0213075362410997,-0.434888687225232,0.034618060855403,-0.392443193944545,0.0224958266355675,NA,NA,NA,NA,NA,NA,NA,NA
-0.5,-0.625,-0.613125123866107,0.03407783091897,-0.628474339889504,0.0616841636178811,-0.50226396028994,0.0343002679968277,-0.5,-0.496011810454508,0.0252047163029268,-0.511313696847176,0.0488280224961113,-0.393357841286518,0.0258678141375837,NA,NA,NA,NA,NA,NA,NA,NA
-0.5,-0.625,-0.604475494554645,0.0323545678917691,-0.638719303871377,0.0702034187048144,-0.524726939408086,0.0328123336472777,-0.5,-0.502160872896633,0.0258532631820174,-0.501426422115444,0.0518609535457638,-0.423852437464623,0.0264092123504178,NA,NA,NA,NA,NA,NA,NA,NA
-0.5,-0.625,-0.650676359726248,0.0348330777262313,-0.692718449387797,0.0651197844468314,-0.544411344852645,0.0353562131837935,-0.5,-0.477243154561151,0.0238022637841572,-0.460297542941278,0.0381919968673514,-0.387364913945306,0.0245157651236974,NA,NA,NA,NA,NA,NA,NA,NA
-0.5,-0.625,-0.60675753520614,0.0307054653999055,-0.616083080608174,0.0567057964021306,-0.524499108729343,0.031431117138067,-0.5,-0.484904996392206,0.0268031620157381,-0.530119202373087,0.0508325635049413,-0.406103296062953,0.0271085384761259,NA,NA,NA,NA,NA,NA,NA,NA
-0.5,-0.625,-0.66090618923884,0.0344661924987521,-0.650398607692865,0.0644550410521477,-0.534821575872719,0.035156860511108,-0.5,-0.51992300316616,0.0260753641696356,-0.523056725711849,0.0485019712381583,-0.423913529875985,0.0267884682723923,NA,NA,NA,NA,NA,NA,NA,NA
-0.5,-0.625,-0.634651352376975,0.0335452667321232,-0.677254373295263,0.0765122743847481,-0.521928361364756,0.034107856721648,-0.5,-0.459870684750954,0.0230657414505233,-0.488307459739178,0.0521181129618821,-0.35337778395813,0.0238071972279028,NA,NA,NA,NA,NA,NA,NA,NA
-0.5,-0.625,-0.594260070496876,0.0314661682031304,-0.56524036316028,0.0592448294209993,-0.458707933864772,0.0318993887622493,-0.5,-0.490476468176814,0.0238300764340181,-0.554888670507432,0.0671679177889803,-0.40922670643961,0.0246088735378679,NA,NA,NA,NA,NA,NA,NA,NA
-0.5,-0.625,-0.637071036589031,0.0352915140177078,-0.643033851520388,0.0778779018317107,-0.520609825042554,0.0355421834900769,-0.5,-0.46999497801332,0.0213721031119751,-0.494807627095851,0.0492772386077731,-0.396471169489365,0.0223204410742261,NA,NA,NA,NA,NA,NA,NA,NA
-0.5,-0.625,-0.648664035232263,0.0325967378575895,-0.636889931287614,0.0669524658915231,-0.502941319436604,0.0334932536117692,-0.5,-0.584146968962343,0.0270077336493405,-0.472546843884191,0.0429780729522897,-0.463306061438344,0.0283023408007004,NA,NA,NA,NA,NA,NA,NA,NA
-0.5,-0.625,-0.665251390493625,0.0350880983109125,-0.663427348524282,0.0628559391404162,-0.530253250866274,0.0356812404627636,-0.5,-0.446326324742536,0.0226567846036872,-0.409691238102566,0.037760330236069,-0.324090517976723,0.0233816910266655,NA,NA,NA,NA,NA,NA,NA,NA
-0.5,-0.625,-0.640049454337075,0.0336517446601933,-0.564155428815798,0.0549872792721354,-0.505804506111602,0.0342110231278417,-0.5,-0.497340884355187,0.0225868567237592,-0.54671405351668,0.052667820035494,-0.432790899184339,0.0234813953032389,NA,NA,NA,NA,NA,NA,NA,NA
-0.5,-0.625,-0.657276964718753,0.0376004504314097,-0.556969034705277,0.0546491370732791,-0.511978711214365,0.0374708250052841,-0.5,-0.466507227981295,0.0233297348085012,-0.445794850808317,0.0408530614448264,-0.347968543675366,0.0241003581975362,NA,NA,NA,NA,NA,NA,NA,NA
-0.5,-0.625,-0.597922034730299,0.031391665366627,-0.650236374410733,0.0523784079036021,-0.503988879080678,0.0319456153649124,-0.5,-0.540469100495542,0.0265401517775485,-0.508788444764724,0.0478534427374783,-0.422161721729857,0.0274091454342519,NA,NA,NA,NA,NA,NA,NA,NA
-0.5,-0.625,-0.57609818876566,0.0310876441949865,-0.55165545062262,0.0496416821152492,-0.447704665858733,0.0314072915509568,-0.5,-0.48518107085678,0.0224344186115044,-0.458124753971411,0.0384094070107102,-0.383756215416718,0.0235084601762626,NA,NA,NA,NA,NA,NA,NA,NA
-0.5,-0.625,-0.555014105533768,0.0282212948598022,-0.508362484814069,0.0465283430884285,-0.437233648848311,0.0289066932207511,-0.5,-0.553695083957841,0.0263739601056162,-0.529240480666587,0.0479517486290301,-0.438510058484541,0.0274213465730908,NA,NA,NA,NA,NA,NA,NA,NA
-0.5,-0.625,-0.632787483928364,0.0343700475440098,-0.709816095573605,0.0738653136208445,-0.532905525414216,0.0347833756884027,-0.5,-0.495123628233181,0.0254041404213552,-0.564452336026815,0.0486218352413393,-0.446485637395028,0.0258382438538563,NA,NA,NA,NA,NA,NA,NA,NA
-0.5,-0.625,-0.636632326724449,0.0340858774156585,-0.55417718149742,0.0538299521221206,-0.472350276957906,0.0343515592835206,-0.5,-0.499396865333286,0.0233727444906662,-0.444004813156343,0.0391384346191265,-0.3749404838222,0.0244809764972414,NA,NA,NA,NA,NA,NA,NA,NA
-0.5,-0.625,-0.651797391004844,0.0359087661717795,-0.653957929432256,0.060550365153076,-0.515977906509019,0.0361321908055965,-0.5,-0.520779337682546,0.0242819147748478,-0.472650151676156,0.0399851281302278,-0.433812660598536,0.0252742543636822,NA,NA,NA,NA,NA,NA,NA,NA
-0.5,-0.625,-0.648742751302296,0.0322804337854027,-0.633504265472528,0.056093025736679,-0.514840620451299,0.0332710579776651,-0.5,-0.437854508097804,0.0227972357004636,-0.455067951516075,0.0488137889429302,-0.339111592977912,0.0233925494794565,NA,NA,NA,NA,NA,NA,NA,NA
-0.5,-0.625,-0.625028645818916,0.0312825636194065,-0.624242443802095,0.0649467050106931,-0.496809234191369,0.0321712708697793,-0.5,-0.493470338865414,0.0231790523349397,-0.450340365529449,0.0378225662887608,-0.397486278728483,0.0241647167958731,NA,NA,NA,NA,NA,NA,NA,NA
-0.5,-0.625,-0.664335188170308,0.0368774544767282,-0.69098369837045,0.0870227768076381,-0.537344608679292,0.0371130438904379,-0.5,-0.495057258195808,0.0235161254939035,-0.637115651725199,0.0777704266755668,-0.428823636502858,0.0242825833993789,NA,NA,NA,NA,NA,NA,NA,NA
-0.5,-0.625,-0.648332586885226,0.0356295757037792,-0.650443819616296,0.0607998941561955,-0.527058375793526,0.0359333059172869,-0.5,-0.541935196890411,0.0252593780416766,-0.666090008466085,0.0936440720987953,-0.461094161674816,0.0262408338314291,NA,NA,NA,NA,NA,NA,NA,NA
-0.5,-0.625,-0.606559034152855,0.0337945879944947,-0.618734503037783,0.0640189366244398,-0.488557773574777,0.0339681024382699,-0.5,-0.483928691508651,0.0253852116773367,-0.496352309330135,0.043916587902908,-0.410884296800455,0.025862634249815,NA,NA,NA,NA,NA,NA,NA,NA
-0.5,-0.625,-0.608374527891486,0.0337589842916318,-0.640642595898986,0.0622905285359231,-0.479274174896026,0.0339095185917557,-0.5,-0.48645654492891,0.0234428625553937,-0.51594650077782,0.043080527820128,-0.397222010938101,0.0242891781398136,NA,NA,NA,NA,NA,NA,NA,NA
-0.5,-0.625,-0.613159365072417,0.0322478000296116,-0.613668576976661,0.0758726233556334,-0.446816401478399,0.0326179962254041,-0.5,-0.5066442143983,0.0247041907204556,-0.576813259998033,0.0698312731378223,-0.399637119112498,0.0255682909955705,NA,NA,NA,NA,NA,NA,NA,NA
-0.5,-0.625,-0.639842997560653,0.0376604080887302,-0.673025557770972,0.0811057056547693,-0.509859724263617,0.0374096016261017,-0.5,-0.511609972273277,0.02594509229723,-0.574284167319795,0.0615172346734699,-0.446555210508729,0.026504037916644,NA,NA,NA,NA,NA,NA,NA,NA
-0.5,-0.625,-0.647117933602753,0.0385069930847154,-0.685316891988092,0.0617879409224231,-0.548124253618146,0.0384047352585236,-0.5,-0.522821094549119,0.0261394717770018,-0.565391747618825,0.0472330564780923,-0.433215212585881,0.0268508151376591,NA,NA,NA,NA,NA,NA,NA,NA
-0.5,-0.625,-0.620077549025293,0.0317929393390353,-0.580308788869857,0.0570042833014646,-0.47625335142035,0.0324692809380573,-0.5,-0.493152036210946,0.0235604291860532,-0.454812956478637,0.0410612100051992,-0.38634386832546,0.0245141486119138,NA,NA,NA,NA,NA,NA,NA,NA
-0.5,-0.625,-0.603142887599867,0.0327185975658184,-0.648653488437173,0.0702927124831675,-0.471259077496515,0.0330077065635069,-0.5,-0.512369039854579,0.0249817906938645,-0.408972775118423,0.0356307672439653,-0.380831813060925,0.0258846517702306,NA,NA,NA,NA,NA,NA,NA,NA
-0.5,-0.625,-0.562926545446669,0.0309357581033533,-0.598976254063524,0.053851050357703,-0.457009908591355,0.0312108327397292,-0.5,-0.502411214612128,0.0253006438952828,-0.492848920537891,0.0455469056543461,-0.421353662406822,0.0259479595028167,NA,NA,NA,NA,NA,NA,NA,NA
-0.5,-0.625,-0.631012869930859,0.0343768323119345,-0.577704392183258,0.0563081710456024,-0.484366072415914,0.0345945229665941,-0.5,-0.515622802485155,0.0255590174997143,-0.439483638095118,0.0381199210180231,-0.379148460090044,0.026368563994296,NA,NA,NA,NA,NA,NA,NA,NA
-0.5,-0.625,-0.529920257451742,0.0286379658741345,-0.628175178804087,0.083026595482144,-0.437216061345753,0.029013584292134,-0.5,-0.470854212640759,0.0232486772937166,-0.438776890226091,0.0370501386241023,-0.375639225695385,0.0240205389894094,NA,NA,NA,NA,NA,NA,NA,NA
-0.5,-0.625,-0.597840688211256,0.0314365974574721,-0.561126069176683,0.0550867710465706,-0.471100932620386,0.0319463402987344,-0.5,-0.486402736234377,0.0223501428498711,-0.496602910484316,0.0368264535150094,-0.388376847413742,0.0234346572729812,NA,NA,NA,NA,NA,NA,NA,NA
-0.5,-0.625,-0.627537932694728,0.0330278856390026,-0.687142692475732,0.0593572792417868,-0.512225450023499,0.0336005605072809,-0.5,-0.501275303248955,0.0245257592652489,-0.519069268150496,0.0509071798296651,-0.421392475426631,0.0252760758570481,NA,NA,NA,NA,NA,NA,NA,NA
-0.5,-0.625,-0.616380190393214,0.0321064383475867,-0.606093916708594,0.0559561567089372,-0.497107204709122,0.0327199603888884,-0.5,-0.545043537705165,0.0260943510911421,-0.594877639609181,0.0676550409921706,-0.425476293713197,0.0271109627989174,NA,NA,NA,NA,NA,NA,NA,NA
-0.5,-0.625,-0.658216599849432,0.0367382644100713,-0.726248013658266,0.0662177259922881,-0.550395557257984,0.0370062830133484,-0.5,-0.488308888902474,0.0217126797390209,-0.512947374201819,0.0526509417983427,-0.397891585184749,0.0228865969630333,NA,NA,NA,NA,NA,NA,NA,NA
-0.5,-0.625,-0.673286515524338,0.0356681378862452,-0.730043987994694,0.0820424439857122,-0.537052131915167,0.0362445539904818,-0.5,-0.51679447094444,0.0248550330340403,-0.507247366381296,0.0406001891392856,-0.417682747477505,0.0257654755283014,NA,NA,NA,NA,NA,NA,NA,NA
-0.5,-0.625,-0.714727112472261,0.0387686099507054,-0.711924479094249,0.0691934837933783,-0.577671359283177,0.0392771509767914,-0.5,-0.553987899009992,0.0267594461917123,-0.517714660989549,0.0536192481651601,-0.426039335575101,0.0277469541805601,NA,NA,NA,NA,NA,NA,NA,NA
-0.5,-0.625,-0.533108790769034,0.0290667851194764,-0.517792687563836,0.0432164273668411,-0.439019923961744,0.0294008747907768,-0.5,-0.479100841321446,0.025867673843247,-0.486510368439699,0.0627869531800346,-0.367569270124855,0.0262660557129816,NA,NA,NA,NA,NA,NA,NA,NA
-0.5,-0.625,-0.725801008345328,0.0361944512997692,-0.762869299649471,0.0703125936642438,-0.568376442782427,0.0374375166543675,-0.5,-0.503363499971435,0.0235988393420669,-0.513510388102533,0.039055787939987,-0.397135664028125,0.0246438616565381,NA,NA,NA,NA,NA,NA,NA,NA
-0.5,-0.625,-0.679397787045348,0.0391649534024643,-0.682099937467684,0.0924435158657818,-0.503020966916908,0.0387179863250641,-0.5,-0.506548913004366,0.0230850135001714,-0.503961018594449,0.0498065019393002,-0.416119818932079,0.0241779951367461,NA,NA,NA,NA,NA,NA,NA,NA
-0.5,-0.625,-0.677046200984049,0.0374536545787615,-0.796803405059963,0.0804833183805297,-0.56397290822914,0.0378002977490566,-0.5,-0.560714813421956,0.0288068457413168,-0.523064299891059,0.0475365953974264,-0.460959713616506,0.029436169144319,NA,NA,NA,NA,NA,NA,NA,NA
-0.5,-0.625,-0.668247205844569,0.0366449711659826,-0.70068150401929,0.0616773975952266,-0.557139396158386,0.037038244087932,-0.5,-0.505780880609408,0.0247259349311085,-0.481760689048705,0.0487879218354191,-0.404789710185997,0.0255616755028323,NA,NA,NA,NA,NA,NA,NA,NA
-0.5,-0.625,-0.649951939456705,0.039374441494028,-0.674892124633682,0.0660412734913421,-0.556481397433761,0.0392043649861864,-0.5,-0.477284081563343,0.0234881761501884,-0.502554518081422,0.0709893633567481,-0.395576258919002,0.0242198415521405,NA,NA,NA,NA,NA,NA,NA,NA
-0.5,-0.625,-0.629375968962016,0.0320127285570681,-0.589211647279024,0.0557037483150659,-0.468400412656354,0.0327132094799001,-0.5,-0.592694003941976,0.0297932326288734,-0.624414613426845,0.0547415341800968,-0.475892830577633,0.0305913864199958,NA,NA,NA,NA,NA,NA,NA,NA
-0.5,-0.625,-0.663266266130991,0.0366878052814714,-0.77873153956964,0.0968938226568443,-0.551348580260165,0.037010183572835,-0.5,-0.462612064242068,0.0237794280574383,-0.401314321993382,0.0443541028231582,-0.345591942683999,0.0244238784346439,NA,NA,NA,NA,NA,NA,NA,NA
-0.5,-0.625,-0.638622934140187,0.0333658106639574,-0.548475958769386,0.0539750341432238,-0.443325532924929,0.0336524720424614,-0.5,-0.530868717001255,0.0253393124637089,-0.55073167089211,0.0456419526832472,-0.429320712124333,0.0263065412717856,NA,NA,NA,NA,NA,NA,NA,NA
-0.5,-0.625,-0.65255271221286,0.0315875088806664,-0.61768011184534,0.0581911524287497,-0.527498981757431,0.0327878095910253,-0.5,-0.507509132699324,0.0246969562589983,-0.504939857325074,0.0513102177423998,-0.391674700242246,0.0255900190005334,NA,NA,NA,NA,NA,NA,NA,NA
-0.5,-0.625,-0.631876620215074,0.0344135756521615,-0.69589197510051,0.0588913119844255,-0.546119334949622,0.0348245258859462,-0.5,-0.454741195407706,0.0213800694102741,-0.505363740783643,0.0514931337864974,-0.383888849849772,0.0221966411657591,NA,NA,NA,NA,NA,NA,NA,NA
-0.5,-0.625,-0.589336038685143,0.0304464601879269,-0.709301071074797,0.0914044362276296,-0.482962722983849,0.0310789934044601,-0.5,-0.52374446721125,0.0249578403326578,-0.534804754432189,0.0456183570766311,-0.41177675472971,0.0259591155480252,NA,NA,NA,NA,NA,NA,NA,NA
-0.5,-0.625,-0.585034128752854,0.0297460067652572,-0.523118513980719,0.0480768141936903,-0.437353864034382,0.0304171826347951,-0.5,-0.484171134782105,0.0233779712873956,-0.52588359627867,0.0424689091240506,-0.381962616038481,0.0242665059857747,NA,NA,NA,NA,NA,NA,NA,NA
-0.5,-0.625,-0.614473294342907,0.0309075776586759,-0.59408482548343,0.0669135192291485,-0.483254939132215,0.0317356688038949,-0.5,-0.509288778051509,0.0256760568719869,-0.52742159741924,0.0465983651327808,-0.419382279488441,0.0263478969966053,NA,NA,NA,NA,NA,NA,NA,NA
-0.5,-0.625,-0.537022239429964,0.0301031138102997,-0.502522842063863,0.0455012458062268,-0.431206038202497,0.0302792923277319,-0.5,-0.488235987213766,0.0234863889884625,-0.553005401454833,0.0446431001400174,-0.398358114056631,0.0243433062933928,NA,NA,NA,NA,NA,NA,NA,NA
-0.5,-0.625,-0.583615420587234,0.0309151197993304,-0.52004579943043,0.0476896627556949,-0.421499370482239,0.0312251919967257,-0.5,-0.488688739417149,0.0240135664638004,-0.482884812828271,0.0484770909954345,-0.430941896772124,0.0246168512061378,NA,NA,NA,NA,NA,NA,NA,NA
-0.5,-0.625,-0.666231532200751,0.0369372394952185,-0.687725000840613,0.0639561762765046,-0.568405174850496,0.0372907866000598,-0.5,-0.506877471171175,0.024037966788301,-0.448099479927715,0.0417154866767489,-0.393255708999286,0.0250548759825939,NA,NA,NA,NA,NA,NA,NA,NA
-0.5,-0.625,-0.60896458598319,0.0297103686622299,-0.59112823956247,0.0683673520592617,-0.470297989224816,0.0307334291237898,-0.5,-0.497197452892999,0.0236776173685106,-0.608635854045478,0.080149127307921,-0.402483371990003,0.024601394097435,NA,NA,NA,NA,NA,NA,NA,NA
-0.5,-0.625,-0.625478907556499,0.0330911999141118,-0.63930630202876,0.0646833074149704,-0.508041003041418,0.0336227782232462,-0.5,-0.541630250580768,0.0272844897530798,-0.565528959676107,0.0464298562019983,-0.398255544894446,0.027994375584199,NA,NA,NA,NA,NA,NA,NA,NA
-0.5,-0.625,-0.619340824619397,0.032835913242542,-0.614612317455629,0.059411417121098,-0.492756089082781,0.0333208445126198,-0.5,-0.537068694033257,0.0270244681584864,-0.554968760498782,0.0603362412490499,-0.425556412346044,0.0277534223416041,NA,NA,NA,NA,NA,NA,NA,NA
-0.5,-0.625,-0.639441274500847,0.0328442799346942,-0.625319672564717,0.0563653962919749,-0.50109782831981,0.0335646757464826,-0.5,-0.543054323498283,0.0276084650407982,-0.524447526878067,0.0452572723538336,-0.386136795325408,0.0282281923513399,NA,NA,NA,NA,NA,NA,NA,NA
-0.5,-0.625,-0.635450925444671,0.0331848559008878,-0.639923700885144,0.0606828090433501,-0.52705816738859,0.0338293919037077,-0.5,-0.456466578712874,0.021884936875657,-0.460873701710776,0.0402091167141235,-0.36485562808318,0.0227584498356773,NA,NA,NA,NA,NA,NA,NA,NA
-0.5,-0.625,-0.625746475827311,0.0348721576554534,-0.594761981913736,0.063550839515239,-0.455786311900561,0.0347379772329706,-0.5,-0.475091981271833,0.0249412218063166,-0.535708268055955,0.049287782501795,-0.416296802359899,0.0253688659202995,NA,NA,NA,NA,NA,NA,NA,NA
-0.5,-0.625,-0.597571358898976,0.0314585264592835,-0.666870807229294,0.0641495381012982,-0.498898418667105,0.0319985086965776,-0.5,-0.525673725875773,0.0244664698278586,-0.554145652886654,0.0488031358096323,-0.438491944315179,0.0254730876230393,NA,NA,NA,NA,NA,NA,NA,NA
-0.5,-0.625,-0.642566630717193,0.0335471883834202,-0.623182902745818,0.0568190260908968,-0.506967383395798,0.03416016956749,-0.5,-0.508583683339193,0.0239441963107258,-0.499939637754811,0.0378982871541014,-0.400844956057147,0.0249789289823965,NA,NA,NA,NA,NA,NA,NA,NA
-0.5,-0.625,-0.635426719032878,0.0307819672446091,-0.590419096988665,0.058460255594314,-0.521496991769042,0.0319038797673034,-0.5,-0.494194958671239,0.023918084456866,-0.466035959570121,0.0459442496421573,-0.375586652018162,0.0248402476253733,NA,NA,NA,NA,NA,NA,NA,NA
-0.5,-0.625,-0.677902326531417,0.0367285253616106,-0.707428168288014,0.0648515815694671,-0.578380623824022,0.0372451192909615,-0.5,-0.510299268968776,0.0253247498618099,-0.494581974459985,0.0463594992020588,-0.420823500496545,0.0260613408736976,NA,NA,NA,NA,NA,NA,NA,NA
-0.5,-0.625,-0.646857657282437,0.0324913772054139,-0.702610549808459,0.0700254533540335,-0.514160593393641,0.0334079159976119,-0.5,-0.480116725496857,0.0230264296877236,-0.445720180968378,0.0363956415560258,-0.374542671648247,0.0239552094657083,NA,NA,NA,NA,NA,NA,NA,NA
-0.5,-0.625,-0.727794241682247,0.0436004249409767,-0.707932795632598,0.0710931857371951,-0.571097420238526,0.0430825318957486,-0.5,-0.562318021321822,0.0274289981244571,-0.592874454337858,0.0465688932676441,-0.481357740237678,0.028248533182129,NA,NA,NA,NA,NA,NA,NA,NA
-0.5,-0.625,-0.5959923024345,0.031330936327724,-0.593270789025789,0.0632039550223723,-0.471716751706509,0.0318460765073378,-0.5,-0.493065588587422,0.0238980400853065,-0.487658804700689,0.0440238305032361,-0.390973691388133,0.0247714291741066,NA,NA,NA,NA,NA,NA,NA,NA
-0.5,-0.625,-0.655374709530031,0.0345657307272826,-0.670951226657714,0.0646230688599751,-0.51744150982529,0.0351237535697396,-0.5,-0.482146962688025,0.0224085832329013,-0.531133542885378,0.0442902515893738,-0.399032771065924,0.0233579172553849,NA,NA,NA,NA,NA,NA,NA,NA
-0.5,-0.625,-0.587536590124504,0.0331551962946263,-0.616824848034724,0.0568277574367913,-0.481752333963183,0.0332910217084492,-0.5,-0.509742564302911,0.0255027887155081,-0.512397150952164,0.0472033706615234,-0.429570320010021,0.0261736630296037,NA,NA,NA,NA,NA,NA,NA,NA
-0.5,-0.625,-0.676687171617706,0.0391545968593919,-0.631884226557026,0.0621826182067437,-0.546451477477591,0.0390770053392953,-0.5,-0.537188112913577,0.0255637166604157,-0.485245056575596,0.0392188932164185,-0.4165036394609,0.0266066677184215,NA,NA,NA,NA,NA,NA,NA,NA
-0.5,-0.625,-0.711853479529143,0.0405850721687459,-0.699625069154906,0.0650817174250374,-0.57478234721531,0.0406587845623081,-0.5,-0.450618018730786,0.0220127277598397,-0.454037217906487,0.0435553286717904,-0.345798254490129,0.0228655726808785,NA,NA,NA,NA,NA,NA,NA,NA
-0.5,-0.625,-0.569367427923438,0.0322256287884864,-0.542689412961707,0.0502186702676701,-0.436378046359297,0.0322162042546229,-0.5,-0.596029476327489,0.0306444097332407,-0.565452079827622,0.0479968897342214,-0.460173198546105,0.0312812139993296,NA,NA,NA,NA,NA,NA,NA,NA
-0.5,-0.625,-0.614159433512725,0.0349064031287884,-0.655655573326685,0.0589453888895508,-0.52059699842718,0.0350608932343794,-0.5,-0.489948246954347,0.0236356000371879,-0.473850126392359,0.0407185337279061,-0.382803004087389,0.0245448133056464,NA,NA,NA,NA,NA,NA,NA,NA
-0.5,-0.625,-0.641995114333821,0.0337635324910657,-0.604700125091588,0.0595273702566087,-0.532721329277677,0.0343768894452777,-0.5,-0.468704858769779,0.0235091112894134,-0.454700211283669,0.0350539250236054,-0.364636817226207,0.0242405106405068,NA,NA,NA,NA,NA,NA,NA,NA
-0.5,-0.625,-0.664802976476803,0.0353344980842719,-0.700113213747775,0.0786705437620328,-0.552659375519155,0.0359270922830878,-0.5,-0.515612593363099,0.0242671260346097,-0.443724723985694,0.0378562192788582,-0.387766888335199,0.025364020993175,NA,NA,NA,NA,NA,NA,NA,NA
-0.5,-0.625,-0.665450208245785,0.0365411237428029,-0.621398494825219,0.0598216258555137,-0.538136704695861,0.0368582772423517,-0.5,-0.530151284290837,0.0230219828039352,-0.502422710018744,0.0392809655859006,-0.422463290394614,0.0244812048711004,NA,NA,NA,NA,NA,NA,NA,NA
-0.5,-0.625,-0.632198016789058,0.0299252082567633,-0.780235072305189,0.117390133931848,-0.545397479597003,0.0310546312727088,-0.5,-0.491004045290879,0.0234143362882773,-0.53561494372855,0.0526976648744996,-0.37857417571663,0.0243931900345648,NA,NA,NA,NA,NA,NA,NA,NA
-0.5,-0.625,-0.580836993068224,0.0323127880958548,-0.632572239052128,0.0796928959789134,-0.446568157426174,0.0324088654449847,-0.5,-0.463485390755968,0.0226600785925517,-0.477671380677401,0.0511250397459081,-0.369376814408906,0.0234683930004922,NA,NA,NA,NA,NA,NA,NA,NA
-0.5,-0.625,-0.598308858199991,0.030573253358268,-0.627989006166251,0.0605525149521821,-0.531224485747758,0.0311840331967389,-0.5,-0.50023287032783,0.0223340014650417,-0.502457271279294,0.0431156601090905,-0.399531432813217,0.0235717545434698,NA,NA,NA,NA,NA,NA,NA,NA
-0.5,-0.625,-0.634561695256026,0.0318552978264321,-0.633008291509843,0.0604569679268152,-0.507946896181191,0.0327477022335864,-0.5,-0.486507780936819,0.023155649219707,-0.482624548176486,0.043122225521734,-0.401119765670573,0.0240312981129846,NA,NA,NA,NA,NA,NA,NA,NA
-0.5,-0.625,-0.643502296528661,0.034694570608417,-0.634833292036713,0.052708149194846,-0.508529520287509,0.0350707396953056,-0.5,-0.523823511717735,0.0257258125799835,-0.54708612808216,0.0430020477533412,-0.442234710422197,0.026482041874132,NA,NA,NA,NA,NA,NA,NA,NA
-0.5,-0.625,-0.609796599633784,0.0315876575297165,-0.573781851526757,0.049913413805157,-0.489602274728922,0.0322245391862796,-0.5,-0.480125944309617,0.0275615485084305,-0.555279800129507,0.0674840625339035,-0.419301571081119,0.0277433741685764,NA,NA,NA,NA,NA,NA,NA,NA
-0.5,-0.625,-0.542450164199132,0.0300253899052289,-0.5795424977972,0.076050549544764,-0.434943000449276,0.0302599280299753,-0.5,-0.464264825167875,0.0224438308775468,-0.418025968588274,0.0424190976441263,-0.331535724986237,0.0234002876111447,NA,NA,NA,NA,NA,NA,NA,NA
-0.5,-0.625,-0.560454753788707,0.0287899170575284,-0.524765032851099,0.0478135591247675,-0.440058113722176,0.0294191662352304,-0.5,-0.476967567933028,0.0220750719370922,-0.475885098270269,0.0411397871528577,-0.402912045306899,0.0229735227370194,NA,NA,NA,NA,NA,NA,NA,NA
-0.5,-0.625,-0.538647774337587,0.0289902106054379,-0.478177717292421,0.0431124619299413,-0.40987437118298,0.0293242031695464,-0.5,-0.500925273230069,0.0235963739688288,-0.545267751141497,0.0458159161589786,-0.408412009101626,0.0245581152360615,NA,NA,NA,NA,NA,NA,NA,NA
-0.5,-0.625,-0.572953475703725,0.0300123673588468,-0.554461982284681,0.0505134160182681,-0.45337062186936,0.030536480874319,-0.5,-0.477210394814165,0.0231249983344403,-0.433976751429495,0.0360429442750445,-0.354278342317962,0.0240492354445486,NA,NA,NA,NA,NA,NA,NA,NA
-0.5,-0.625,-0.611579620602239,0.033827493579016,-0.619256342471228,0.0614360133055466,-0.502217207326227,0.0340830863856555,-0.5,-0.496397425264901,0.0237080198223461,-0.509011118603952,0.0459436865394616,-0.396407560608321,0.0246404990112753,NA,NA,NA,NA,NA,NA,NA,NA
-0.5,-0.625,-0.646520843859014,0.0370407579222448,-0.655774802604354,0.076306890145494,-0.529134122660511,0.0370732294050148,-0.5,-0.506772634659042,0.0251554522839857,-0.489287242622601,0.0456530391973141,-0.411373535179221,0.0259078626671398,NA,NA,NA,NA,NA,NA,NA,NA
-0.5,-0.625,-0.658918191154541,0.03362965619249,-0.6800440294915,0.0622295202630023,-0.517386386003486,0.0344435969987626,-0.5,-0.52099956140212,0.0248843495419638,-0.53379632952409,0.0499176260736818,-0.446284855091152,0.0257082095732132,NA,NA,NA,NA,NA,NA,NA,NA
-0.5,-0.625,-0.565556221864658,0.0301929643919167,-0.588879186731704,0.0600373949053645,-0.433567615741103,0.0305656944891246,-0.5,-0.467795187859857,0.0230153768184034,-0.455209800426851,0.0399895911827658,-0.376400689520505,0.023788295116323,NA,NA,NA,NA,NA,NA,NA,NA
-0.5,-0.625,-0.663009923614941,0.0387703419199587,-0.653700084102532,0.078660648795163,-0.524813846225062,0.038526559112486,-0.5,-0.475983492805809,0.0246369530962803,-0.418315532796432,0.0382746272617958,-0.362180939646475,0.0252350651924997,NA,NA,NA,NA,NA,NA,NA,NA
-0.5,-0.625,-0.727908540590652,0.0419212065036441,-0.797765048018571,0.0883948636595039,-0.632444694048159,0.0421800107960194,-0.5,-0.545808349841833,0.0256307240769429,-0.566978569220445,0.0557974700005744,-0.423430939862315,0.0267632939287306,NA,NA,NA,NA,NA,NA,NA,NA
-0.5,-0.625,-0.557632106162846,0.0292015213424867,-0.575931241103452,0.0547019720385816,-0.432936560104425,0.0297092486610601,-0.5,-0.498763186388448,0.0236838570250056,-0.485089882821588,0.0384742857255777,-0.429339874388969,0.0244765146150279,NA,NA,NA,NA,NA,NA,NA,NA
-0.5,-0.625,-0.70136344201689,0.039319360923707,-0.679459387369511,0.0624030020833281,-0.553948098168064,0.0394384768848404,-0.5,-0.465779951747112,0.021721579690725,-0.516612179116019,0.0414612264510298,-0.408272817976429,0.0224562158666965,NA,NA,NA,NA,NA,NA,NA,NA
-0.5,-0.625,-0.6822716701938,0.0390426678389305,-0.672711554018647,0.0772377232208247,-0.53173651097572,0.0389104965482015,-0.5,-0.530144964308168,0.0274941209721193,-0.53055584685344,0.0409594637531004,-0.42783927828907,0.0280623444122065,NA,NA,NA,NA,NA,NA,NA,NA
-0.5,-0.625,-0.672722516598707,0.0351471719423751,-0.658049739051951,0.0590290556265369,-0.566135764243779,0.0358777959481928,-0.5,-0.52947685115987,0.0252594159583816,-0.539794080409227,0.0470158445142566,-0.421603292657504,0.0262487445521554,NA,NA,NA,NA,NA,NA,NA,NA
-0.5,-0.625,-0.645147816558646,0.031063672957527,-0.63501215034836,0.0543066653853582,-0.536689437218534,0.0322378835780314,-0.5,-0.475528094132794,0.0225147111580662,-0.426471955234591,0.0395110748570888,-0.379906510533688,0.0234577267432014,NA,NA,NA,NA,NA,NA,NA,NA
-0.5,-0.625,-0.535631679612149,0.0286745409479761,-0.552858743928153,0.0531741790628916,-0.438980583542396,0.0290917733003619,-0.5,-0.473435625909811,0.0225361149133177,-0.488835718630334,0.0626531617993378,-0.39408964440903,0.023372741681883,NA,NA,NA,NA,NA,NA,NA,NA
-0.5,-0.625,-0.686145622980209,0.038951253641183,-0.676273138691293,0.064326033870306,-0.538833800284152,0.038923062737495,-0.5,-0.523360719038,0.0272473976018912,-0.494698459699786,0.0419514037850101,-0.395988733773759,0.0277818368248918,NA,NA,NA,NA,NA,NA,NA,NA
-0.5,-0.625,-0.606577551666871,0.0330235387382529,-0.600387893099022,0.0619939072979157,-0.484542988515745,0.0333299997333858,-0.5,-0.511529975592858,0.0271552280202688,-0.530578420484528,0.0486214681790107,-0.435143968719522,0.0275938629730633,NA,NA,NA,NA,NA,NA,NA,NA
-0.5,-0.625,-0.67520997379508,0.0356139841842561,-0.644064373474174,0.0761472986565692,-0.533036026376045,0.0362087852252902,-0.5,-0.536618903390009,0.0263595681486096,-0.540950196466943,0.0503131745403336,-0.420495877574109,0.0272210300249604,NA,NA,NA,NA,NA,NA,NA,NA
-0.5,-0.625,-0.673841238505504,0.0368112793399213,-0.650406785900329,0.0886324063067875,-0.503709649956024,0.0369299490474722,-0.5,-0.5235727300951,0.0252548249143634,-0.524319505357589,0.0438935308486008,-0.412239723179047,0.0261925120919653,NA,NA,NA,NA,NA,NA,NA,NA
-0.5,-0.625,-0.621047684360803,0.0355124874466283,-0.605892328096191,0.0702504128082619,-0.485706994575569,0.0354225997683057,-0.5,-0.466611243706564,0.0217815718240456,-0.463422107052526,0.0392357953761119,-0.378361885108174,0.0227388987832535,NA,NA,NA,NA,NA,NA,NA,NA
-0.5,-0.625,-0.731894001970233,0.0382772891842216,-0.689051013861458,0.0623399470214191,-0.580656324968852,0.0391205090233951,-0.5,-0.540258789362727,0.0276409999341987,-0.510188647134342,0.0449593625911347,-0.453988058797046,0.0282542090883452,NA,NA,NA,NA,NA,NA,NA,NA
-0.5,-0.625,-0.597111144230117,0.0311857410257082,-0.53831039886306,0.0565229621233878,-0.45369854422541,0.0316917968173194,-0.5,-0.514773565261829,0.024769115715465,-0.435189159599186,0.0382919313120293,-0.396167344878402,0.0257289516587703,NA,NA,NA,NA,NA,NA,NA,NA
-0.5,-0.625,-0.63041400933508,0.0336038215171539,-0.582820120158541,0.0523161249003876,-0.491030472186789,0.03402327491292,-0.5,-0.441105292816521,0.021869934047975,-0.39405246852473,0.0329779700551012,-0.346639684124113,0.0226350764058832,NA,NA,NA,NA,NA,NA,NA,NA
-0.5,-0.625,-0.509579898487414,0.0274079035279219,-0.509649210470711,0.0464658594314629,-0.398658192462783,0.0277974365465445,-0.5,-0.462813387523685,0.0238498242417514,-0.504382408766463,0.0566071012668631,-0.389591520116641,0.0243928687850807,NA,NA,NA,NA,NA,NA,NA,NA
-0.5,-0.625,-0.619710391054649,0.0331774167061157,-0.713169781984584,0.0693791138320444,-0.550129990162728,0.03363665657061,-0.5,-0.456941588913832,0.0223326304718705,-0.421668680454601,0.0404299269750364,-0.350894865330367,0.0231843636252036,NA,NA,NA,NA,NA,NA,NA,NA
-0.5,-0.625,-0.595595972754505,0.0311545860308966,-0.626681494315185,0.0723609028361453,-0.489393122697781,0.0317249817258448,-0.5,-0.524040170113099,0.0252925567056341,-0.564256485475469,0.0481616311029625,-0.41960252323269,0.0262093667519571,NA,NA,NA,NA,NA,NA,NA,NA
-0.5,-0.625,-0.655203125500875,0.0365779884661788,-0.656732233361935,0.0841716333368542,-0.478656848754104,0.0364037481785243,-0.5,-0.508092094378788,0.0265137797473055,-0.53362775646976,0.042373997898627,-0.418311952759756,0.0270415123180279,NA,NA,NA,NA,NA,NA,NA,NA
-0.5,-0.625,-0.787640561023469,0.0473811553824658,-0.780402772592318,0.0824812040598892,-0.603328719120564,0.0466772083343729,-0.5,-0.506715092226035,0.0241240044929512,-0.535804414594844,0.0488557301689762,-0.42668869439256,0.0249805505279093,NA,NA,NA,NA,NA,NA,NA,NA
-0.5,-0.625,-0.622026469182867,0.0354884923503718,-0.732501928952089,0.0647234987836228,-0.54402725024634,0.0356711585517958,-0.5,-0.518864070560816,0.0253330459850189,-0.563451717893468,0.0620349379656154,-0.415602506558688,0.0261876371466792,NA,NA,NA,NA,NA,NA,NA,NA
-0.5,-0.625,-0.722453275555517,0.0434093081347617,-0.786689536640616,0.079444078274988,-0.583666783473044,0.0430370760171659,-0.5,-0.497553082446603,0.0224861420286878,-0.461287827062465,0.0384926188520385,-0.411386049209846,0.0235748671953186,NA,NA,NA,NA,NA,NA,NA,NA
-0.5,-0.625,-0.606927798639629,0.0303593977055023,-0.699980714471407,0.0754617163050546,-0.480243296606733,0.0312130435265324,-0.5,-0.493549804680462,0.02456221693516,-0.479870559924984,0.0426662944070091,-0.375267501680053,0.025344628861674,NA,NA,NA,NA,NA,NA,NA,NA
-0.5,-0.625,-0.605637905798302,0.0313983225647686,-0.635163867401244,0.0609535393619727,-0.476673622372345,0.032007874208829,-0.5,-0.457790073263639,0.0208575634589971,-0.367091561339756,0.0389784597700822,-0.363849424250685,0.0219376172870392,NA,NA,NA,NA,NA,NA,NA,NA
-0.5,-0.625,-0.599324208852242,0.0321201354994018,-0.57558056154544,0.0514679000972062,-0.498221923303296,0.0325633179474276,-0.5,-0.479272590278085,0.0245299626490865,-0.4812388943437,0.0552496649051797,-0.392573479544906,0.0251340509740605,NA,NA,NA,NA,NA,NA,NA,NA
-0.5,-0.625,-0.575336048902791,0.0286141679654384,-0.596067934242431,0.0592982137600859,-0.474703987500463,0.0294276343263525,-0.5,-0.461817112927273,0.0215158410604586,-0.449369736539052,0.038354635438335,-0.375040688975922,0.0224702442616308,NA,NA,NA,NA,NA,NA,NA,NA
-0.5,-0.625,-0.639494373727648,0.0343926022250146,-0.690066042544585,0.0658657356735355,-0.531215103427285,0.0348620662208211,-0.5,-0.495315758077292,0.0244346608856081,-0.502261785616251,0.0389189186114068,-0.394236823365019,0.0252271299336683,NA,NA,NA,NA,NA,NA,NA,NA
-0.5,-0.625,-0.623102098239447,0.0339277977495137,-0.63254041300649,0.0618683149307017,-0.493119457868114,0.034221085169077,-0.5,-0.521371901519423,0.0250898573487225,-0.520645946927426,0.0457330026829705,-0.419042033662548,0.0260120729656179,NA,NA,NA,NA,NA,NA,NA,NA
-0.5,-0.625,-0.635723991852287,0.0309388858919707,-0.743365696634187,0.101622397592742,-0.526532556967423,0.0320211807430163,-0.5,-0.452174568958348,0.0215206263346263,-0.418087767730304,0.0388650880639685,-0.363812215890569,0.0224053246109761,NA,NA,NA,NA,NA,NA,NA,NA
-0.5,-0.625,-0.667142225686049,0.0374136977699717,-0.674612676852241,0.0626918140528306,-0.541241564440768,0.0375843321915726,-0.5,-0.491807126591961,0.0226592107774307,-0.570300365805789,0.0854561683083829,-0.414013053656424,0.023610524007949,NA,NA,NA,NA,NA,NA,NA,NA
-0.5,-0.625,-0.668925529945558,0.0371625285050538,-0.697198378604681,0.0843927700460891,-0.520247533751271,0.0372734748966505,-0.5,-0.523988720346947,0.0235636266492215,-0.497213205519616,0.0471979670632568,-0.418379688209097,0.02482792111096,NA,NA,NA,NA,NA,NA,NA,NA
-0.5,-0.625,-0.57436454626112,0.0301959540192308,-0.594453914437044,0.08301801335676,-0.437383517006795,0.0306571730740577,-0.5,-0.512320762917373,0.0240462161497809,-0.562119400146119,0.0729797624709824,-0.374680475737348,0.0251717896108655,NA,NA,NA,NA,NA,NA,NA,NA
-0.5,-0.625,-0.620015181870031,0.0335798929705909,-0.631871090933444,0.0544248961690546,-0.503775314560968,0.0339547612797679,-0.5,-0.565682324951335,0.026602393339731,-0.52650060607127,0.0427778982924357,-0.41943055746406,0.0277882342411211,NA,NA,NA,NA,NA,NA,NA,NA
-0.5,-0.625,-0.652681816710499,0.0363637268665993,-0.654405759759655,0.0703481858956733,-0.51339553390309,0.0364815004137207,-0.5,-0.516104516253795,0.0251447467348768,-0.483092323077354,0.0478269691426529,-0.397672064392719,0.0260397623028742,NA,NA,NA,NA,NA,NA,NA,NA
-0.5,-0.625,-0.538396117682588,0.0275890286226833,-0.583698182004584,0.0524238024521319,-0.474324130943036,0.0281211960219328,-0.5,-0.521416286178485,0.0228759826284685,-0.556413460542899,0.0451492870278197,-0.439339220636128,0.0240806320773886,NA,NA,NA,NA,NA,NA,NA,NA
-0.5,-0.625,-0.63024115829278,0.0326304414101515,-0.615505211863697,0.0553450570360596,-0.511291065129631,0.0333102030998056,-0.5,-0.525926250793311,0.0245313800697727,-0.512363522078477,0.041778923752773,-0.437462254519943,0.0255366149686579,NA,NA,NA,NA,NA,NA,NA,NA
-0.5,-0.625,-0.608462095515233,0.034556515669574,-0.610533210525445,0.0601303624327733,-0.497085308692959,0.0346412043743268,-0.5,-0.497461583322891,0.0220027144600509,-0.57112486551538,0.0606879228728829,-0.434279329152335,0.0229652238455346,NA,NA,NA,NA,NA,NA,NA,NA
-0.5,-0.625,-0.576817671800166,0.0296783972067335,-0.619429446958554,0.0595323823436002,-0.452622687453336,0.0303082064459595,-0.5,-0.528096926371767,0.025253707503506,-0.507235852397865,0.0418947774885429,-0.435048451959228,0.0261759396806481,NA,NA,NA,NA,NA,NA,NA,NA
-0.5,-0.625,-0.617368591544742,0.0315358912008063,-0.603743903745543,0.0568845508575184,-0.489491454070202,0.032268325687503,-0.5,-0.499675272422555,0.0262549038512149,-0.512450993428293,0.0419209673002165,-0.4166650908011,0.0267455036017412,NA,NA,NA,NA,NA,NA,NA,NA
-0.5,-0.625,-0.643799287528538,0.036598194191787,-0.664959806715536,0.0599208101469913,-0.504869747781303,0.0365483443542528,-0.5,-0.474833320876402,0.0215468826712384,-0.437103142523038,0.0327847568868301,-0.370275552366541,0.0227117976011925,NA,NA,NA,NA,NA,NA,NA,NA
-0.5,-0.625,-0.613210517211258,0.0298223139733064,-0.636948780456394,0.0578229756370936,-0.495766218682671,0.0308669594932278,-0.5,-0.461426821156446,0.0232264924020542,-0.455011614658091,0.0437717257079809,-0.368314688876144,0.0239189973365873,NA,NA,NA,NA,NA,NA,NA,NA
-0.5,-0.625,-0.699867327187834,0.0382386618630244,-0.658434702623716,0.0687687919548323,-0.565548181961449,0.0386512258853662,-0.5,-0.504968335942475,0.0253837090994411,-0.544680636526481,0.0616922780061085,-0.38809497961271,0.0261131692658626,NA,NA,NA,NA,NA,NA,NA,NA
-0.5,-0.625,-0.74148587701368,0.0386819463051431,-0.678506227223904,0.0600496302257602,-0.629241682451033,0.0396576925009716,-0.5,-0.474690188856006,0.0226138005137086,-0.448126446659823,0.0477020622316109,-0.377783727758539,0.0235372402834849,NA,NA,NA,NA,NA,NA,NA,NA
-0.5,-0.625,-0.589795802448915,0.0344982145282914,-0.589617712838075,0.0584629553831139,-0.472531810139541,0.0343651652495315,-0.5,-0.474451207082375,0.0217612445844175,-0.462576870051015,0.0462968275506909,-0.375496248851467,0.0228509639165772,NA,NA,NA,NA,NA,NA,NA,NA
-0.5,-0.625,-0.604363666958397,0.0311898775690111,-0.638529626458715,0.0745522363145909,-0.479347882292357,0.0318350365818598,-0.5,-0.490246759395545,0.0259655929687856,-0.467871989662538,0.0446884118137806,-0.361767980454714,0.0264268102559642,NA,NA,NA,NA,NA,NA,NA,NA
-0.5,-0.625,-0.593607137693084,0.0324092170267969,-0.615693332067061,0.0625223521826283,-0.460492095198185,0.0326418652199846,-0.5,-0.584019338847154,0.0269291485934567,-0.56248450098659,0.0628205917125516,-0.456961932487698,0.0282574696242053,NA,NA,NA,NA,NA,NA,NA,NA
-0.5,-0.625,-0.614807735184663,0.0319374085642816,-0.603986561601697,0.0558961938553317,-0.526499207938761,0.0325640050977289,-0.5,-0.554972130024875,0.0277883502115425,-0.554225450649961,0.0568631879360175,-0.467638639223329,0.0285105412473773,NA,NA,NA,NA,NA,NA,NA,NA
-0.5,-0.625,-0.574254566422262,0.0310498089918691,-0.538918570303941,0.048397364575724,-0.437364640399839,0.0313238211726615,-0.5,-0.494284084302894,0.0233447414133354,-0.508084192400357,0.0572583496461494,-0.377305206236105,0.024384483756084,NA,NA,NA,NA,NA,NA,NA,NA
-0.5,-0.625,-0.589017101794436,0.0342922265851332,-0.566540351869041,0.0567056239207261,-0.446506231137758,0.0340181914970806,-0.5,-0.492067093199336,0.0242918790158114,-0.510516282311868,0.0485078473739728,-0.375434335069287,0.0251123393764023,NA,NA,NA,NA,NA,NA,NA,NA
-0.5,-0.625,-0.605076904143052,0.0345461857399663,-0.610806654280851,0.0585370742760231,-0.447758727940469,0.0343028359405788,-0.5,-0.53359634865379,0.0244679826735164,-0.516431265396982,0.043038152425377,-0.417646725190697,0.0256942191908846,NA,NA,NA,NA,NA,NA,NA,NA
-0.5,-0.625,-0.56062045800688,0.0274124454614953,-0.532218341506123,0.0521562277714873,-0.432568388358161,0.028334684428685,-0.5,-0.562248585867163,0.0270018636794328,-0.531239167609801,0.0454480783080493,-0.473391960684614,0.0279280087624679,NA,NA,NA,NA,NA,NA,NA,NA
-0.5,-0.625,-0.678838343147517,0.036643783160109,-0.635569040076158,0.0678861931721488,-0.543007649910377,0.0370876335546546,-0.5,-0.551187483033096,0.0238250416761035,-0.595101042946358,0.0577734481706014,-0.4516856672972,0.0252960089145617,NA,NA,NA,NA,NA,NA,NA,NA
-0.5,-0.625,-0.707534042587109,0.0403413793472477,-0.723831466376431,0.0779928891275988,-0.595723996117057,0.0405516551060516,-0.5,-0.485198911457539,0.0236837755036626,-0.481599546239757,0.0404424840014976,-0.401783177924194,0.0244541486414437,NA,NA,NA,NA,NA,NA,NA,NA
-0.5,-0.625,-0.596228249767153,0.0330837662701724,-0.583255943798363,0.0602999463625285,-0.475548711493519,0.0332650333862268,-0.5,-0.536707846527286,0.0255103897170564,-0.552136626148244,0.0589010504735175,-0.437824073925441,0.0264941555526344,NA,NA,NA,NA,NA,NA,NA,NA
-0.5,-0.625,-0.574316833207493,0.0315840714069429,-0.533754979360776,0.0498285631262219,-0.451526719182521,0.0318045138336676,-0.5,-0.480005980526433,0.0265660660308118,-0.545187791881214,0.0608998806643278,-0.401528412044427,0.0268706148940226,NA,NA,NA,NA,NA,NA,NA,NA
-0.5,-0.625,-0.602309548067945,0.0342295268765046,-0.515973413107842,0.0491026863861291,-0.44409780510831,0.0340163708498532,-0.5,-0.538738130890638,0.0265187647918086,-0.597553198549887,0.0559722114125361,-0.448673831664232,0.0273107172242751,NA,NA,NA,NA,NA,NA,NA,NA
-0.5,-0.625,-0.64954340851038,0.0367068861315082,-0.68964678177993,0.0734486492088507,-0.51296781449375,0.0367261847561313,-0.5,-0.50838761997988,0.0227502974302237,-0.532320818173362,0.0455924297484702,-0.404785079191389,0.0240047438961022,NA,NA,NA,NA,NA,NA,NA,NA
-0.5,-0.625,-0.711841219414248,0.0379061423460862,-0.677002635103467,0.0617890288028711,-0.607259225365763,0.0386257192701891,-0.5,-0.503235864922592,0.0232920708884861,-0.484577091915534,0.039928873463301,-0.385689807589645,0.0244401080678926,NA,NA,NA,NA,NA,NA,NA,NA
-0.5,-0.625,-0.649006687359058,0.0416841914622759,-0.660559012420985,0.0753138380566671,-0.492374978641189,0.0404401476636192,-0.5,-0.54975620058334,0.0247929066693143,-0.466972763893319,0.0484416150387309,-0.39224675241135,0.0262391981328163,NA,NA,NA,NA,NA,NA,NA,NA
-0.5,-0.625,-0.645137625314638,0.0332384982448246,-0.586425086243176,0.0574223573385826,-0.483861530434192,0.0338671977233562,-0.5,-0.490194947100391,0.0225569074641604,-0.495084402771246,0.0469467537320824,-0.432743393197914,0.0233399869455211,NA,NA,NA,NA,NA,NA,NA,NA
-0.5,-0.625,-0.612625457202823,0.0358303692620415,-0.591209178419897,0.0636672661410727,-0.482540320285872,0.0356121977588014,-0.5,-0.460214729757187,0.0241770958651922,-0.451881439850714,0.0439942163614204,-0.377764699445928,0.0246849456140692,NA,NA,NA,NA,NA,NA,NA,NA
-0.5,-0.625,-0.607366409860843,0.0317944308349945,-0.647169775491549,0.0721503891890373,-0.491555700786139,0.0323671007725457,-0.5,-0.519057354152321,0.0249090789128887,-0.4970237278783,0.0506350305165889,-0.415229471293104,0.0258474897060106,NA,NA,NA,NA,NA,NA,NA,NA
-0.5,-0.625,-0.700172869762686,0.0403355299149829,-0.857650606018909,0.126805906180154,-0.544820926354022,0.0401399367843924,-0.5,-0.50022086915804,0.0224179305448239,-0.453109362196409,0.0387309173004407,-0.387864504406562,0.0237011330852006,NA,NA,NA,NA,NA,NA,NA,NA
-0.5,-0.625,-0.652609672469704,0.033455856937782,-0.646750901119325,0.0583720921305387,-0.528901459800632,0.0342508576242875,-0.5,-0.514783876169043,0.023924567314735,-0.453129293235863,0.0474652069492261,-0.393697831189204,0.0250727975675477,NA,NA,NA,NA,NA,NA,NA,NA
-0.5,-0.625,-0.690538873726766,0.04113468632691,-0.740223899590359,0.0820657421692725,-0.540590599810287,0.0406651149704915,-0.5,-0.453458872771619,0.0214207538837359,-0.465574171716668,0.04362836572491,-0.369785753897132,0.0223059556921832,NA,NA,NA,NA,NA,NA,NA,NA
-0.5,-0.625,-0.558549486167372,0.0304698858957248,-0.541058764965467,0.0668150810044123,-0.419607796423623,0.0306765800688656,-0.5,-0.488353254281846,0.0233537635107501,-0.486893553935401,0.0400257111253332,-0.408442126682397,0.0241826222341386,NA,NA,NA,NA,NA,NA,NA,NA
-0.5,-0.625,-0.600616205213985,0.0312925953111503,-0.565382086962824,0.0562605239882206,-0.481487299471894,0.0318803052127175,-0.5,-0.543218282760432,0.0260592537394568,-0.493214690664011,0.0472660629792045,-0.408778423744812,0.0270800439445993,NA,NA,NA,NA,NA,NA,NA,NA
-0.5,-0.625,-0.604397769804874,0.0328705851622565,-0.59900860186305,0.0529340632249182,-0.458961288481292,0.0330789474836593,-0.5,-0.500207906562364,0.0214764567990672,-0.505571913225678,0.0409770065550578,-0.403322025340436,0.022859562926185,NA,NA,NA,NA,NA,NA,NA,NA
-0.5,-0.625,-0.623263347416559,0.0325522895139463,-0.638014013703305,0.0518276024238353,-0.525264132733218,0.0331738891709579,-0.5,-0.498252744663144,0.0248105448260984,-0.548645594422098,0.0487695499895306,-0.399166654840969,0.025556987468388,NA,NA,NA,NA,NA,NA,NA,NA
-0.5,-0.625,-0.695763966576271,0.0360774451526801,-0.711843834963042,0.070696316470733,-0.537061259436418,0.0368190452714517,-0.5,-0.50782880324803,0.0236304697309978,-0.530336502404827,0.0463825430575707,-0.428277692761812,0.0245711107042257,NA,NA,NA,NA,NA,NA,NA,NA
-0.5,-0.625,-0.693773467584192,0.0415080696955132,-0.625693918607008,0.0636434950802617,-0.541718178250763,0.0409824599747464,-0.5,-0.534094839079998,0.0257246533653154,-0.52853412161331,0.0510973939083216,-0.424701922040296,0.0266744247798375,NA,NA,NA,NA,NA,NA,NA,NA
-0.5,-0.625,-0.588123720577863,0.0313683229472571,-0.631461953588035,0.0819517438197957,-0.458191517463674,0.0317657728538177,-0.5,-0.537105306282905,0.0256459819099343,-0.528055047848899,0.0423248401583789,-0.42562071592061,0.0266493066097664,NA,NA,NA,NA,NA,NA,NA,NA
-0.5,-0.625,-0.587663089726514,0.0312739819040747,-0.623729444515061,0.0765911097707488,-0.467014142710667,0.0317115775365429,-0.5,-0.424308499586606,0.0223723321699725,-0.400730692461444,0.0351819771361525,-0.343948561272719,0.0228949558305287,NA,NA,NA,NA,NA,NA,NA,NA
-0.5,-0.625,-0.647017856138894,0.0352633982038865,-0.619117192458948,0.0582572957530236,-0.516385439758194,0.0355846478987485,-0.5,-0.537022961118828,0.0234957061524811,-0.579440268614905,0.0464787728276475,-0.456757809826041,0.0247214059339574,NA,NA,NA,NA,NA,NA,NA,NA
-0.5,-0.625,-0.637540328220917,0.0320637706957657,-0.629614491725511,0.0611289234928242,-0.513413381322261,0.0329522588955679,-0.5,-0.455923406067701,0.021997260894229,-0.407932476957599,0.0450668089903097,-0.359535033251678,0.0228676511484298,NA,NA,NA,NA,NA,NA,NA,NA
-0.5,-0.625,-0.65090064896166,0.0353773451974779,-0.573464380689509,0.0575760808595303,-0.513154085035517,0.0356935249262553,-0.5,-0.501860071861244,0.0245391155446572,-0.491920655287136,0.0441179120826188,-0.401714474645225,0.0253700461144437,NA,NA,NA,NA,NA,NA,NA,NA
-0.5,-0.625,-0.585864655834959,0.0314591925491274,-0.54786912345386,0.0482086554715198,-0.458910980657302,0.0318206666032147,-0.5,-0.495307432211443,0.0240618466228387,-0.58705547380473,0.06068685076511,-0.418300840969852,0.0248211114618603,NA,NA,NA,NA,NA,NA,NA,NA
-0.5,-0.625,-0.640204974098773,0.0357830440637422,-0.615504669032085,0.0544317524537567,-0.541642779185067,0.0360438495653609,-0.5,-0.51338003607921,0.0255037925209935,-0.509609740033672,0.0432822000278348,-0.423309339597638,0.0262392851578093,NA,NA,NA,NA,NA,NA,NA,NA
-0.5,-0.625,-0.537937640026813,0.0295857939152324,-0.486981558708478,0.0430693231056875,-0.437384030115377,0.0298691209437642,-0.5,-0.505479423389159,0.0259936451533026,-0.480521733202652,0.0458386383364431,-0.360623017193723,0.0265806778161781,NA,NA,NA,NA,NA,NA,NA,NA
-0.5,-0.625,-0.594696481680727,0.0332645473111957,-0.59942239396256,0.0531561531072328,-0.492943099936436,0.0334666651781935,-0.5,-0.539423696972497,0.0278114455766729,-0.574785552708347,0.0540173786775713,-0.438298622971265,0.028410631358017,NA,NA,NA,NA,NA,NA,NA,NA
-0.5,-0.625,-0.610770905407769,0.0337847013125483,-0.551979351054207,0.0619675310119367,-0.481179036869184,0.0339565477607942,-0.5,-0.449420738411845,0.0216660703034809,-0.441735588892498,0.0345937852822819,-0.370439077112174,0.0224554556836878,NA,NA,NA,NA,NA,NA,NA,NA
-0.5,-0.625,-0.533254235153752,0.0295418961911638,-0.514352754063183,0.0495531416178771,-0.415278501450053,0.0297457860258058,-0.5,-0.457167593039095,0.0252771387852049,-0.46624277563534,0.0475432161246101,-0.362281973936466,0.0256118757051581,NA,NA,NA,NA,NA,NA,NA,NA
-0.5,-0.625,-0.653828729323449,0.0327490619989528,-0.634034617261759,0.061299782178356,-0.521629674867116,0.0337074777958478,-0.5,-0.45638327899092,0.022861432033032,-0.5173478189541,0.0688809208829143,-0.342863111574939,0.0236243653466212,NA,NA,NA,NA,NA,NA,NA,NA
-0.5,-0.625,-0.709915417503769,0.0407271584291155,-0.750408775485415,0.0777624917974956,-0.571184415563817,0.0407301218865229,-0.5,-0.486451379544479,0.0226605311223697,-0.55949870111995,0.0848558419592571,-0.407696067819997,0.0235755363680072,NA,NA,NA,NA,NA,NA,NA,NA
-0.5,-0.625,-0.633866919554384,0.0346334227220476,-0.741835067195223,0.074054950994659,-0.550557160774524,0.0350316541604369,-0.5,-0.485747346453729,0.0242588770014286,-0.490832961632443,0.0555406175008035,-0.368574992439538,0.0250246549774036,NA,NA,NA,NA,NA,NA,NA,NA
-0.5,-0.625,-0.667678512496374,0.0387549355552985,-0.678047749715025,0.0781938580244915,-0.572796607333778,0.0388462691994836,-0.5,-0.491861041342528,0.02193984194759,-0.49234858906964,0.0599244564905939,-0.38304793675745,0.0232182216874585,NA,NA,NA,NA,NA,NA,NA,NA
-0.5,-0.625,-0.656583560819272,0.0383377449357435,-0.704040917766679,0.0598746733292406,-0.542278377337219,0.0382718767660561,-0.5,-0.443318150911982,0.0210064881162036,-0.469555895534937,0.0489955805828826,-0.353719682290993,0.0219142831411413,NA,NA,NA,NA,NA,NA,NA,NA
-0.5,-0.625,-0.57934222286906,0.0296133156141355,-0.616428747157833,0.0685675519999741,-0.44639024768917,0.0302741738117536,-0.5,-0.467580052560202,0.0220646793897068,-0.541238529615079,0.0980159211131303,-0.359590200314883,0.023071905556075,NA,NA,NA,NA,NA,NA,NA,NA
-0.5,-0.625,-0.633857047745497,0.0324383982766542,-0.638507240159292,0.0618187845477203,-0.513683184250253,0.0332020640789602,-0.5,-0.456919177411203,0.0205617640597354,-0.480272925130013,0.0391292471740628,-0.39160411762633,0.0214626720288335,NA,NA,NA,NA,NA,NA,NA,NA
-0.5,-0.625,-0.620859254595791,0.0352461621021829,-0.620759513183909,0.0691315407343471,-0.469844748448365,0.0351000162080106,-0.5,-0.546009639469073,0.0279912853888545,-0.489513907344169,0.0408587602384191,-0.435685940151777,0.0286263453981643,NA,NA,NA,NA,NA,NA,NA,NA
-0.5,-0.625,-0.54932901452961,0.0315201230652218,-0.555272813574188,0.047634977635169,-0.466396198988646,0.0316426365081371,-0.5,-0.514261117834639,0.0238507184655108,-0.459961637518295,0.0390117345721856,-0.402532071777779,0.0249784282390064,NA,NA,NA,NA,NA,NA,NA,NA
-0.5,-0.625,-0.652170549596789,0.0364760108476649,-0.663810809953177,0.0591661165127071,-0.555170534853853,0.0367549792277065,-0.5,-0.492666569869632,0.0245171258789437,-0.44824396871079,0.0419293086343149,-0.386790763107954,0.0252810790301377,NA,NA,NA,NA,NA,NA,NA,NA
-0.5,-0.625,-0.620472841927869,0.0299467085667957,-0.613592006365244,0.050960309125022,-0.514769094076884,0.03102842293737,-0.5,-0.540631607376221,0.0246733278013811,-0.540207069126307,0.0460804032576512,-0.432478220270559,0.0259033008996063,NA,NA,NA,NA,NA,NA,NA,NA
-0.5,-0.625,-0.56462342401296,0.0322210217726245,-0.55002203237355,0.0535659415092678,-0.437883478846669,0.0321951034876426,-0.5,-0.523252900021035,0.0257368802412933,-0.512944443720106,0.0619289264966122,-0.409334591981585,0.0265793145281785,NA,NA,NA,NA,NA,NA,NA,NA
-0.5,-0.625,-0.604854575131146,0.0355530616420375,-0.592424159342356,0.063806998627872,-0.476221097452133,0.0353101815066971,-0.5,-0.525893979695072,0.026256475233212,-0.543394403101028,0.054898731659008,-0.430075136483899,0.0269923469036515,NA,NA,NA,NA,NA,NA,NA,NA
-0.5,-0.625,-0.681719850043622,0.0371292873177016,-0.764513068350456,0.0735344422859117,-0.594001586632132,0.0376301027026466,-0.5,-0.529122508630667,0.0249698651219839,-0.527516171696693,0.0579925130057425,-0.426175936479167,0.0259952272819976,NA,NA,NA,NA,NA,NA,NA,NA
-0.5,-0.625,-0.579098404395786,0.0326758724698113,-0.510466956614222,0.0503812941816719,-0.479519155736696,0.0328314622136743,-0.5,-0.519495823972288,0.0278133170797868,-0.526132298275266,0.0457933733899458,-0.441336665611198,0.0282224924469917,NA,NA,NA,NA,NA,NA,NA,NA
-0.5,-0.625,-0.633292555548863,0.0311631636848444,-0.647725831916954,0.0690332110911458,-0.502275960048725,0.0321909815727242,-0.5,-0.468464031820021,0.0227896209854047,-0.477460184850072,0.0555080844531672,-0.373601716037989,0.0236198247657002,NA,NA,NA,NA,NA,NA,NA,NA
-0.5,-0.625,-0.616163374744914,0.0320733667390884,-0.631898165623635,0.0870352599947579,-0.455549083770412,0.0325610778967506,-0.5,-0.459961115311919,0.0217218853370054,-0.438409183110875,0.0444982457011674,-0.358337519398423,0.0226997494610111,NA,NA,NA,NA,NA,NA,NA,NA
-0.5,-0.625,-0.63787047074022,0.0349769157067816,-0.657845070015233,0.0599458862613061,-0.550550936389225,0.0353606026713023,-0.5,-0.453301255124428,0.0231614921668269,-0.435005561201642,0.0427989606039251,-0.35904175078824,0.0238044217552939,NA,NA,NA,NA,NA,NA,NA,NA
-0.5,-0.625,-0.641694879307479,0.0337667639355197,-0.647754079913157,0.0745509595474635,-0.519952312197763,0.034356714238599,-0.5,-0.534782217132327,0.0263275377717199,-0.498243145593331,0.0486177409639184,-0.42914455219333,0.0271585860367537,NA,NA,NA,NA,NA,NA,NA,NA
-0.5,-0.625,-0.580637134210053,0.0298451415830819,-0.538166425556139,0.0488402441897515,-0.47898524446094,0.030493313779355,-0.5,-0.491510531829582,0.0245339779486693,-0.483461093110072,0.0465305341835681,-0.382918727929665,0.025288958019779,NA,NA,NA,NA,NA,NA,NA,NA
-0.5,-0.625,-0.6048158497758,0.0307580985607008,-0.645764543133034,0.068779568870425,-0.469471844213069,0.0314853329923086,-0.5,-0.559930301821249,0.0266837504919909,-0.550989755182445,0.0476322685268421,-0.472091728780722,0.0276366623170175,NA,NA,NA,NA,NA,NA,NA,NA
-0.5,-0.625,-0.688842306728697,0.0370325906895643,-0.718091146595986,0.0606453443994412,-0.553199755201892,0.0375383495205791,-0.5,-0.499216767887167,0.027600215242492,-0.518772511762483,0.0675913819004529,-0.399844994845076,0.0278827805798543,NA,NA,NA,NA,NA,NA,NA,NA
-0.5,-0.625,-0.621744580588473,0.0311037530821308,-0.650508013263876,0.0534071838445727,-0.520870278887608,0.0319686931743456,-0.5,-0.532554070521059,0.0241706344291442,-0.582043826948745,0.05861739528173,-0.447668402597276,0.0252766928444336,NA,NA,NA,NA,NA,NA,NA,NA
-0.5,-0.625,-0.696265286251898,0.0380342132620885,-0.745788913626919,0.0785007512209648,-0.552302936566714,0.0383878602642594,-0.5,-0.498554810190432,0.025307821828701,-0.521807518387579,0.0473527277095213,-0.424421446934434,0.0258997136912471,NA,NA,NA,NA,NA,NA,NA,NA
-0.5,-0.625,-0.625089220825664,0.0349999949150835,-0.690450060277954,0.0689448903397557,-0.508295879010059,0.035163813672617,-0.5,-0.509312000399461,0.0249922698853794,-0.491244766804035,0.0426751448505355,-0.415326123472382,0.0257912320488211,NA,NA,NA,NA,NA,NA,NA,NA
-0.5,-0.625,-0.681399893954482,0.0360029436977896,-0.658108642186476,0.0861034111555022,-0.538995959105325,0.036601009458721,-0.5,-0.569309109984414,0.027563532507693,-0.599854352749045,0.0474589840260546,-0.473240925632892,0.0284916408825116,NA,NA,NA,NA,NA,NA,NA,NA
-0.5,-0.625,-0.668278546133406,0.0369185533316401,-0.633149956369158,0.0592039207146201,-0.526119808860848,0.0371165644457249,-0.5,-0.431447403763499,0.0212382341315624,-0.445206517259202,0.0414361523756989,-0.373747980021711,0.0218356521940173,NA,NA,NA,NA,NA,NA,NA,NA
-0.5,-0.625,-0.649581094218908,0.034312184160604,-0.522583965827384,0.0523260185505617,-0.519194498979388,0.03487013493187,-0.5,-0.525370033285812,0.0272124165294969,-0.543464043105018,0.0534851236009736,-0.42440059852517,0.0277850760331416,NA,NA,NA,NA,NA,NA,NA,NA
-0.5,-0.625,-0.622017969356814,0.0297514026878036,-0.605722932175284,0.0530927501597839,-0.505599633835533,0.0309220952127472,-0.5,-0.530530420218317,0.0275670161592362,-0.542334440870071,0.050662390771624,-0.415862045901295,0.0281244815089339,NA,NA,NA,NA,NA,NA,NA,NA
-0.5,-0.625,-0.628452210175425,0.0362924426264186,-0.61231815457464,0.0662022339479575,-0.486335580690752,0.0360837822975319,-0.5,-0.486984289487603,0.0235298770729953,-0.436175105358115,0.035953569344197,-0.355574613456544,0.024479900974373,NA,NA,NA,NA,NA,NA,NA,NA
-0.5,-0.625,-0.656341021739378,0.0345224593240969,-0.652542849430165,0.0699449270716177,-0.504639472073427,0.0350481149067071,-0.5,-0.49945221127277,0.0243595625990564,-0.458550857467866,0.0407165270476741,-0.390553659230424,0.0252246429463204,NA,NA,NA,NA,NA,NA,NA,NA
-0.5,-0.625,-0.641872952793369,0.0367774555929758,-0.576040761239896,0.0553688158509335,-0.496294608215616,0.0366145048130005,-0.5,-0.490359414720792,0.0239290265170242,-0.399862507840364,0.037269157539282,-0.358618489125702,0.0248261123744374,NA,NA,NA,NA,NA,NA,NA,NA
-0.5,-0.625,-0.622567150070637,0.0321435572243286,-0.675450228586367,0.0668821259168308,-0.545146984073407,0.0327864198522794,-0.5,-0.544447502419194,0.0249238959421372,-0.563481568611295,0.0475503347344331,-0.442110837309574,0.0261167052309404,NA,NA,NA,NA,NA,NA,NA,NA
-0.5,-0.625,-0.627667962240952,0.0353273553554461,-0.62398098780029,0.0613471811232464,-0.501457563057907,0.0354119511093285,-0.5,-0.486319744944406,0.0244058672279418,-0.481805123190638,0.0410241737420766,-0.400829024315205,0.025080114481433,NA,NA,NA,NA,NA,NA,NA,NA
-0.5,-0.625,-0.629260687966417,0.034596574642341,-0.522612742315051,0.0526052031234305,-0.516071939306132,0.0348974888932135,-0.5,-0.529215750150654,0.0251961012161531,-0.45238630018635,0.0408088136924702,-0.360494987378662,0.0262410098000072,NA,NA,NA,NA,NA,NA,NA,NA
-0.5,-0.625,-0.570494320253446,0.0306692758651274,-0.584161717841303,0.0541730108382858,-0.484115782905486,0.0310805631229344,-0.5,-0.487919186328443,0.023770367619561,-0.534605935491942,0.06506815323613,-0.418123482315097,0.024476560131347,NA,NA,NA,NA,NA,NA,NA,NA
-0.5,-0.625,-0.654605564354755,0.0344054712220406,-0.654674042876802,0.0652625581718313,-0.557487727908648,0.0350528087272754,-0.5,-0.48941390351742,0.0222352804013325,-0.476480528680788,0.0401496489917807,-0.390008060803643,0.0233780643004112,NA,NA,NA,NA,NA,NA,NA,NA
-0.5,-0.625,-0.629051183314746,0.0336110264793291,-0.684262422683627,0.0708400023213575,-0.534464863536967,0.0341160672137138,-0.5,-0.537607678617074,0.0235080015565033,-0.541971131842235,0.051407545255335,-0.446781281103526,0.024828397648894,NA,NA,NA,NA,NA,NA,NA,NA
-0.5,-0.625,-0.57115393986524,0.0317178902469131,-0.574366987554289,0.0590998537867796,-0.459644348529359,0.0319202691335016,-0.5,-0.483071550610351,0.0220735862347755,-0.485251856931517,0.0437782052900269,-0.39346281732327,0.0231294465429484,NA,NA,NA,NA,NA,NA,NA,NA
-0.5,-0.625,-0.614671331502426,0.0331863602459452,-0.643038011354889,0.0579701367180873,-0.516935830889946,0.0336110009218221,-0.5,-0.464969644051436,0.0231384887984337,-0.49812469715968,0.0493689619495115,-0.376788596904477,0.0238568680659992,NA,NA,NA,NA,NA,NA,NA,NA
-0.5,-0.625,-0.655869622531865,0.0366578761257877,-0.619069272001064,0.0550864623744552,-0.498350267684249,0.0366294590908545,-0.5,-0.514198443359926,0.0247554244007234,-0.528351463873725,0.049696522846899,-0.44700245401148,0.0254974455703184,NA,NA,NA,NA,NA,NA,NA,NA
-0.5,-0.625,-0.632144901051985,0.0333188434373223,-0.655385265833444,0.0772433492779818,-0.50444880445683,0.0338635655797594,-0.5,-0.485410477580263,0.0217248704191668,-0.439247972122154,0.0443523515401915,-0.374249097696559,0.0229934255829049,NA,NA,NA,NA,NA,NA,NA,NA
-0.5,-0.625,-0.616362490482333,0.0348503045968164,-0.634724383468975,0.059586989158901,-0.509628057469858,0.0349877947590812,-0.5,-0.496718740980926,0.0232254552789351,-0.650199052946825,0.0912941829369894,-0.417872509375511,0.0241344546079727,NA,NA,NA,NA,NA,NA,NA,NA
-0.5,-0.625,-0.628126410259801,0.0318628917153221,-0.705385144304695,0.107101736983345,-0.451142825966634,0.0325129039349554,-0.5,-0.514798025247686,0.0253139511982307,-0.553127540445193,0.0935994471241579,-0.396455606813398,0.0261599102936421,NA,NA,NA,NA,NA,NA,NA,NA
-0.5,-0.625,-0.622026300710764,0.0315926941228971,-0.661366928665177,0.0571530009841903,-0.511782830221862,0.0323806616544353,-0.5,-0.445530565282301,0.021797889767579,-0.461077057246732,0.045794062561382,-0.364814047664682,0.0225485911660689,NA,NA,NA,NA,NA,NA,NA,NA
-0.5,-0.625,-0.598121332772292,0.0309900520977886,-0.594781696867309,0.0561640559822377,-0.469717680493883,0.0315937966441592,-0.5,-0.522039160989226,0.0244210686496459,-0.506703895297406,0.0408940731544188,-0.409457687953571,0.0255166085704594,NA,NA,NA,NA,NA,NA,NA,NA
-0.5,-0.625,-0.639880528930076,0.0352257355010559,-0.593921645660899,0.0551166900823637,-0.493911073549854,0.0353776276340239,-0.5,-0.525675742149233,0.0250242660554578,-0.601733653145784,0.0489164851135813,-0.463446185297433,0.0257759046906603,NA,NA,NA,NA,NA,NA,NA,NA
-0.5,-0.625,-0.645110016600955,0.0338679616119814,-0.656676967861848,0.060504978164311,-0.54741084874431,0.0345017796526121,-0.5,-0.570307874551161,0.0260107405934411,-0.56573155765214,0.0460176790049862,-0.465861626361045,0.0272836430700549,NA,NA,NA,NA,NA,NA,NA,NA
-0.5,-0.625,-0.616674937071023,0.031802142231062,-0.697821735740456,0.108824978650264,-0.455760613430029,0.0323648636728729,-0.5,-0.472447536590594,0.0226152442548874,-0.533854990483023,0.0572844954040057,-0.381524009233378,0.0234922940100625,NA,NA,NA,NA,NA,NA,NA,NA
-0.5,-0.625,-0.625084521065148,0.0337809114732334,-0.598379976903323,0.05672354635946,-0.477353213973542,0.034047484631286,-0.5,-0.506722303625605,0.0237537422454386,-0.460702838125886,0.0439358738883286,-0.382916594877829,0.0248567056712769,NA,NA,NA,NA,NA,NA,NA,NA
-0.5,-0.625,-0.603352596096773,0.0327633699352418,-0.604360234919083,0.0510734266848951,-0.476306788320638,0.0330651080791677,-0.5,-0.508573647148573,0.0241937930408833,-0.547510880340883,0.0487228882820213,-0.411300975551885,0.0251402730123899,NA,NA,NA,NA,NA,NA,NA,NA
-0.5,-0.625,-0.657701071818365,0.0357319160946823,-0.612530510863207,0.0809422383925407,-0.533151886776109,0.0361224572094524,-0.5,-0.472342028444292,0.0217622030627729,-0.474884581784858,0.0414793658543866,-0.398643096557086,0.0226704129854369,NA,NA,NA,NA,NA,NA,NA,NA
-0.5,-0.625,-0.704884357540319,0.0399288445034386,-0.74264629902454,0.0778984766980624,-0.557065269876883,0.0399617840477769,-0.5,-0.537093085265548,0.0278279568066456,-0.495333869241482,0.0433835507375656,-0.426790480087304,0.0284034710222704,NA,NA,NA,NA,NA,NA,NA,NA
-0.5,-0.625,-0.600231344094743,0.0340139451897021,-0.540808936117492,0.0629438325753278,-0.490996212094554,0.0341168776974991,-0.5,-0.530565735546525,0.0248105888763477,-0.565272686546343,0.0549820292693928,-0.423058923625824,0.0258999510578368,NA,NA,NA,NA,NA,NA,NA,NA
-0.5,-0.625,-0.588602611019083,0.0297567311212755,-0.677694229339035,0.0696273827135173,-0.491463899388707,0.0304973337631501,-0.5,-0.5205272216201,0.0235756521504031,-0.518954557641069,0.0479876104768065,-0.397491896753444,0.0248746840385498,NA,NA,NA,NA,NA,NA,NA,NA
-0.5,-0.625,-0.671080045138796,0.0381392846117441,-0.698274845634705,0.0692919068514721,-0.527621100779619,0.0381000827885035,-0.5,-0.54839119307452,0.0257690173489628,-0.559422332685834,0.0476295158068159,-0.462869434502598,0.0267546238520048,NA,NA,NA,NA,NA,NA,NA,NA
-0.5,-0.625,-0.555639212364733,0.0274437379285177,-0.638902377259096,0.0591705653793006,-0.468503018703829,0.0282271018188859,-0.5,-0.467116469528356,0.021864464489097,-0.505709770671588,0.0859324515804055,-0.328372775572495,0.0229956108079016,NA,NA,NA,NA,NA,NA,NA,NA
-0.5,-0.625,-0.63080062131457,0.0336017304321479,-0.628576953279605,0.0609052187693659,-0.527747556781508,0.0341216467143232,-0.5,-0.408497920910908,0.0224461303640623,-0.40110518765623,0.0408623140513122,-0.321633838237947,0.0228749669012167,NA,NA,NA,NA,NA,NA,NA,NA
-0.5,-0.625,-0.540905373855754,0.0278437444276632,-0.609312842356025,0.0644917945812087,-0.444562749111053,0.0284468921560081,-0.5,-0.501860427862676,0.0240047213119384,-0.559763673516103,0.0569594731081919,-0.398634577703199,0.0249450628782662,NA,NA,NA,NA,NA,NA,NA,NA
-0.5,-0.625,-0.611913599210082,0.0346518054949247,-0.647856737323483,0.0660258815690137,-0.495731904221608,0.0347340328443679,-0.5,-0.475201948242931,0.0254537115619331,-0.512591360691386,0.0511225164433968,-0.381442679953523,0.025893528963096,NA,NA,NA,NA,NA,NA,NA,NA
-0.5,-0.625,-0.676189769614029,0.0381873736265564,-0.742287497074504,0.0656329009474843,-0.528744959229482,0.038181972747118,-0.5,-0.479993652868847,0.0223584445658663,-0.492993743925258,0.0387710884637594,-0.399418671052437,0.0232820235101485,NA,NA,NA,NA,NA,NA,NA,NA
-0.5,-0.625,-0.595353208275313,0.0328584146889988,-0.571782711024564,0.0529103613183904,-0.476073822428882,0.0330787202667002,-0.5,-0.465657654212391,0.0223979608949814,-0.436651813915521,0.0351850729100498,-0.381051590649771,0.0232252393568599,NA,NA,NA,NA,NA,NA,NA,NA
-0.5,-0.625,-0.560067403692301,0.0287161825713425,-0.562048418379559,0.0444258734371851,-0.485150319986281,0.0293031656074907,-0.5,-0.474715117225809,0.0241216656026886,-0.450404307714066,0.0509135548311922,-0.372960117221825,0.0247901628480578,NA,NA,NA,NA,NA,NA,NA,NA
-0.5,-0.625,-0.596779786107709,0.0309804913388683,-0.561087133839078,0.0535039686745588,-0.464225018877709,0.0315602627967802,-0.5,-0.494483504089379,0.0249992219418959,-0.550365243829816,0.0681840760306578,-0.401581301522845,0.0256655273154755,NA,NA,NA,NA,NA,NA,NA,NA
-0.5,-0.625,-0.613797404505945,0.0348619268902411,-0.529414064968426,0.0537121883585056,-0.45990666290795,0.0346875038165461,-0.5,-0.555897664024407,0.0242362963196694,-0.562629894500256,0.0428384033271104,-0.476146067511418,0.0255081157071941,NA,NA,NA,NA,NA,NA,NA,NA
-0.5,-0.625,-0.6924506640671,0.0412757055689598,-0.628243982697285,0.0666372023573039,-0.504454882634201,0.0403693586136543,-0.5,-0.538040583792246,0.0258751886198933,-0.520349365212317,0.042739853842107,-0.44121985648697,0.0267971587617087,NA,NA,NA,NA,NA,NA,NA,NA
-0.5,-0.625,-0.604417299945708,0.0314018345921264,-0.609916838699256,0.0652143837921379,-0.488413518235445,0.0320167254305899,-0.5,-0.45132519890717,0.0236338734837459,-0.48217770953256,0.0460249345001087,-0.385894946710752,0.0241042849881026,NA,NA,NA,NA,NA,NA,NA,NA
-0.5,-0.625,-0.569437705878187,0.0297593424463829,-0.507105623423394,0.063224950203886,-0.425210800230517,0.0302352359323075,-0.5,-0.51901581737856,0.024885949019248,-0.488206596784638,0.0387786948310053,-0.415934873657419,0.025825923383074,NA,NA,NA,NA,NA,NA,NA,NA
-0.5,-0.625,-0.69760178096345,0.0372916216751681,-0.699628942278306,0.0701972664580518,-0.553105428611298,0.0378333481491696,-0.5,-0.559058468881071,0.0273169205511507,-0.574203888295883,0.0511438467361256,-0.457187155115562,0.028202483842301,NA,NA,NA,NA,NA,NA,NA,NA
-0.5,-0.625,-0.645982305506324,0.0351819668737265,-0.591324146705665,0.0565737557181233,-0.475506988327586,0.0352709941230871,-0.5,-0.520107907294861,0.0232617854058664,-0.478658878963415,0.0416834844979974,-0.415038354723543,0.0245436008557248,NA,NA,NA,NA,NA,NA,NA,NA
-0.5,-0.625,-0.683906454645881,0.0381853193241422,-0.67045453759859,0.0704602645699461,-0.528555124958619,0.0382380611858352,-0.5,-0.468790962716055,0.0228509309403927,-0.428315887390433,0.0363960205654631,-0.380481725828092,0.0236467121829531,NA,NA,NA,NA,NA,NA,NA,NA
-0.5,-0.625,-0.561320789246632,0.0286956507249599,-0.62654713225071,0.0638408207643878,-0.477116613349594,0.0293230658628845,-0.5,-0.457249628449038,0.0209722790849102,-0.442033964921171,0.0365513433650391,-0.373532119215699,0.0219615666017738,NA,NA,NA,NA,NA,NA,NA,NA
-0.5,-0.625,-0.571548510227441,0.028258687852839,-0.516851560205702,0.0508039889255127,-0.452838401133238,0.0291243474938835,-0.5,-0.470404334111919,0.022300247724288,-0.482604818006222,0.0367599428109999,-0.389860890048397,0.0231574750570337,NA,NA,NA,NA,NA,NA,NA,NA
-0.5,-0.625,-0.680704403221701,0.0363157798112236,-0.574036267701595,0.0641986212280813,-0.577247095149122,0.0369334514839655,-0.5,-0.510702656165774,0.0247851350009718,-0.448502939957791,0.04233424781122,-0.418326833319972,0.0256265181530401,NA,NA,NA,NA,NA,NA,NA,NA
-0.5,-0.625,-0.638534495046895,0.0344050976595361,-0.607841694202684,0.060961370771952,-0.542242359680128,0.0348780612946838,-0.5,-0.499050515448537,0.0233787502937511,-0.565739573243554,0.0605731949029127,-0.398358960494193,0.0244012322655497,NA,NA,NA,NA,NA,NA,NA,NA
-0.5,-0.625,-0.540736948819407,0.0279173541036257,-0.47141927714487,0.0431097439072335,-0.423914732676294,0.0285102815506618,-0.5,-0.457485102930049,0.0230833585874154,-0.452129554846023,0.0404169647440014,-0.354927175811838,0.0237928422822166,NA,NA,NA,NA,NA,NA,NA,NA
-0.5,-0.625,-0.622040773893817,0.0329130127685504,-0.667275502454364,0.0831999752216651,-0.484964756686317,0.0333822242367862,-0.5,-0.554157273361838,0.0264949841671585,-0.536708520155222,0.0540021528143993,-0.463306811488407,0.0274393020055348,NA,NA,NA,NA,NA,NA,NA,NA
-0.5,-0.625,-0.562312016138792,0.0285138786283738,-0.575478554584488,0.0465979671507012,-0.471207526664877,0.0291953294196675,-0.5,-0.52338496187656,0.0244531428937856,-0.463906418121552,0.0435847823057986,-0.398177576002257,0.0255922447926067,NA,NA,NA,NA,NA,NA,NA,NA
-0.5,-0.625,-0.569875066077451,0.0324057774592179,-0.543116909937408,0.0489119780371088,-0.436611311989432,0.032363906586276,-0.5,-0.507298013847278,0.025454894880633,-0.488819495914704,0.0384580707860198,-0.422703847573058,0.0261295011067032,NA,NA,NA,NA,NA,NA,NA,NA
-0.5,-0.625,-0.743856469415725,0.0406423379150541,-0.858726941317568,0.0775284544146232,-0.635154437030036,0.0412840486255453,-0.5,-0.496485680981373,0.0238147852392077,-0.528927105368794,0.0557994360897746,-0.382910401921213,0.0247704308278065,NA,NA,NA,NA,NA,NA,NA,NA
-0.5,-0.625,-0.64451992993255,0.034409263488698,-0.678212382962601,0.0618011158087659,-0.498950729545711,0.0348155063855419,-0.5,-0.470721924100158,0.0217658805808258,-0.484071521263041,0.045439243447286,-0.369732008178612,0.0228305313447008,NA,NA,NA,NA,NA,NA,NA,NA
-0.5,-0.625,-0.642485112757005,0.0343621511263549,-0.686594610181536,0.0685998826897092,-0.525869255051262,0.0348552519032247,-0.5,-0.470056289199194,0.022884779070726,-0.528207511296387,0.0550133011371043,-0.371985865421304,0.0237235696695835,NA,NA,NA,NA,NA,NA,NA,NA
-0.5,-0.625,-0.571564125191347,0.031822579834556,-0.549062995030726,0.0630056527212016,-0.449460407785605,0.0319697090205889,-0.5,-0.534614765871132,0.0253734817836374,-0.507574657660889,0.0487217823076489,-0.418031935723781,0.0264189401585035,NA,NA,NA,NA,NA,NA,NA,NA
-0.5,-0.625,-0.67651114366169,0.0407137362701633,-0.705184845470539,0.0726333628200023,-0.533667683490418,0.0402065724248406,-0.5,-0.496506711521701,0.0225629248212869,-0.52691196672442,0.046101488733636,-0.408233088539667,0.0236432348596997,NA,NA,NA,NA,NA,NA,NA,NA
-0.5,-0.625,-0.635868111997726,0.034218775723414,-0.609967978334062,0.059679592600401,-0.493601266179896,0.0345622440856853,-0.5,-0.517786496756734,0.0220170253814108,-0.595845206367851,0.0645199097858914,-0.426971366733835,0.0234215373649391,NA,NA,NA,NA,NA,NA,NA,NA
-0.5,-0.625,-0.642941617181422,0.0370116586896605,-0.637860911368881,0.058442121292853,-0.509840096533189,0.0369056193443019,-0.5,-0.501667245694059,0.0228176627559684,-0.571002775741313,0.0540687706300002,-0.417849506020309,0.0238689565524609,NA,NA,NA,NA,NA,NA,NA,NA
-0.5,-0.625,-0.66423533089704,0.0367106052762652,-0.652869903228418,0.0745902010151844,-0.497977842610796,0.0367303210262594,-0.5,-0.530628613417583,0.0246638377352126,-0.550442603762787,0.0519846747455045,-0.43025087615832,0.0257526696257752,NA,NA,NA,NA,NA,NA,NA,NA
-0.5,-0.625,-0.585530453933856,0.0293225391974737,-0.568665894723097,0.0473177310084168,-0.469805795003533,0.0301315480441229,-0.5,-0.462456679557178,0.0210235078535089,-0.425773520112899,0.0385871874847004,-0.364069760253672,0.0221405122408027,NA,NA,NA,NA,NA,NA,NA,NA
-0.5,-0.625,-0.605190063308262,0.0330797048407936,-0.626373744565326,0.0556376115311683,-0.488198583557837,0.0333768041071175,-0.5,-0.464479658092455,0.0228185522122803,-0.460412251678352,0.0456793886184329,-0.371159845139566,0.0236049236571895,NA,NA,NA,NA,NA,NA,NA,NA
-0.5,-0.625,-0.643518705087555,0.0346903524111409,-0.611929872058448,0.0649413076654751,-0.486281111667924,0.034952612788931,-0.5,-0.466591498883213,0.0227273376738138,-0.456999797899667,0.0390156156637716,-0.39382211348742,0.0234474292612454,NA,NA,NA,NA,NA,NA,NA,NA
-0.5,-0.625,-0.596817757531173,0.0313631391172861,-0.645055498468334,0.0583276610555959,-0.494263924339246,0.0319108491968066,-0.5,-0.471130866372428,0.0219797548164865,-0.44920444949598,0.0448621043677976,-0.361697266405941,0.0230435541554006,NA,NA,NA,NA,NA,NA,NA,NA
-0.5,-0.625,-0.552716994266832,0.0286590243977553,-0.573348487160405,0.0507847050310787,-0.437437662436861,0.0292341644020473,-0.5,-0.497117080195098,0.0242599041512905,-0.58260058555388,0.0676396061566491,-0.402730445205105,0.0250789913030991,NA,NA,NA,NA,NA,NA,NA,NA
-0.5,-0.625,-0.634425452294358,0.0328257185107269,-0.673746803776297,0.0866407246995215,-0.519846629654863,0.0335227538146501,-0.5,-0.577777776280312,0.0280587556780819,-0.571643655864712,0.0511730953297511,-0.429781490661929,0.0290438981575,NA,NA,NA,NA,NA,NA,NA,NA
-0.5,-0.625,-0.648510546238222,0.0335725939974601,-0.607657418496102,0.0543090224018533,-0.477146060563838,0.0341176865861132,-0.5,-0.514428674833935,0.0237209735846727,-0.558798513068203,0.0418758320610216,-0.437970312912913,0.0246801108379726,NA,NA,NA,NA,NA,NA,NA,NA
-0.5,-0.625,-0.623265996541116,0.0356147612777752,-0.589574972794091,0.0709118882913355,-0.475527868171359,0.0354427454420247,-0.5,-0.499294274409467,0.0239021107588339,-0.470496588625538,0.0417047401245145,-0.420464976216118,0.0247265052202414,NA,NA,NA,NA,NA,NA,NA,NA
-0.5,-0.625,-0.635743646005232,0.0350381642241818,-0.644031614783848,0.0774436416060579,-0.491344111274397,0.0351844852181841,-0.5,-0.439949308440477,0.0217864701667021,-0.384305455080161,0.0321166813750591,-0.349988328866104,0.0225395964152638,NA,NA,NA,NA,NA,NA,NA,NA
-0.5,-0.625,-0.636656246721393,0.0324210998909794,-0.650396335863467,0.0759657221230822,-0.468045750379202,0.0330962481698263,-0.5,-0.505656299495928,0.0240849759766008,-0.502265270952814,0.0385014217616237,-0.410042665373926,0.0250169882052573,NA,NA,NA,NA,NA,NA,NA,NA
-0.5,-0.625,-0.665753968646819,0.0339563839242663,-0.705082706442679,0.0696143158164638,-0.524274911169736,0.0347965215853056,-0.5,-0.511029745180012,0.0246912311742725,-0.528391239765676,0.0455792324756903,-0.401626810421499,0.0256074394822491,NA,NA,NA,NA,NA,NA,NA,NA
-0.5,-0.625,-0.740819127248448,0.0418325811073686,-0.756857200468289,0.0706940764713793,-0.564961768930699,0.0417702132306806,-0.5,-0.522496243510015,0.0231360655798847,-0.544915184928762,0.045062815153061,-0.42163707998614,0.0244439548291283,NA,NA,NA,NA,NA,NA,NA,NA
-0.5,-0.625,-0.611897085950878,0.0350183007248382,-0.626784618025464,0.0603136185627933,-0.500892980163495,0.0350600308562936,-0.5,-0.531878696231731,0.026206465849413,-0.526370749465801,0.0481664632505028,-0.428039430823399,0.0270273001173906,NA,NA,NA,NA,NA,NA,NA,NA
-0.5,-0.625,-0.661438924980341,0.0351411766725435,-0.689581337758675,0.0695870646047126,-0.535474171542658,0.0356978570596792,-0.5,-0.522806757366797,0.0246866901845284,-0.565978039707534,0.0449463618022732,-0.463690967455048,0.0254354864434695,NA,NA,NA,NA,NA,NA,NA,NA
-0.5,-0.625,-0.611371382794257,0.0327246493960121,-0.612788889710033,0.0592451089231908,-0.461683179922868,0.033038274664068,-0.5,-0.493824878574539,0.0230945481065019,-0.479836022460483,0.0447376849373092,-0.411346206689664,0.0240240519246872,NA,NA,NA,NA,NA,NA,NA,NA
-0.5,-0.625,-0.546479899548135,0.0314422930691288,-0.564550881861239,0.0592952262066929,-0.448617587238006,0.0315089572798089,-0.5,-0.49523998604697,0.0232546037705181,-0.55232124626311,0.0575193803021992,-0.388196141117924,0.0242899493615227,NA,NA,NA,NA,NA,NA,NA,NA
-0.5,-0.625,-0.626091899560388,0.0330423050142641,-0.637295191202135,0.0645006773009669,-0.49533045709881,0.0335579539661603,-0.5,-0.474694298256977,0.0232504982810124,-0.441408597309656,0.0478205397632798,-0.406369469949849,0.0239279574865873,NA,NA,NA,NA,NA,NA,NA,NA
-0.5,-0.625,-0.728012967140442,0.0407311144590659,-0.744583158716753,0.0831515271431107,-0.543303773917439,0.0406369886771984,-0.5,-0.489871804025173,0.0236436458233791,-0.473169854187112,0.0428842957114195,-0.409653380103664,0.0244412465837525,NA,NA,NA,NA,NA,NA,NA,NA
-0.5,-0.625,-0.62998584566096,0.0355015598387426,-0.62024489123062,0.0584956931243841,-0.518246054289033,0.0356517774933335,-0.5,-0.49956911261321,0.0267155582937027,-0.552952834834386,0.0580495004710438,-0.396804290299064,0.0271454113877016,NA,NA,NA,NA,NA,NA,NA,NA
-0.5,-0.625,-0.618276399420043,0.0329402191880505,-0.643242871304631,0.0638237891136891,-0.541692700303533,0.0334319842771991,-0.5,-0.478621922948951,0.0234121215796591,-0.491316422174759,0.0467967366128917,-0.374507368466443,0.0242494947720715,NA,NA,NA,NA,NA,NA,NA,NA
-0.5,-0.625,-0.58449243636333,0.0299151064845493,-0.623787797272535,0.0513400813238955,-0.514034450850699,0.0305172514207328,-0.5,-0.53084698789477,0.0264163354786011,-0.528082037229171,0.051308908810824,-0.417013509988271,0.027202165402194,NA,NA,NA,NA,NA,NA,NA,NA
-0.5,-0.625,-0.569800251521843,0.0308058706354626,-0.564475487755277,0.0525908376202448,-0.472618778013292,0.0311839146737694,-0.5,-0.519375260065518,0.0246013039952219,-0.540405545922956,0.0542706183214864,-0.416711714578081,0.0255977802378898,NA,NA,NA,NA,NA,NA,NA,NA
-0.5,-0.625,-0.634004011148512,0.0353045021766872,-0.619937535697944,0.0564888242091585,-0.533527427757831,0.0355732626987946,-0.5,-0.508746721445373,0.0266916602714509,-0.502677284380386,0.0444493953532869,-0.419742616226294,0.0271958538964705,NA,NA,NA,NA,NA,NA,NA,NA
-0.5,-0.625,-0.580576674251288,0.0285971990851575,-0.540766645509014,0.0489166518515728,-0.445149980872847,0.0295005840734427,-0.5,-0.502611591474005,0.0252903161175714,-0.509458276872506,0.052996335997047,-0.403533875754762,0.0259909647133554,NA,NA,NA,NA,NA,NA,NA,NA
-0.5,-0.625,-0.637383508352161,0.035305803537037,-0.63909278116859,0.0599106913087088,-0.497954646716018,0.0354445483130656,-0.5,-0.542499150576453,0.0246993562974054,-0.465448761441051,0.039458992339096,-0.464054928964862,0.0257588833140739,NA,NA,NA,NA,NA,NA,NA,NA
-0.5,-0.625,-0.689836560199246,0.0337687969745447,-0.639301438455061,0.0554135965580169,-0.55395715955923,0.0350328201856607,-0.5,-0.498938737797192,0.0244597118967861,-0.517215040083498,0.038245079089685,-0.427211814533706,0.0251601930340677,NA,NA,NA,NA,NA,NA,NA,NA
-0.5,-0.625,-0.641293656355121,0.0384566131627088,-0.625695135440342,0.0642291493415824,-0.52913380198014,0.0382126649662309,-0.5,-0.527147565094028,0.0248055482820215,-0.471218423920423,0.0455162896887067,-0.407204116063892,0.0258971059631304,NA,NA,NA,NA,NA,NA,NA,NA
-0.5,-0.625,-0.647154943550682,0.0349495925904537,-0.623843368490246,0.0567024010634557,-0.519598528841065,0.0353505591713636,-0.5,-0.493108331766417,0.0236785923012595,-0.470511125350695,0.0408437722836722,-0.420005105018294,0.0244548857670192,NA,NA,NA,NA,NA,NA,NA,NA
-0.5,-0.625,-0.699736043823388,0.0360550397585487,-0.706627319315153,0.0731100565453236,-0.550160876318294,0.0369049980375794,-0.5,-0.533596941599795,0.0249226234548246,-0.509132525012002,0.0417189624810917,-0.436388787114516,0.0259774428849576,NA,NA,NA,NA,NA,NA,NA,NA
-0.5,-0.625,-0.636353627366787,0.0335328185505979,-0.756742923876425,0.0906266087641308,-0.519852117831719,0.0341123802993525,-0.5,-0.507995902049088,0.0247254904796676,-0.517300258055362,0.0551215288396993,-0.405889140484231,0.0255854650519078,NA,NA,NA,NA,NA,NA,NA,NA
-0.5,-0.625,-0.581411227875854,0.0301648911186806,-0.639139097033125,0.0840503856880024,-0.469197075147206,0.0307617889364237,-0.5,-0.441239330115576,0.0227917639795575,-0.44559209425557,0.0438370758047365,-0.322527334075829,0.0234419236162522,NA,NA,NA,NA,NA,NA,NA,NA
-0.5,-0.625,-0.69349030966781,0.0336246831685279,-0.731408430303438,0.073268209533858,-0.538898156975011,0.0349740429509888,-0.5,-0.502863098581119,0.0241419757295807,-0.430991211784376,0.0380381220415219,-0.36931352677705,0.0251302645206455,NA,NA,NA,NA,NA,NA,NA,NA
-0.5,-0.625,-0.680685518257121,0.0352912751414474,-0.736249251931563,0.0697688016587681,-0.551883068281808,0.0360780254111546,-0.5,-0.494181629315548,0.023451161121945,-0.662056103693579,0.10572234503357,-0.418653461343074,0.0242840838278477,NA,NA,NA,NA,NA,NA,NA,NA
-0.5,-0.625,-0.579420998618352,0.0333371809262986,-0.568713502919762,0.0513639335729996,-0.490240857851374,0.0334280303667722,-0.5,-0.520075921574765,0.0259954078988998,-0.530424664957667,0.0526848488883902,-0.441613625649159,0.0266676139512545,NA,NA,NA,NA,NA,NA,NA,NA
-0.5,-0.625,-0.588473094600687,0.0313551534193273,-0.602070787701104,0.0517093966415721,-0.456885860010086,0.0317541957997554,-0.5,-0.507049729950094,0.0245357078692649,-0.514533776844852,0.0442190534540627,-0.393722747940344,0.0254518462320905,NA,NA,NA,NA,NA,NA,NA,NA
-0.5,-0.625,-0.658286218031998,0.0366581659030916,-0.66754021065587,0.0713227734621743,-0.517177966343843,0.036778227154564,-0.5,-0.467422628466877,0.022748401890465,-0.41281713303925,0.0356156403572297,-0.340235460504464,0.0236617033570486,NA,NA,NA,NA,NA,NA,NA,NA
-0.5,-0.625,-0.53341051336522,0.0284548352544127,-0.546621333181787,0.0490463189845299,-0.453833189899872,0.0288807779046128,-0.5,-0.475302691449121,0.0235493305150267,-0.505764935625362,0.0465303086236176,-0.394757331917095,0.0242516427406128,NA,NA,NA,NA,NA,NA,NA,NA
-0.5,-0.625,-0.686705824496918,0.0377820528716974,-0.825780742328364,0.101582056518344,-0.569877791598326,0.0381768264221728,-0.5,-0.497146255382703,0.0235496730243944,-0.486527890434557,0.0513598329586225,-0.413392719715336,0.0244402084143639,NA,NA,NA,NA,NA,NA,NA,NA
-0.5,-0.625,-0.514693824373643,0.027226587914136,-0.582245431292463,0.0577696021519001,-0.453847640354045,0.027637142032952,-0.5,-0.45922155188403,0.0231123410753675,-0.418187929270969,0.0413551865510387,-0.383010904360596,0.0237448564615729,NA,NA,NA,NA,NA,NA,NA,NA
-0.5,-0.625,-0.606390045396561,0.0326838244898937,-0.588951454918231,0.0522743769987975,-0.491799494469324,0.0330766521569837,-0.5,-0.573555828037041,0.0283366899641246,-0.544853530488082,0.053127437889845,-0.461029943929612,0.029203602146662,NA,NA,NA,NA,NA,NA,NA,NA
-0.5,-0.625,-0.628026040255955,0.0324898407216597,-0.623057205685433,0.053129364528511,-0.48952405735478,0.0331308361210363,-0.5,-0.422754184380177,0.020871652036669,-0.350528747503323,0.0333127171151467,-0.31763662301065,0.0217034891200073,NA,NA,NA,NA,NA,NA,NA,NA
-0.5,-0.625,-0.646421411839486,0.0336275409847912,-0.722814388251365,0.0651785613730691,-0.556163916356706,0.0343080840139468,-0.5,-0.49976607784364,0.0235313454097952,-0.448545251039699,0.0391563521380327,-0.387949808660283,0.0245733470838635,NA,NA,NA,NA,NA,NA,NA,NA
-0.5,-0.625,-0.659873861511219,0.0378827244692481,-0.671831236406452,0.0640797632102326,-0.513174804560527,0.0377163571445484,-0.5,-0.536309103618787,0.0263366082916441,-0.489113880928396,0.0524424808047453,-0.401812202706875,0.0272097727404418,NA,NA,NA,NA,NA,NA,NA,NA
-0.5,-0.625,-0.620908258190663,0.030818329204079,-0.585776686736417,0.0586614178373553,-0.473157300491388,0.0317322628843942,-0.5,-0.538792136050942,0.0274538658961621,-0.507282338066712,0.0443973666458262,-0.408433586263961,0.0281097951633469,NA,NA,NA,NA,NA,NA,NA,NA
-0.5,-0.625,-0.665449320678777,0.0382622781573833,-0.649378117875093,0.0609124556668943,-0.532070484879143,0.038192715161131,-0.5,-0.544202195160661,0.0240414357962795,-0.489651458293174,0.0407096185403383,-0.428453250646197,0.0254860388943885,NA,NA,NA,NA,NA,NA,NA,NA
-0.5,-0.625,-0.582231385377605,0.0335881870476607,-0.527804901620644,0.0514441893934222,-0.432346441723936,0.0333301148562951,-0.5,-0.494068600719333,0.0242814241663149,-0.418960040872637,0.0404363592817786,-0.383631349379626,0.0251128106652897,NA,NA,NA,NA,NA,NA,NA,NA
-0.5,-0.625,-0.624728900735261,0.0344876143480085,-0.620457688245462,0.0568824061490077,-0.482677498857411,0.0346214050108744,-0.5,-0.461893838863339,0.0219519385615972,-0.449152219715742,0.045696409812494,-0.377183471757851,0.0228225125087437,NA,NA,NA,NA,NA,NA,NA,NA
-0.5,-0.625,-0.60941212212599,0.0292354229837075,-0.659040065616446,0.0511804175729942,-0.518485126806365,0.0302640831799681,-0.5,-0.508486633022278,0.0247430541102113,-0.4858001029263,0.0404779751142288,-0.412727400893762,0.0255841631865906,NA,NA,NA,NA,NA,NA,NA,NA
-0.5,-0.625,-0.580887861974382,0.0322702055203608,-0.497895385205548,0.0436717338182758,-0.464807101971532,0.0324561985815386,-0.5,-0.536079353170015,0.0271650395722486,-0.483531358659682,0.0407725438345829,-0.420982133631429,0.0278579352034781,NA,NA,NA,NA,NA,NA,NA,NA
-0.5,-0.625,-0.596859451686881,0.0292032648397698,-0.608389039835369,0.0613502809067001,-0.487272452521216,0.0301614007495242,-0.5,-0.463704419487714,0.0251092751759594,-0.459022030840565,0.048791352357374,-0.349004235832857,0.0255126545594857,NA,NA,NA,NA,NA,NA,NA,NA
-0.5,-0.625,-0.584052250758029,0.0301556040400756,-0.553292499232904,0.0494159462721442,-0.482172830891436,0.0307839652985953,-0.5,-0.524258379904147,0.0261567856303766,-0.503315982377627,0.0411582226899247,-0.421090736512857,0.0269107245307215,NA,NA,NA,NA,NA,NA,NA,NA
-0.5,-0.625,-0.638667773928895,0.0349608577844384,-0.577658704135191,0.0550386768571648,-0.499708210280588,0.035194568963327,-0.5,-0.511090705118745,0.0237997620053124,-0.51320613382614,0.0587662697610553,-0.392426111432617,0.0249271284183055,NA,NA,NA,NA,NA,NA,NA,NA
-0.5,-0.625,-0.656239833319199,0.0364085060277013,-0.748122680269559,0.0730907295730198,-0.534541996782038,0.0366576898006747,-0.5,-0.400336459432164,0.0200272197260199,-0.372355277554163,0.0317025181812143,-0.313388115217156,0.0207652902299322,NA,NA,NA,NA,NA,NA,NA,NA
-0.5,-0.625,-0.588414053408871,0.0343248049748494,-0.560900640446246,0.0545292650309502,-0.4584216244322,0.0341268226062215,-0.5,-0.503765094773178,0.024064535493089,-0.50477430820091,0.0401415926057448,-0.412176685930743,0.0249652670460647,NA,NA,NA,NA,NA,NA,NA,NA
-0.5,-0.625,-0.638643890586907,0.0341783527233865,-0.694335728829314,0.0908985150366391,-0.495260041100577,0.0345644099690118,-0.5,-0.509704045374936,0.0251240669926959,-0.484451330496187,0.0442392610518032,-0.405302694255159,0.0259319781973884,NA,NA,NA,NA,NA,NA,NA,NA
-0.5,-0.625,-0.652976544828804,0.0361059679749545,-0.649843560442704,0.058060176429297,-0.512844211538414,0.0362787860110292,-0.5,-0.543220593763504,0.0281762953267891,-0.581811852975687,0.0593388345010433,-0.46720422181808,0.0287094415301901,NA,NA,NA,NA,NA,NA,NA,NA
-0.5,-0.625,-0.709567355319767,0.0371273697156882,-0.724885643928279,0.0650398491283372,-0.579608559939625,0.0379395885476304,-0.5,-0.457459022213738,0.022499840381227,-0.461785276738073,0.035147367953628,-0.361778100462083,0.0232920654785439,NA,NA,NA,NA,NA,NA,NA,NA
-0.5,-0.625,-0.575705388613843,0.0306108754459608,-0.508146695882749,0.051256251735558,-0.464349123052127,0.0310629403707969,-0.5,-0.459415648530717,0.0229457038930892,-0.505825126802292,0.0583178420075124,-0.39458166033689,0.0235449144711533,NA,NA,NA,NA,NA,NA,NA,NA
-0.5,-0.625,-0.656873938807123,0.0349729590549288,-0.671272558437845,0.0782498532767065,-0.511575638535997,0.0354294800742891,-0.5,-0.473399050581587,0.0246813469534156,-0.460611825474083,0.0418073197988349,-0.391814737930129,0.0252063868791465,NA,NA,NA,NA,NA,NA,NA,NA
-0.5,-0.625,-0.679953188209576,0.0368856376468555,-0.740491357068782,0.0595964605144702,-0.579985078163185,0.0373987890191508,-0.5,-0.489533413501012,0.0245808434347166,-0.491701020839825,0.0468804928278619,-0.414168249441424,0.0252145389475533,NA,NA,NA,NA,NA,NA,NA,NA
-0.5,-0.625,-0.589820588457987,0.0315045966609409,-0.580593060212635,0.053688625312238,-0.467965158238058,0.0319179884519807,-0.5,-0.468010351333169,0.0236901415410815,-0.520323139584934,0.0474792832319638,-0.400871475742606,0.0242610656473773,NA,NA,NA,NA,NA,NA,NA,NA
-0.5,-0.625,-0.662021669760159,0.0326127125639858,-0.566259995814882,0.0576450684723868,-0.533184839256431,0.0337215090384998,-0.5,-0.485417099271061,0.0242516102960852,-0.508476936192547,0.0428863410654641,-0.402625728119461,0.0249329984383613,NA,NA,NA,NA,NA,NA,NA,NA
-0.5,-0.625,-0.628238193910381,0.0360356977600453,-0.67949596399282,0.0669479626005817,-0.526633082371566,0.0361201875907116,-0.5,-0.495632334827097,0.0242428348991817,-0.476842149955172,0.0473119913652267,-0.390839480547268,0.0250834638664543,NA,NA,NA,NA,NA,NA,NA,NA
-0.5,-0.625,-0.61197609700072,0.0317680187314212,-0.63309079245382,0.0665877889532531,-0.490031491520537,0.0323921843947392,-0.5,-0.503214165246286,0.0249188097522175,-0.532927225741216,0.0474556164267173,-0.430347708258022,0.0255924161276141,NA,NA,NA,NA,NA,NA,NA,NA
-0.5,-0.625,-0.53648247892648,0.0318432989016047,-0.569548767935639,0.056073344958612,-0.445365536444383,0.0317959947035157,-0.5,-0.482302785446026,0.0232051831104923,-0.467283004518517,0.0397296459854976,-0.361880860719146,0.0241592849778868,NA,NA,NA,NA,NA,NA,NA,NA
-0.5,-0.625,-0.599373256216021,0.0298667759358353,-0.532843578121008,0.048699233839311,-0.471581065498505,0.030730523837932,-0.5,-0.491400624311913,0.0238899652257424,-0.452993216073094,0.0473654671077594,-0.362341088710714,0.0248043961685583,NA,NA,NA,NA,NA,NA,NA,NA
-0.5,-0.625,-0.654551931684071,0.0344973630695317,-0.682432958046392,0.0625808958676562,-0.539391366853667,0.0351174712651195,-0.5,-0.4587404803169,0.0221892893973904,-0.47657805072112,0.0504276066064287,-0.376272849691497,0.0229856062708904,NA,NA,NA,NA,NA,NA,NA,NA
-0.5,-0.625,-0.647416834797261,0.0352810999523777,-0.606532390317629,0.0561057887379418,-0.498142440083718,0.0355074693964809,-0.5,-0.454416023398529,0.0207640804849463,-0.419201360788256,0.037180803842074,-0.352471521974543,0.0218771949306544,NA,NA,NA,NA,NA,NA,NA,NA
-0.5,-0.625,-0.57109137780159,0.030015697406764,-0.609539059940572,0.0508340692796664,-0.468140931525803,0.0305364221062066,-0.5,-0.393926839649088,0.0199927524653607,-0.4290123951662,0.0546356142006281,-0.293784311780765,0.0207430988539577,NA,NA,NA,NA,NA,NA,NA,NA
-0.5,-0.625,-0.64605961535754,0.0349551815789417,-0.623570882474882,0.0576430560804506,-0.53991644759055,0.035403198057493,-0.5,-0.530235749966952,0.0256425499073149,-0.495068373370551,0.047490556324582,-0.419888714810037,0.0265702765143509,NA,NA,NA,NA,NA,NA,NA,NA
-0.5,-0.625,-0.626879466173319,0.0338508558407883,-0.652538532923199,0.0650128525444083,-0.469461344994465,0.0340718210834695,-0.5,-0.470811821791489,0.0226776143308296,-0.441657531496793,0.0460222300270151,-0.395947926494358,0.0234468887989846,NA,NA,NA,NA,NA,NA,NA,NA
-0.5,-0.625,-0.650545025882493,0.0350833989996995,-0.687443249427143,0.0686903041702182,-0.49502479310022,0.0353657590561391,-0.5,-0.427582847205556,0.0213228798407474,-0.359957499528175,0.0319711515036683,-0.33712956259209,0.0220614724094876,NA,NA,NA,NA,NA,NA,NA,NA
-0.5,-0.625,-0.620936835230925,0.0339926801607931,-0.623627178138712,0.0608143693134424,-0.506995261223626,0.0343074830378413,-0.5,-0.50648337914333,0.0241233793809223,-0.556319346475354,0.0869322787450105,-0.394842218902494,0.0251130462749631,NA,NA,NA,NA,NA,NA,NA,NA
-0.5,-0.625,-0.721784504469209,0.0421834375903148,-0.618743227476629,0.0608625299861953,-0.56534164558505,0.0418949836771546,-0.5,-0.507714829779938,0.0244559215419161,-0.496796616436804,0.0389244984361516,-0.452000165759491,0.0251077894691404,NA,NA,NA,NA,NA,NA,NA,NA
-0.5,-0.625,-0.680971017186103,0.0382493580036187,-0.815684317423113,0.103355636471191,-0.540753390806106,0.0383505774608116,-0.5,-0.503531449170034,0.0246239921338414,-0.489782803600749,0.0484497386161426,-0.405112538646363,0.0254497340290549,NA,NA,NA,NA,NA,NA,NA,NA
-0.5,-0.625,-0.656192306939659,0.0368089819626252,-0.659920768386399,0.0557688439732863,-0.517950848717921,0.0368855430007342,-0.5,-0.505776512421145,0.0260273637698725,-0.517680433947768,0.0788034552203956,-0.372301595021671,0.0266267581945423,NA,NA,NA,NA,NA,NA,NA,NA
-0.5,-0.625,-0.609754063602775,0.032912016111299,-0.678457140268032,0.0750632558888748,-0.495561312517743,0.0333009623198533,-0.5,-0.500278443653849,0.0233999476654544,-0.573688003253894,0.0639601616475458,-0.392136558308928,0.0244609202998119,NA,NA,NA,NA,NA,NA,NA,NA
-0.5,-0.625,-0.562300745470623,0.0288871142118605,-0.530966898188554,0.0464233286105098,-0.427706615932644,0.0294973291101505,-0.5,-0.485699476069321,0.0238764455513926,-0.493379373783881,0.0467200469935804,-0.395591688102933,0.0246475271724265,NA,NA,NA,NA,NA,NA,NA,NA
-0.5,-0.625,-0.623316922000999,0.034914257646562,-0.620126480673143,0.0571907356158209,-0.506259483397804,0.0350724940339563,-0.5,-0.536493984628623,0.0269234128528244,-0.549556384308534,0.0463286772708734,-0.408990178872016,0.0276700296660721,NA,NA,NA,NA,NA,NA,NA,NA
-0.5,-0.625,-0.649945422905354,0.0339947211037386,-0.666706842603547,0.0584354904161421,-0.55855626632086,0.0346546632097981,-0.5,-0.476644426089286,0.0213920569625726,-0.4463552465699,0.0331689786193806,-0.384789523237155,0.0225284110306253,NA,NA,NA,NA,NA,NA,NA,NA
-0.5,-0.625,-0.699996008199154,0.0355439760206608,-0.729775398570477,0.0618205261178957,-0.578961080087583,0.0365623461931806,-0.5,-0.489376633039012,0.021658892093702,-0.486185485334207,0.0408170322435143,-0.410269437708335,0.0227627180103045,NA,NA,NA,NA,NA,NA,NA,NA
-0.5,-0.625,-0.579472784946054,0.0350616657901176,-0.623357109226058,0.076437827740043,-0.467218363807692,0.0347612919975644,-0.5,-0.480845735061293,0.0240011061059095,-0.461943807801309,0.0488796370170514,-0.383328056743584,0.0247336773938009,NA,NA,NA,NA,NA,NA,NA,NA
-0.5,-0.625,-0.645293251700018,0.0328856662020482,-0.592447220641555,0.052790510712111,-0.510381404803017,0.0336873198519428,-0.5,-0.488762416011098,0.0238965795157844,-0.537623444628676,0.056692097522885,-0.398859384579944,0.024689045954764,NA,NA,NA,NA,NA,NA,NA,NA
-0.5,-0.625,-0.555103973705673,0.0296775488954908,-0.572451754727289,0.0626431330656152,-0.451101984673869,0.0300992593021452,-0.5,-0.494780658094101,0.0261302810158234,-0.491621522638337,0.0402316129931892,-0.393802527764423,0.0266194815989051,NA,NA,NA,NA,NA,NA,NA,NA
-0.5,-0.625,-0.63786247335363,0.033454670674825,-0.641927439339049,0.0511525554051297,-0.520176066568896,0.0340664055225123,-0.5,-0.565943961923237,0.0289206619738443,-0.583574893912252,0.0487163476554343,-0.496442495882112,0.0295058337871678,NA,NA,NA,NA,NA,NA,NA,NA
-0.5,-0.625,-0.627120393351622,0.0309284170705536,-0.56595795450635,0.0508777853158195,-0.493957587967051,0.0319229760732493,-0.5,-0.544787514471197,0.0235849647130809,-0.554425338867578,0.0505436679144011,-0.415592234421383,0.0252081799732982,NA,NA,NA,NA,NA,NA,NA,NA
-0.5,-0.625,-0.600686759415091,0.0293322957682132,-0.669877596588421,0.0666954812338284,-0.482475421322906,0.0303240703698917,-0.5,-0.579001207478129,0.0286422621276843,-0.538172000085166,0.0474210326142957,-0.461642707365995,0.0295148348698566,NA,NA,NA,NA,NA,NA,NA,NA
-0.5,-0.625,-0.675960351004141,0.0358034806559149,-0.673643401886953,0.0750229214064581,-0.556631936732539,0.0364362285917496,-0.5,-0.489178192646662,0.0226138569345004,-0.461205136061751,0.0401138932275526,-0.379210297209239,0.0237294526403145,NA,NA,NA,NA,NA,NA,NA,NA
-0.5,-0.625,-0.613495707221613,0.0332298177765627,-0.578648557747125,0.0562242044918653,-0.465608231741458,0.0334642276271906,-0.5,-0.469151077425511,0.0245764086387981,-0.451727730859453,0.0536077866652383,-0.354860987819652,0.0251254046582268,NA,NA,NA,NA,NA,NA,NA,NA
-0.5,-0.625,-0.599512841843895,0.0318398455739199,-0.57734990699272,0.0731113243184711,-0.452635802769967,0.0322129387363607,-0.5,-0.493102369855713,0.0227954880099467,-0.484406869629976,0.0427301977107355,-0.384501462729575,0.0239080536127428,NA,NA,NA,NA,NA,NA,NA,NA
-0.5,-0.625,-0.654112194153492,0.0362921679763202,-0.541662560697479,0.0539209198737315,-0.479740985229202,0.0361930022128128,-0.5,-0.478601973927983,0.0240156628449229,-0.476312521807167,0.0450840638116996,-0.362113365686289,0.0247606939100801,NA,NA,NA,NA,NA,NA,NA,NA
-0.5,-0.625,-0.69245666376569,0.0378035316731618,-0.696078091713772,0.0617617505146537,-0.585922154584091,0.0382959998391822,-0.5,-0.488385911165074,0.0245267293504349,-0.495298456486982,0.0473884669857704,-0.413644459080404,0.0251571577909469,NA,NA,NA,NA,NA,NA,NA,NA
-0.5,-0.625,-0.726811898362525,0.0408989489361825,-0.712602419391064,0.0804860630309193,-0.613513760984718,0.0412525033618428,-0.5,-0.441872459827049,0.0206524609071986,-0.447976629436209,0.0410822488950109,-0.356567473909732,0.0215837884856894,NA,NA,NA,NA,NA,NA,NA,NA
-0.5,-0.625,-0.649888290130946,0.033983777858624,-0.615887733828089,0.0556908299726453,-0.499450550239429,0.0345475014681506,-0.5,-0.469259249520574,0.0240025738345701,-0.478688865243941,0.0439183593222369,-0.398723608970108,0.0245565680296684,NA,NA,NA,NA,NA,NA,NA,NA
-0.5,-0.625,-0.589217885486782,0.0321231858196984,-0.585743113949092,0.0503094402614244,-0.486393662764935,0.0324603216553808,-0.5,-0.475496147216112,0.0227406294919759,-0.472339871832673,0.0486416714902923,-0.391130787094407,0.0235891103536969,NA,NA,NA,NA,NA,NA,NA,NA
-0.5,-0.625,-0.619285841254114,0.0322159629983962,-0.613380765568358,0.0614044818964333,-0.500686529264546,0.0328439504255425,-0.5,-0.5210878735776,0.0247687006202707,-0.588253549593858,0.0599696312863586,-0.431916856314335,0.0256924564495788,NA,NA,NA,NA,NA,NA,NA,NA
-0.5,-0.625,-0.667374362813028,0.034055692292451,-0.714061280281909,0.0688692730345594,-0.533707822074892,0.0349133906136737,-0.5,-0.505465732583826,0.0212472113575004,-0.468452019143334,0.0339084256913099,-0.396374687262059,0.0228265803789597,NA,NA,NA,NA,NA,NA,NA,NA
-0.5,-0.625,-0.606201625581812,0.0349819550982008,-0.675531163045336,0.0653185991863823,-0.507675919701103,0.0350300859235598,-0.5,-0.509179890787598,0.0250451421152382,-0.492741663908712,0.0425701378294605,-0.402414337950796,0.0258681257331408,NA,NA,NA,NA,NA,NA,NA,NA
-0.5,-0.625,-0.679852687097882,0.0366111643850321,-0.683792530964991,0.0630346565768263,-0.5533315832502,0.0371128736676682,-0.5,-0.486259079081983,0.022965537903874,-0.439641994084463,0.036670954215457,-0.36622686995888,0.0240106763020783,NA,NA,NA,NA,NA,NA,NA,NA
-0.5,-0.625,-0.572366293722781,0.0307124589546674,-0.604583796902377,0.0643009801783415,-0.451871724606862,0.0310895997924742,-0.5,-0.494958286663733,0.0236287240870673,-0.526060794462792,0.0612937455412292,-0.378879116177034,0.0246134777985686,NA,NA,NA,NA,NA,NA,NA,NA
-0.5,-0.625,-0.636434219356224,0.031136197576468,-0.642242116477804,0.0539239157151642,-0.513274807527309,0.0322104483640484,-0.5,-0.498714089053788,0.0232350428264971,-0.480763542205264,0.0495353751726047,-0.40155100891467,0.0242649500773306,NA,NA,NA,NA,NA,NA,NA,NA
-0.5,-0.625,-0.618756465900605,0.032379016393756,-0.651112286828494,0.0632132540237276,-0.498896256315437,0.0329657668096411,-0.5,-0.470149915879737,0.0238138375322993,-0.41222289654205,0.0337312834651058,-0.395023935565423,0.0244181157942739,NA,NA,NA,NA,NA,NA,NA,NA
-0.5,-0.625,-0.676115730781428,0.0352350597812706,-0.655045750571872,0.0710236823931346,-0.590794819548137,0.0359635586067343,-0.5,-0.489641917864329,0.0243597059101163,-0.450160885194252,0.045240632671575,-0.38286122402723,0.0251269129382353,NA,NA,NA,NA,NA,NA,NA,NA
-0.5,-0.625,-0.564886279318656,0.0300915660437617,-0.658969766022109,0.0807453165224834,-0.494102514710576,0.0305218594142691,-0.5,-0.533442475485033,0.0251645486198013,-0.479138737775316,0.0379860162232628,-0.421339841226821,0.0262284358489925,NA,NA,NA,NA,NA,NA,NA,NA
-0.5,-0.625,-0.612900078501943,0.0326964576661321,-0.611841602293158,0.0574175039907565,-0.463299105860839,0.0330380761365558,-0.5,-0.526736453306569,0.0248994269885854,-0.541475549704002,0.0539420903949187,-0.428861769757239,0.0258934447241889,NA,NA,NA,NA,NA,NA,NA,NA
-0.5,-0.625,-0.603299456451347,0.0308163121651447,-0.54766954528389,0.0504853393245248,-0.440211584596196,0.031425457031965,-0.5,-0.506757858993618,0.0246954140581959,-0.432759964154704,0.042439119512728,-0.380639939702051,0.0255953737085932,NA,NA,NA,NA,NA,NA,NA,NA
-0.5,-0.625,-0.639503903508988,0.0342118081554795,-0.668802777508218,0.0560990627732989,-0.519549314822267,0.0346888933529439,-0.5,-0.516307156488649,0.0269124527001692,-0.479727025228451,0.0454629863023965,-0.40771766400319,0.0274563774511613,NA,NA,NA,NA,NA,NA,NA,NA
-0.5,-0.625,-0.653738162500504,0.0359292416922379,-0.615988996177545,0.0634085582638572,-0.544026656888075,0.0362830033969471,-0.5,-0.468590072496071,0.0215332079615372,-0.452472294751566,0.0448503579321283,-0.364243266812475,0.0226396827262956,NA,NA,NA,NA,NA,NA,NA,NA
-0.5,-0.625,-0.55569887610939,0.0313631320584308,-0.524201592041489,0.0498928237263526,-0.468104918116974,0.0315471990273618,-0.5,-0.454304064848224,0.0234181466471357,-0.502999701948047,0.0592969548380982,-0.365861125008972,0.0240126503908118,NA,NA,NA,NA,NA,NA,NA,NA
-0.5,-0.625,-0.669224096107662,0.0365467763876253,-0.725809170334262,0.0719924179914917,-0.527302819109744,0.036842567350114,-0.5,-0.462355455217081,0.0232152129224884,-0.420126250806599,0.0347652615696895,-0.361103567923311,0.0239389376191671,NA,NA,NA,NA,NA,NA,NA,NA
-0.5,-0.625,-0.687752829006742,0.0372156843724049,-0.637066465365798,0.0583750156412948,-0.552196331814012,0.0376658203793511,-0.5,-0.441969931748319,0.0206920673427608,-0.409757983219813,0.0428022329071688,-0.329655108307191,0.0217521159666766,NA,NA,NA,NA,NA,NA,NA,NA
-0.5,-0.625,-0.663937687686131,0.033410538786368,-0.623125707406795,0.0517136425344704,-0.522475290052448,0.0343523558500293,-0.5,-0.524896378329268,0.0205072281730543,-0.553493124927982,0.0629560085052283,-0.43042924174121,0.022335327944551,NA,NA,NA,NA,NA,NA,NA,NA
-0.5,-0.625,-0.646471601345551,0.0360867727416361,-0.632783998311004,0.0599441709963775,-0.548068904625866,0.0363646148935852,-0.5,-0.477189065568782,0.0219746926071395,-0.427971275249672,0.0466392592822089,-0.390090702050518,0.0229809261269459,NA,NA,NA,NA,NA,NA,NA,NA
-0.5,-0.625,-0.557106589901985,0.0292106307801579,-0.457905494103249,0.0401023335952738,-0.403705200939411,0.029628350097474,-0.5,-0.550596827643384,0.0271579669831541,-0.543726563298997,0.0675794084676326,-0.425641499123354,0.0280156956094825,NA,NA,NA,NA,NA,NA,NA,NA
-0.5,-0.625,-0.642802351049971,0.032571625715158,-0.629970142118918,0.0556643703419921,-0.525525156890119,0.0334242626204555,-0.5,-0.5115732072263,0.0236239169314462,-0.503878971200554,0.0425249599419513,-0.430382826912431,0.0246083337440362,NA,NA,NA,NA,NA,NA,NA,NA
-0.5,-0.625,-0.671282324722025,0.0361961312696308,-0.774956048923394,0.0686174927184883,-0.578915854377354,0.0367307641256055,-0.5,-0.46094177981259,0.0220619364032643,-0.481282128016949,0.0451452847836398,-0.36540245645206,0.0229595534227607,NA,NA,NA,NA,NA,NA,NA,NA
-0.5,-0.625,-0.640931566846423,0.0346914194763779,-0.566921221684503,0.0589884066035993,-0.481179265988186,0.0348993725237503,-0.5,-0.519841654390485,0.024307228220884,-0.453672482301657,0.0412152331163109,-0.405820725286086,0.0254074667433137,NA,NA,NA,NA,NA,NA,NA,NA
-0.5,-0.625,-0.602294213883126,0.0333469908000472,-0.585646072551829,0.0572547993659172,-0.434398024815686,0.0332741438604655,-0.5,-0.560765200358636,0.0259981769671393,-0.500108910898546,0.0499078105639802,-0.458681479573159,0.027154996288612,NA,NA,NA,NA,NA,NA,NA,NA
-0.5,-0.625,-0.618361165424149,0.0347099900065604,-0.553940651696001,0.0529608451700625,-0.486664325873859,0.0347743829117946,-0.5,-0.473310217028649,0.020702979026022,-0.401961803852055,0.0434352531125373,-0.372710026229375,0.0219997747993056,NA,NA,NA,NA,NA,NA,NA,NA
-0.5,-0.625,-0.682991747425661,0.0390051089385809,-0.618296182497167,0.0621733158203761,-0.530461703771464,0.0388757366724912,-0.5,-0.482878253039249,0.0238727281900537,-0.522176331424503,0.0550002154560797,-0.394498848709353,0.0246148759896056,NA,NA,NA,NA,NA,NA,NA,NA
-0.5,-0.625,-0.62949686030848,0.0343829581477324,-0.654612387656759,0.061765090131037,-0.516601533876166,0.0347270607200445,-0.5,-0.490322624581733,0.0231297816820568,-0.517708322409145,0.051904489501158,-0.397600820187412,0.0240800536202776,NA,NA,NA,NA,NA,NA,NA,NA
-0.5,-0.625,-0.582981712957516,0.0332853089380385,-0.537458702291748,0.0496587538943378,-0.462520661766153,0.0332846915637177,-0.5,-0.507674181548205,0.024449636090054,-0.501312286637829,0.0485351923919545,-0.414866617819558,0.0253236940792317,NA,NA,NA,NA,NA,NA,NA,NA
-0.5,-0.625,-0.62806195260369,0.035374870951622,-0.583836570028766,0.0543271748467155,-0.504919516292531,0.0354713617743612,-0.5,-0.496242654529873,0.0249344125551535,-0.484036236191347,0.0386057053357247,-0.39079565141666,0.0256531203787051,NA,NA,NA,NA,NA,NA,NA,NA
-0.5,-0.625,-0.654494421322299,0.0349750986606593,-0.654113124291411,0.063515731748123,-0.52262136883948,0.0354530466538376,-0.5,-0.52523807005898,0.0259699836829737,-0.523604972872944,0.0584424343682592,-0.414039161767739,0.0267825984082269,NA,NA,NA,NA,NA,NA,NA,NA
-0.5,-0.625,-0.560940554654057,0.0288189350752496,-0.574188754780402,0.0486102718853545,-0.477936362728907,0.0294213734404974,-0.5,-0.498207952994415,0.0270951893275902,-0.475813241195838,0.0574410244897264,-0.411431454318507,0.0274553018649221,NA,NA,NA,NA,NA,NA,NA,NA
-0.5,-0.625,-0.630559008568575,0.0334320960485674,-0.825367002594172,0.180651344630507,-0.474357627261854,0.0338152919661142,-0.5,-0.494190869747014,0.0237806787138089,-0.45600319000613,0.0379484176938051,-0.399463978038945,0.024659177617068,NA,NA,NA,NA,NA,NA,NA,NA
-0.5,-0.625,-0.638658398954761,0.0339381021179306,-0.652306860920071,0.0710532399013397,-0.53399259429397,0.0344850741892899,-0.5,-0.468754883660912,0.0225025312327112,-0.460455009699576,0.0393448922832428,-0.412533412108859,0.0231516335577794,NA,NA,NA,NA,NA,NA,NA,NA
-0.5,-0.625,-0.637881771027411,0.0331718970675353,-0.647256280475769,0.0598176569623584,-0.510692351069705,0.0338243664621896,-0.5,-0.494670050226872,0.0262139822471173,-0.501238655805071,0.0506832157694482,-0.367746067895614,0.0266699091705824,NA,NA,NA,NA,NA,NA,NA,NA
-0.5,-0.625,-0.617324885084277,0.0333195174281802,-0.626418232465874,0.059145222658266,-0.503474001079755,0.0337191388144331,-0.5,-0.556210809977039,0.0267444532807163,-0.467925231899766,0.0392072217508239,-0.439825960464375,0.0277456178575044,NA,NA,NA,NA,NA,NA,NA,NA
-0.5,-0.625,-0.641079511332668,0.0344349316661732,-0.659610779481557,0.0589803210884414,-0.520699116888746,0.0348862929712762,-0.5,-0.519414965080308,0.0267590705051024,-0.53090927065879,0.0445660117950814,-0.430404894737799,0.0273401522994968,NA,NA,NA,NA,NA,NA,NA,NA
-0.5,-0.625,-0.67250976017106,0.0355849031066537,-0.650315109548027,0.0757169375302045,-0.529889544753122,0.0361440015420656,-0.5,-0.520108448884413,0.0243921539828215,-0.50618627831377,0.0483881075063927,-0.426662963172864,0.0253942242749213,NA,NA,NA,NA,NA,NA,NA,NA
-0.5,-0.625,-0.588241980533546,0.0308810748919231,-0.469966198345203,0.0448032416439028,-0.447578425794789,0.0313508097933048,-0.5,-0.497842223832132,0.0235037670190262,-0.559074745799785,0.0631522636147968,-0.41849151196831,0.0243813982530106,NA,NA,NA,NA,NA,NA,NA,NA
-0.5,-0.625,-0.536899829810112,0.0299658037918287,-0.540543971794288,0.0541867380505547,-0.454509038412996,0.0302083782593398,-0.5,-0.469970250112783,0.0222951211176902,-0.443174285229111,0.0361061640350554,-0.355503016946695,0.0233008613366325,NA,NA,NA,NA,NA,NA,NA,NA
-0.5,-0.625,-0.569918527943946,0.0331393811120268,-0.571590102225196,0.0549561500080547,-0.491486544851901,0.0332142857654234,-0.5,-0.450355036663625,0.0222572968587735,-0.463725992898493,0.0441907704242166,-0.369503241347881,0.0229736226430419,NA,NA,NA,NA,NA,NA,NA,NA
-0.5,-0.625,-0.67398843896297,0.0375221617977325,-0.638736939927308,0.0690889355475689,-0.501387753244779,0.0374411772605545,-0.5,-0.472162177442266,0.0206684783376601,-0.511240139953194,0.0452172974132369,-0.403281366411482,0.0216973949690567,NA,NA,NA,NA,NA,NA,NA,NA
-0.5,-0.625,-0.658514147277845,0.0355483305700391,-0.653497554787532,0.060517888448176,-0.536094675602649,0.0359939736480874,-0.5,-0.493950602898278,0.0255711703773332,-0.509743824957162,0.0615433397186114,-0.393341245333186,0.0261491155339882,NA,NA,NA,NA,NA,NA,NA,NA
-0.5,-0.625,-0.652104707360433,0.0358064420246748,-0.710874885823831,0.0691767557919516,-0.545668495762895,0.0361723777353542,-0.5,-0.523540227179266,0.0231332529935284,-0.5627617752488,0.0616716902529551,-0.421104714584928,0.0244627746975598,NA,NA,NA,NA,NA,NA,NA,NA
-0.5,-0.625,-0.609203491900586,0.0326900684510446,-0.562120327489639,0.0555163004302304,-0.473174207750849,0.0330443295143738,-0.5,-0.47107415425578,0.0245902532874922,-0.439672441465211,0.0415894711568492,-0.390614648945135,0.0251092173914821,NA,NA,NA,NA,NA,NA,NA,NA
-0.5,-0.625,-0.609383356935526,0.0350943955006087,-0.604970106368618,0.0578398093961776,-0.481093186197512,0.0349950889929172,-0.5,-0.414924074170215,0.0184455128219484,-0.41906999895892,0.0347147010234385,-0.326488426511209,0.0195660271613706,NA,NA,NA,NA,NA,NA,NA,NA
-0.5,-0.625,-0.556313506558476,0.028633143938449,-0.599783695620284,0.0533504951774344,-0.461236813593787,0.0292451505449553,-0.5,-0.44690560767212,0.0223937025025686,-0.436474241880921,0.0387609405431797,-0.351888000589539,0.0231173227776642,NA,NA,NA,NA,NA,NA,NA,NA
-0.5,-0.625,-0.570736125984334,0.0308044315045156,-0.531566243170194,0.0689164875831768,-0.418485770607503,0.0310214393369944,-0.5,-0.51717894477124,0.0236551745475963,-0.596242129721466,0.0647496637927933,-0.383877795502355,0.0249254217669528,NA,NA,NA,NA,NA,NA,NA,NA
-0.5,-0.625,-0.657035776458235,0.0369740875723867,-0.64614882976716,0.0618533040950317,-0.509575433468927,0.0369638411521536,-0.5,-0.47365976485641,0.0223400419512024,-0.447404998227983,0.0363285061891396,-0.401230584584688,0.0231632405603969,NA,NA,NA,NA,NA,NA,NA,NA
-0.5,-0.625,-0.604372724256359,0.0327408539706667,-0.584116449451701,0.0539326616617625,-0.472816331723644,0.03304177754318,-0.5,-0.504012340573452,0.0252675432706103,-0.481580666849026,0.0431996457794055,-0.402487863331719,0.0259897797827224,NA,NA,NA,NA,NA,NA,NA,NA
-0.5,-0.625,-0.69379088257485,0.0337612248872219,-0.557511628094935,0.0499042711750275,-0.536033720727997,0.0350747680451895,-0.5,-0.44464398749929,0.0212838236054424,-0.411584969130592,0.03581127683752,-0.37918349698905,0.0220080329229312,NA,NA,NA,NA,NA,NA,NA,NA
-0.5,-0.625,-0.646040051890826,0.0363180039704903,-0.692287089191927,0.0629117112500326,-0.533976891221138,0.0365031169094406,-0.5,-0.518220372365408,0.0259925921415247,-0.462885229126936,0.0416564387153592,-0.423808939944663,0.026700800750407,NA,NA,NA,NA,NA,NA,NA,NA
-0.5,-0.625,-0.646281805018971,0.0339227151750734,-0.626750771130764,0.0581530488873472,-0.512926148991178,0.034510901534187,-0.5,-0.508377896270666,0.0232537726127469,-0.557415964444747,0.0576304967393241,-0.395410727234672,0.0244487887359504,NA,NA,NA,NA,NA,NA,NA,NA
-0.5,-0.625,-0.649533267049336,0.0360352177106067,-0.622466876434606,0.0625952157213201,-0.508911522599739,0.0361730518512236,-0.5,-0.495806482674427,0.0237898464335641,-0.50159037544616,0.04853256327806,-0.395005484116845,0.0247045806010445,NA,NA,NA,NA,NA,NA,NA,NA
-0.5,-0.625,-0.51196647498454,0.027979808899471,-0.528249891479483,0.0483001761530074,-0.422157002135193,0.0283126802349462,-0.5,-0.473168530631598,0.0218915062832536,-0.48357673179327,0.0561510509908156,-0.368414041946415,0.022972611412483,NA,NA,NA,NA,NA,NA,NA,NA
-0.5,-0.625,-0.644838044286725,0.0367110835172625,-0.625512537323576,0.0671196359426912,-0.464664306456704,0.0363069029688723,-0.5,-0.479572123824822,0.024531383527034,-0.435960392519449,0.0379208542956221,-0.365144914910869,0.0251826752556997,NA,NA,NA,NA,NA,NA,NA,NA
-0.5,-0.625,-0.655328966753987,0.0336646767528082,-0.705159123368529,0.0811119731650398,-0.546269738235496,0.0344587432792496,-0.5,-0.487844228799696,0.0244002505491223,-0.489362550317885,0.056025794303362,-0.390954211538757,0.0251218123673378,NA,NA,NA,NA,NA,NA,NA,NA
-0.5,-0.625,-0.632723607626475,0.0356565253038707,-0.592154785272994,0.0575922404986662,-0.517596187429359,0.0357944038191096,-0.5,-0.509495192276486,0.0244862600149205,-0.647575118259913,0.0870537198398002,-0.423431009133478,0.0253399857487991,NA,NA,NA,NA,NA,NA,NA,NA
-0.5,-0.625,-0.580775804084465,0.0299461155578675,-0.527296226685944,0.0525489460512433,-0.440885873280132,0.0305351712537865,-0.5,-0.532153452765183,0.0261856863994295,-0.58588509554229,0.0565177620085512,-0.435124888469189,0.0269957481074494,NA,NA,NA,NA,NA,NA,NA,NA
-0.5,-0.625,-0.548641015310069,0.0285433107218033,-0.544633727918305,0.0532898110758737,-0.441789472540607,0.029102382336223,-0.5,-0.497547344359165,0.0235065774135265,-0.464067108542288,0.0380967871360513,-0.397935920751081,0.0244859296278691,NA,NA,NA,NA,NA,NA,NA,NA
-0.5,-0.625,-0.514973397204662,0.0275987617390928,-0.497867070992955,0.0452991275351833,-0.417320911011589,0.0280134145264824,-0.5,-0.493855158354036,0.0241728230540971,-0.511884888696034,0.0404336805708049,-0.399995833349486,0.024976572577661,NA,NA,NA,NA,NA,NA,NA,NA
-0.5,-0.625,-0.628062732743246,0.0331345961047573,-0.575628632560144,0.0472744668983614,-0.471332219404249,0.0335514291400747,-0.5,-0.500648356115725,0.024669516416818,-0.549232777821672,0.0738144295646292,-0.403191320271436,0.0254580793355355,NA,NA,NA,NA,NA,NA,NA,NA
-0.5,-0.625,-0.56644422672338,0.0292913002489449,-0.558284065082558,0.0648497896730489,-0.447271689869883,0.0298873609641927,-0.5,-0.489981499538687,0.0247471707944862,-0.456184530270273,0.0471919361060599,-0.361818615273406,0.0254602692924867,NA,NA,NA,NA,NA,NA,NA,NA
-0.5,-0.625,-0.571707145563073,0.0312539646241329,-0.560731994923229,0.0519075590463641,-0.469354998134475,0.0315673720146945,-0.5,-0.449024507691412,0.0209504349255349,-0.371154491455702,0.0313573779630848,-0.316671893342812,0.022088648448374,NA,NA,NA,NA,NA,NA,NA,NA
-0.5,-0.625,-0.583008467374701,0.0326215144672955,-0.543426198227869,0.0562242341753322,-0.449279374032934,0.0326816518701116,-0.5,-0.53210906755566,0.0240134815022684,-0.54519595082399,0.0616481206787695,-0.427804916791509,0.0252663857474444,NA,NA,NA,NA,NA,NA,NA,NA
-0.5,-0.625,-0.785289889351915,0.0436719415308682,-0.763362907211018,0.0696021854343383,-0.630563412649109,0.0441425820172432,-0.5,-0.533526534220085,0.0238392746917845,-0.502122544515069,0.0483232051852643,-0.42353713205931,0.0251741382706914,NA,NA,NA,NA,NA,NA,NA,NA
-0.5,-0.625,-0.715260808619297,0.0431597764756584,-0.684147538360651,0.070358985991217,-0.588972918229854,0.0428529605848654,-0.5,-0.484986194586842,0.0235262154364124,-0.447593624400207,0.0361493398823409,-0.401158094810491,0.024321748593623,NA,NA,NA,NA,NA,NA,NA,NA
-0.5,-0.625,-0.604293059605296,0.0334702173373548,-0.608724123143032,0.0637579576718814,-0.487424244479622,0.0336839386338213,-0.5,-0.502266720310152,0.0231928920256744,-0.517020390412685,0.0442637848124673,-0.421503402309167,0.0241656631487172,NA,NA,NA,NA,NA,NA,NA,NA
-0.5,-0.625,-0.599323628151464,0.0285551628860401,-0.539239096222419,0.0510703668635313,-0.45451770423167,0.0297216523867998,-0.5,-0.501669766606396,0.0241217707145415,-0.490533478912835,0.0517571563231139,-0.399869385553278,0.0250332896450125,NA,NA,NA,NA,NA,NA,NA,NA
-0.5,-0.625,-0.510027038981719,0.0299615176175841,-0.654979336394908,0.0906310445267176,-0.431386203199916,0.030022421241161,-0.5,-0.496860383432341,0.0247759545881903,-0.500128423347613,0.0470183027893424,-0.396346093147594,0.0255194361162879,NA,NA,NA,NA,NA,NA,NA,NA
-0.5,-0.625,-0.550194451951803,0.028321760928274,-0.592643000222458,0.0506647281291876,-0.479853467836401,0.0288703139211545,-0.5,-0.485279452732253,0.0218776253094838,-0.469773525712197,0.0419473778391455,-0.373441752614667,0.0231154940915935,NA,NA,NA,NA,NA,NA,NA,NA
-0.5,-0.625,-0.642737314000202,0.0345364905639339,-0.569059524472034,0.0509424354395814,-0.504244413676694,0.0349213582003116,-0.5,-0.488338826418585,0.0231313448611704,-0.47370433311477,0.0393413504463193,-0.40089144726853,0.0240372447684146,NA,NA,NA,NA,NA,NA,NA,NA
-0.5,-0.625,-0.644037247716708,0.0336014132818818,-0.622262515194438,0.0542605809815989,-0.540273858264073,0.0342710430670326,-0.5,-0.479336790765163,0.024578230933672,-0.520696832057524,0.0551891457189118,-0.385094739041637,0.0251926429795659,NA,NA,NA,NA,NA,NA,NA,NA
-0.5,-0.625,-0.63450006176401,0.0338199887705281,-0.670814972140361,0.0688046926708288,-0.515678567884824,0.0343153438821941,-0.5,-0.479100526225885,0.0225132475838015,-0.514254061205013,0.0722263442918161,-0.387407333723997,0.0234685414030703,NA,NA,NA,NA,NA,NA,NA,NA
-0.5,-0.625,-0.665416978412837,0.0355562179604119,-0.670733410048286,0.0722746060302963,-0.494985681879634,0.0358594349862074,-0.5,-0.474171783357042,0.0228415663574044,-0.453663889521967,0.0446595483845107,-0.362125169161482,0.0237699343546525,NA,NA,NA,NA,NA,NA,NA,NA
-0.5,-0.625,-0.655194812448009,0.0378887334842024,-0.736647985310877,0.0623410959471862,-0.556923819476277,0.0379699590597033,-0.5,-0.443331784446357,0.0211777516151919,-0.402064595923381,0.0347047677326639,-0.320255520494533,0.0221841312887937,NA,NA,NA,NA,NA,NA,NA,NA
-0.5,-0.625,-0.577645131153361,0.0325349230395893,-0.540627108079745,0.0548534343893771,-0.441578495233984,0.0325383207501435,-0.5,-0.554225858907072,0.0256145828877558,-0.542787387259521,0.0488428288375608,-0.425754936732457,0.0268680077148684,NA,NA,NA,NA,NA,NA,NA,NA
-0.5,-0.625,-0.673398793038046,0.0360655844438302,-0.55339402539454,0.0576209887317844,-0.506121366797029,0.0363888166639572,-0.5,-0.58809912463936,0.0286039181119772,-0.588989524497535,0.0458026055031293,-0.480049285790877,0.0295757324373158,NA,NA,NA,NA,NA,NA,NA,NA
-0.5,-0.625,-0.582125736540172,0.0300704219607608,-0.507913474067288,0.0534085387407682,-0.456710253447968,0.0306793249920278,-0.5,-0.454142557760061,0.0230192216243182,-0.461300258191125,0.0506086551786609,-0.383306996744384,0.0236069562240748,NA,NA,NA,NA,NA,NA,NA,NA
-0.5,-0.625,-0.656405845788825,0.0353048334997809,-0.706142003594097,0.0748303737112541,-0.524769984959152,0.0357393873987785,-0.5,-0.497745214248351,0.0223231268954387,-0.520547666932906,0.0491142478850911,-0.390312777397754,0.0235753940729018,NA,NA,NA,NA,NA,NA,NA,NA
-0.5,-0.625,-0.576786400327275,0.0324773740348236,-0.550727189153503,0.0528019231305897,-0.447255625925878,0.0325181640614275,-0.5,-0.494306251310225,0.0244168948208313,-0.493012760316652,0.040576654242441,-0.415318579882613,0.0251255143779755,NA,NA,NA,NA,NA,NA,NA,NA
-0.5,-0.625,-0.6660612640826,0.0356678764726098,-0.66840958334109,0.0617723092215509,-0.525186278467785,0.0361201975709375,-0.5,-0.425707287406475,0.0231086217950142,-0.501440514244779,0.0500746852345134,-0.349002890951731,0.0235303063408421,NA,NA,NA,NA,NA,NA,NA,NA
-0.5,-0.625,-0.589068208181644,0.0318069203104287,-0.53612747352868,0.0603522168575489,-0.480017529612427,0.0321852829733612,-0.5,-0.472904009796615,0.0214384467023392,-0.507220769470167,0.0679397605834542,-0.340470016307401,0.0227204680431354,NA,NA,NA,NA,NA,NA,NA,NA
-0.5,-0.625,-0.696472987303586,0.0396288020698073,-0.780269185019184,0.0785905928021564,-0.587274103551238,0.039839328142298,-0.5,-0.508426291243156,0.0259218774754936,-0.568806132123083,0.0748100295528913,-0.381728322044416,0.026577236523407,NA,NA,NA,NA,NA,NA,NA,NA
-0.5,-0.625,-0.642595435908244,0.035480143915096,-0.6100777749568,0.0716055545706816,-0.501621992219999,0.0356423622633453,-0.5,-0.532196357798736,0.0251506294601905,-0.526578274859865,0.0506501070427189,-0.419821128192791,0.0262045891003076,NA,NA,NA,NA,NA,NA,NA,NA
-0.5,-0.625,-0.623355906914118,0.0340415600567673,-0.643385745559383,0.0630032791851128,-0.487757731899997,0.0342884645440266,-0.5,-0.473899746732116,0.0224837121815978,-0.460965279292123,0.0501406242745807,-0.39802554293734,0.0233104520600389,NA,NA,NA,NA,NA,NA,NA,NA
-0.5,-0.625,-0.647303767747263,0.0349444854284174,-0.640922333227618,0.061332772981345,-0.51529097797581,0.0353308619358643,-0.5,-0.398638555718336,0.0211272245094529,-0.35110868240499,0.0368243679634909,-0.28779357435062,0.0217394597846761,NA,NA,NA,NA,NA,NA,NA,NA
-0.5,-0.625,-0.602533669957466,0.0325015044342074,-0.512999437396032,0.0512422408110235,-0.449042597706155,0.0327278246011626,-0.5,-0.51731064561097,0.0248819227742318,-0.612276384843498,0.0574736156519064,-0.425671446552152,0.0257632205835524,NA,NA,NA,NA,NA,NA,NA,NA
-0.5,-0.625,-0.60377628832803,0.0338908038347641,-0.561031234459315,0.0553183816942406,-0.455740440485608,0.0338464631719187,-0.5,-0.511671872943654,0.0270126421801262,-0.521757885123273,0.0471560145636676,-0.419340875965126,0.0274934230895898,NA,NA,NA,NA,NA,NA,NA,NA
-0.5,-0.625,-0.614143336232683,0.0298339504406522,-0.625204053508366,0.0518997423553204,-0.49799285447709,0.0308858457971032,-0.5,-0.405547458004026,0.021642496687884,-0.444284325028985,0.0426718561260776,-0.33558430174194,0.0221166880407229,NA,NA,NA,NA,NA,NA,NA,NA
-0.5,-0.625,-0.632659436420938,0.0340747365754049,-0.628449312486876,0.065553653173784,-0.499717300181293,0.0344478915545431,-0.5,-0.523689858046319,0.0247493761670707,-0.506260084616003,0.0425191146448292,-0.427442123881558,0.0257341859083944,NA,NA,NA,NA,NA,NA,NA,NA
-0.5,-0.625,-0.582063791161414,0.0301208337188485,-0.564985156017018,0.049302119145757,-0.476223724082594,0.0307353576599867,-0.5,-0.515555681105664,0.0248183748164215,-0.542122888998639,0.0481711890012256,-0.399553009034142,0.0257710349393764,NA,NA,NA,NA,NA,NA,NA,NA
-0.5,-0.625,-0.625503602827613,0.0318482007804727,-0.641023246858664,0.076622190563565,-0.493346987236981,0.03261348074661,-0.5,-0.538598345220793,0.0249208634678872,-0.514348279835258,0.0508153616205514,-0.4491547273838,0.0259832056656381,NA,NA,NA,NA,NA,NA,NA,NA
-0.5,-0.625,-0.689317884087037,0.0366854622975493,-0.577861804253909,0.0503669205450302,-0.561210587712087,0.0372996424727089,-0.5,-0.534573858217705,0.0247576101666938,-0.505314111994507,0.0452467277580541,-0.431906404447689,0.0258797536529302,NA,NA,NA,NA,NA,NA,NA,NA
-0.5,-0.625,-0.598796953259492,0.0332605039838928,-0.554178867699759,0.0498120936936288,-0.494121147757245,0.0334954884869832,-0.5,-0.436069591383029,0.0215993880233543,-0.417862527148664,0.0358461810169357,-0.343359780927676,0.0223647085288329,NA,NA,NA,NA,NA,NA,NA,NA
-0.5,-0.625,-0.59372516439395,0.0337398454349301,-0.578132277685355,0.0550536816047631,-0.474887390541534,0.0337781217631099,-0.5,-0.465814922653363,0.0231653675754948,-0.50084855654552,0.050893748421873,-0.359082436532334,0.0239407750118134,NA,NA,NA,NA,NA,NA,NA,NA
-0.5,-0.625,-0.65348521988025,0.0334001672098362,-0.718501007645161,0.0922799365628415,-0.483888637946727,0.0340822102904287,-0.5,-0.507663494473239,0.0224885397418778,-0.483544647071872,0.0403594002248431,-0.409208760274621,0.0237567093893942,NA,NA,NA,NA,NA,NA,NA,NA
-0.5,-0.625,-0.660440269076657,0.0369188746096617,-0.655299204936716,0.0634284694693631,-0.533168860224694,0.037093538821093,-0.5,-0.453939109550115,0.0231783888741186,-0.465485047077958,0.0399812888144327,-0.381376924678484,0.0237512949011578,NA,NA,NA,NA,NA,NA,NA,NA
-0.5,-0.625,-0.659281749592371,0.0343917020408556,-0.655617475399865,0.060846348331078,-0.55064241152992,0.0350969810211991,-0.5,-0.467628971800021,0.0212564213217086,-0.461179201773899,0.0382304392162413,-0.391894344955897,0.0222224162950549,NA,NA,NA,NA,NA,NA,NA,NA
-0.5,-0.625,-0.581701893990464,0.0319320726794478,-0.557347612152096,0.0508438569052712,-0.484416181283217,0.0322383400077079,-0.5,-0.54891441604962,0.0258155494343471,-0.530277145203586,0.0516744162089304,-0.445475884155643,0.0268857641559211,NA,NA,NA,NA,NA,NA,NA,NA
-0.5,-0.625,-0.58098387495472,0.0334671851683203,-0.560749331761859,0.0520010543237456,-0.459374692567268,0.0334051316924033,-0.5,-0.467784805653328,0.0228682626428469,-0.459091304829172,0.0372956705460967,-0.381750302635228,0.0236433327670538,NA,NA,NA,NA,NA,NA,NA,NA
-0.5,-0.625,-0.5744370419751,0.0312554728201496,-0.57485835617635,0.0615244128229722,-0.462531473478,0.031574110443937,-0.5,-0.499493883880326,0.0235917645765135,-0.582039898383141,0.0484771517458259,-0.425170205009944,0.0244366549587745,NA,NA,NA,NA,NA,NA,NA,NA
-0.5,-0.625,-0.731116411111734,0.0392334091020314,-0.691565572937401,0.0710023999256963,-0.607735394811251,0.0399381737141221,-0.5,-0.521771706195549,0.023701729020249,-0.606553542294695,0.0813612341729623,-0.416828240522137,0.0249105858502897,NA,NA,NA,NA,NA,NA,NA,NA
-0.5,-0.625,-0.592539236882326,0.0329732328689877,-0.59557181697748,0.0594053291482249,-0.444565994378295,0.0329917466211217,-0.5,-0.521254988623726,0.0273389447267708,-0.478114574680354,0.0440072577073131,-0.420271525562402,0.0278521940506459,NA,NA,NA,NA,NA,NA,NA,NA
-0.5,-0.625,-0.683777408520055,0.0356178073310956,-0.707405759819814,0.0793290055479899,-0.598775063088307,0.0363673046634271,-0.5,-0.473592107955047,0.0231454613577574,-0.426691124152675,0.0398062898584578,-0.385063170040583,0.0239322448567946,NA,NA,NA,NA,NA,NA,NA,NA
-0.5,-0.625,-0.675600660496336,0.0347574620317558,-0.672504838548183,0.0826039027901501,-0.5521349270636,0.0355938887243914,-0.5,-0.501829439171126,0.0257600135091184,-0.516260867234734,0.0484293490273493,-0.418753454657343,0.0263403638269004,NA,NA,NA,NA,NA,NA,NA,NA
-0.5,-0.625,-0.585466162343438,0.0300498171952224,-0.563327337668768,0.0478481761187702,-0.480043026911736,0.030713597920202,-0.5,-0.503392962960253,0.0222497016364439,-0.502113365964508,0.043828998460279,-0.404824672637336,0.0235226920759281,NA,NA,NA,NA,NA,NA,NA,NA
-0.5,-0.625,-0.68960714193397,0.0340587531455294,-0.691630048869262,0.0682163986174175,-0.521942632000146,0.0351921834508418,-0.5,-0.499205919161571,0.0257555480422482,-0.554050737432091,0.0588357888224074,-0.421340026063345,0.0263024189771905,NA,NA,NA,NA,NA,NA,NA,NA
-0.5,-0.625,-0.561365404742196,0.0295727117328281,-0.549963679795742,0.0479885223890567,-0.452579956995061,0.0300706301379413,-0.5,-0.553238650886308,0.0259605463174412,-0.573134700719238,0.0541842130047754,-0.464554614548097,0.026977628252618,NA,NA,NA,NA,NA,NA,NA,NA
-0.5,-0.625,-0.652004818781441,0.0358011142257433,-0.658328481532335,0.0636073753237998,-0.520044497785436,0.0360698865512507,-0.5,-0.518891348055779,0.0250894355405754,-0.485075714177193,0.0449965209444472,-0.408580495991844,0.0260091244607033,NA,NA,NA,NA,NA,NA,NA,NA
-0.5,-0.625,-0.707457154090915,0.0400211607561527,-0.611754094332812,0.0620165265884704,-0.558023866660294,0.0400608908391677,-0.5,-0.478720647635385,0.0231676204731466,-0.534869884351512,0.064811628801879,-0.382849597573726,0.0240229533182695,NA,NA,NA,NA,NA,NA,NA,NA
-0.5,-0.625,-0.701949734092173,0.04038518408795,-0.713014806340375,0.0659411216532325,-0.587146974638878,0.0405012796012013,-0.5,-0.523118640520501,0.0248691732181101,-0.518703573183835,0.0401241116990239,-0.415404935780147,0.0258691259285012,NA,NA,NA,NA,NA,NA,NA,NA
-0.5,-0.625,-0.60652693136156,0.0324170687573027,-0.626550545676494,0.0788114498151945,-0.492596231425012,0.0328635061401342,-0.5,-0.502997091110551,0.0238664791772306,-0.471602677230732,0.037451443748867,-0.420307015155509,0.0247484794651741,NA,NA,NA,NA,NA,NA,NA,NA
-0.5,-0.625,-0.615098676519426,0.0335289652085814,-0.550914483608272,0.051573976898111,-0.461081894646364,0.0336809863772026,-0.5,-0.526183910428758,0.0235120847796729,-0.510947693463839,0.0424079264523778,-0.412316544122246,0.0248533788704028,NA,NA,NA,NA,NA,NA,NA,NA
-0.5,-0.625,-0.629117950081195,0.0349796776357226,-0.628703593544577,0.0595248271400387,-0.496241514528809,0.0351165395825456,-0.5,-0.514744546563622,0.0222851251697359,-0.475886642651111,0.0461402547008152,-0.425062920491245,0.0235983199313994,NA,NA,NA,NA,NA,NA,NA,NA
-0.5,-0.625,-0.62509394765156,0.0347800130680369,-0.640154666971303,0.0725385437071461,-0.486590819363818,0.0348756025644137,-0.5,-0.511837907139555,0.0263107237736504,-0.407943768169961,0.0373809163646433,-0.375343218875125,0.0269093965179426,NA,NA,NA,NA,NA,NA,NA,NA
-0.5,-0.625,-0.58215679340789,0.0334835132524444,-0.609480020143209,0.0519909625106062,-0.493443908334263,0.0335779115217253,-0.5,-0.503724291856173,0.0253488986853133,-0.565096927618163,0.075425709468068,-0.388453517769259,0.0260717177901737,NA,NA,NA,NA,NA,NA,NA,NA
-0.5,-0.625,-0.695906822028051,0.0421241116266707,-0.671667198418473,0.0761266940118496,-0.538734058800715,0.0414372463657211,-0.5,-0.501309280743366,0.0241654827326774,-0.503476191180605,0.0392792872264146,-0.403208883755465,0.025052544513664,NA,NA,NA,NA,NA,NA,NA,NA
-0.5,-0.625,-0.636133348289578,0.0354275443928249,-0.579853812352005,0.0558902274206086,-0.508451981263992,0.0355889172359216,-0.5,-0.471213831224812,0.0225220606954187,-0.539917359018083,0.0679123489740229,-0.3862236400976,0.0233751228632023,NA,NA,NA,NA,NA,NA,NA,NA
-0.5,-0.625,-0.718252215641065,0.0438292563873337,-0.717119299144162,0.0727184249980463,-0.608147340567037,0.0435806962911436,-0.5,-0.524052059149719,0.0238315251515548,-0.526869349661921,0.040838010359227,-0.416652554174179,0.0250502574481035,NA,NA,NA,NA,NA,NA,NA,NA
-0.5,-0.625,-0.529672426125895,0.0266321725295835,-0.545019928897298,0.0430312465798263,-0.44258405327992,0.0273157298362432,-0.5,-0.585271565759521,0.0293370986741896,-0.662782312500972,0.0645555140098029,-0.502347661904312,0.0300762365504951,NA,NA,NA,NA,NA,NA,NA,NA
-0.5,-0.625,-0.574164647117576,0.032469211001111,-0.63978059495635,0.0618655937241523,-0.486713950512117,0.0326460986839539,-0.5,-0.471762194549274,0.0206893915724488,-0.452346978771006,0.0439619116296698,-0.348483094433467,0.0221007190680111,NA,NA,NA,NA,NA,NA,NA,NA
-0.5,-0.625,-0.666097609360437,0.0346864720988268,-0.662172601227487,0.0626728341399118,-0.54167260896457,0.0354050239282317,-0.5,-0.498656826112525,0.0262725493493705,-0.498421243560697,0.0557285973754949,-0.39058697675938,0.0267708296719494,NA,NA,NA,NA,NA,NA,NA,NA
-0.5,-0.625,-0.581372061269553,0.0313889431717208,-0.548585672923944,0.0543245874748615,-0.452079931085527,0.031704388552339,-0.5,-0.544155377901045,0.0247975569850837,-0.547328923703829,0.0488023479872667,-0.452124569478361,0.0259526595129488,NA,NA,NA,NA,NA,NA,NA,NA
-0.5,-0.625,-0.589409379670567,0.0334770561878842,-0.578214500506827,0.0564717937511024,-0.461549651440213,0.0334697847182858,-0.5,-0.472999928139776,0.0245626903422255,-0.464572364599691,0.0480574952758354,-0.380936484806529,0.025125302978667,NA,NA,NA,NA,NA,NA,NA,NA
-0.5,-0.625,-0.671388730478126,0.0369953576435546,-0.54840214005956,0.0559399846644023,-0.526464689876864,0.0372046674689,-0.5,-0.466221898297274,0.0228601443147439,-0.440919571490836,0.0338567028920651,-0.35348937792858,0.0237114941495503,NA,NA,NA,NA,NA,NA,NA,NA
-0.5,-0.625,-0.606741137363036,0.0332122164336134,-0.567539027109826,0.0495967407458211,-0.494840339830357,0.0335181424295417,-0.5,-0.497032627325085,0.0229445223147692,-0.411776918973196,0.0480358790137209,-0.354036165802271,0.0241638432801139,NA,NA,NA,NA,NA,NA,NA,NA
-0.5,-0.625,-0.56146953069078,0.029346355255194,-0.543388569983482,0.0490809119243601,-0.459727638010589,0.0298893611435501,-0.5,-0.493603870970649,0.0223350280710056,-0.483236266593593,0.0398559917086135,-0.403405601913623,0.023442527532183,NA,NA,NA,NA,NA,NA,NA,NA
-0.5,-0.625,-0.627513390714607,0.0322468827185581,-0.633396775658132,0.0521085863423546,-0.512643576631776,0.0329730024580312,-0.5,-0.511381634950051,0.0251181719422131,-0.5939918308872,0.0880919871376785,-0.406795894081956,0.0259437485128415,NA,NA,NA,NA,NA,NA,NA,NA
-0.5,-0.625,-0.656541658819041,0.0337232006528218,-0.679629905792054,0.0724831465671723,-0.534636956256356,0.0345169232213529,-0.5,-0.501383520421481,0.0229747709304485,-0.561182646203676,0.0656448100021471,-0.431551820657673,0.0238908826268477,NA,NA,NA,NA,NA,NA,NA,NA
-0.5,-0.625,-0.634383464911546,0.0334353505005988,-0.633724065619847,0.055590658750143,-0.502032908847908,0.0339711213678818,-0.5,-0.499704239449569,0.022910668084851,-0.501252856854246,0.0450166864775233,-0.391927132090971,0.0240635937119849,NA,NA,NA,NA,NA,NA,NA,NA
-0.5,-0.625,-0.58962598423259,0.0292021970077201,-0.560291693855292,0.0590324584706315,-0.489980665423781,0.0300576490349558,-0.5,-0.456648518112058,0.0227698413133346,-0.443406507681484,0.0436812502669059,-0.353263912076162,0.0235307366262811,NA,NA,NA,NA,NA,NA,NA,NA
-0.5,-0.625,-0.633429489714928,0.0389635797241336,-0.550787250067876,0.0574602176140671,-0.532372388125586,0.0386408253355108,-0.5,-0.48045207624395,0.023597591773629,-0.516739853086548,0.0470811499066394,-0.414127313161453,0.0242555437615792,NA,NA,NA,NA,NA,NA,NA,NA
-0.5,-0.625,-0.576067255886936,0.0296877967097079,-0.729056738926656,0.0935747397382077,-0.496656192499137,0.030282050789762,-0.5,-0.499990166220511,0.0245946548561136,-0.575440419925368,0.0644311349455056,-0.396396171943214,0.0254073270989402,NA,NA,NA,NA,NA,NA,NA,NA
-0.5,-0.625,-0.698847441901052,0.03791192820608,-0.648572883608746,0.0612111852667964,-0.567218090241094,0.0383912962603041,-0.5,-0.54472594830224,0.0257457690336309,-0.58272287295298,0.0649303242255539,-0.441299500892391,0.0267850162502242,NA,NA,NA,NA,NA,NA,NA,NA
-0.5,-0.625,-0.651313953898638,0.03461208007946,-0.614248547199048,0.0574532579172874,-0.494063884731253,0.0350111716097138,-0.5,-0.48276713623949,0.0251482637340689,-0.449539330219389,0.0458177487973546,-0.369485206397422,0.0257106942349246,NA,NA,NA,NA,NA,NA,NA,NA
-0.5,-0.625,-0.5416366795626,0.030350392012288,-0.534172342886063,0.0560728119452055,-0.440913250080576,0.0305404769395941,-0.5,-0.514605424916541,0.0234283614383737,-0.56910196990354,0.0487581623961921,-0.428660619890107,0.0245050933603993,NA,NA,NA,NA,NA,NA,NA,NA
-0.5,-0.625,-0.606661745889542,0.0322617164264023,-0.523467126446237,0.0494708594425366,-0.512901456721036,0.0327599906596274,-0.5,-0.465237695760533,0.0206987969535761,-0.441975851927232,0.0339000605974818,-0.371826970659851,0.0218714157833022,NA,NA,NA,NA,NA,NA,NA,NA
-0.5,-0.625,-0.636886776437804,0.035038781613864,-0.53976619956113,0.0569334150660114,-0.476083792019314,0.0350950653859128,-0.5,-0.494787784641914,0.023575249479905,-0.504127137279672,0.0496585172055741,-0.38272861799092,0.0245583592459362,NA,NA,NA,NA,NA,NA,NA,NA
-0.5,-0.625,-0.603182873161264,0.0334223019968613,-0.633296945598276,0.0581140501425809,-0.512366110987349,0.0337072575297192,-0.5,-0.527780708160805,0.0253327304447345,-0.531150515195696,0.045139561006039,-0.451598130693399,0.0261532016383758,NA,NA,NA,NA,NA,NA,NA,NA
-0.5,-0.625,-0.536641124804093,0.027660584097595,-0.611285346491007,0.0663447152128846,-0.437515389992629,0.0282583460778903,-0.5,-0.482690581774596,0.0249177786688228,-0.481780854491716,0.0417340705552698,-0.404278209659462,0.0254661449142752,NA,NA,NA,NA,NA,NA,NA,NA
-0.5,-0.625,-0.636281944256397,0.0348571153066587,-0.584609822710288,0.0515265847676578,-0.497780117811311,0.0350837118591162,-0.5,-0.440545960602536,0.0198652435405519,-0.460746038238509,0.0531510658607877,-0.322983001602986,0.0211088534909156,NA,NA,NA,NA,NA,NA,NA,NA
-0.5,-0.625,-0.584018408108011,0.0285628466423673,-0.583716198353954,0.0557081896387437,-0.468792737108882,0.0295087387691779,-0.5,-0.526505702201543,0.0259735494869083,-0.544376678853063,0.0429947807966256,-0.425744426201331,0.0267775554077199,NA,NA,NA,NA,NA,NA,NA,NA
-0.5,-0.625,-0.677826406377312,0.0373947067714932,-0.655037666937183,0.0603524426330046,-0.528780215329908,0.0375828646308136,-0.5,-0.485820480113394,0.024834572882502,-0.452964925558524,0.0517392354518067,-0.366963819273206,0.0254871912300006,NA,NA,NA,NA,NA,NA,NA,NA
-0.5,-0.625,-0.600504552729593,0.0328763574006108,-0.699078823363263,0.0843221696228232,-0.477330441448031,0.0331367394389843,-0.5,-0.51327670721153,0.0219941121033125,-0.448230040565619,0.0356202884156793,-0.430681283386667,0.0232835102835169,NA,NA,NA,NA,NA,NA,NA,NA
-0.5,-0.625,-0.666344409795917,0.036954418450175,-0.632993572153713,0.0633804735354225,-0.562252671533881,0.0372905098441641,-0.5,-0.54740031881566,0.0266728081091792,-0.589320503744481,0.0533013812624908,-0.458177341803515,0.0275155975688107,NA,NA,NA,NA,NA,NA,NA,NA
-0.5,-0.625,-0.553653050380695,0.0277387771167668,-0.52065497052204,0.0457854925231388,-0.450267030789492,0.0284936467467249,-0.5,-0.508898413119919,0.0260480688796656,-0.489923451121316,0.0436941204043149,-0.389270910917506,0.0266845461469204,NA,NA,NA,NA,NA,NA,NA,NA
-0.5,-0.625,-0.574337024404107,0.0310946065222613,-0.498139240670189,0.0533544394340306,-0.449596911140248,0.031405198664722,-0.5,-0.445716085156123,0.0213098676547429,-0.432866187157944,0.0375986810726464,-0.372560433962988,0.0220903812307765,NA,NA,NA,NA,NA,NA,NA,NA
-0.5,-0.625,-0.718384884506054,0.0417004710383786,-0.697433514206698,0.0731994471797209,-0.546977620254675,0.0413189001916823,-0.5,-0.533650160880884,0.0267146936797976,-0.537558876447393,0.050534727071395,-0.437372698263416,0.0274440683284915,NA,NA,NA,NA,NA,NA,NA,NA
-0.5,-0.625,-0.600125194464701,0.0326536934436191,-0.572392199449464,0.0603903396400582,-0.456668331974546,0.0328655850426014,-0.5,-0.559791560389972,0.0268881959590198,-0.508713470773896,0.0451072185459876,-0.468114353526161,0.0278227936473416,NA,NA,NA,NA,NA,NA,NA,NA
-0.5,-0.625,-0.581403382240404,0.0301360069432822,-0.5325135569129,0.0568362949595498,-0.434039764061519,0.0306670550434403,-0.5,-0.420643539747704,0.0227813293212342,-0.451036113727671,0.0437569975186405,-0.347212400543717,0.0232078963934998,NA,NA,NA,NA,NA,NA,NA,NA
-0.5,-0.625,-0.562881318015493,0.0278231095212372,-0.501334541815969,0.0494778192729863,-0.404055695521283,0.0286454089414289,-0.5,-0.482077582346235,0.0216263086189246,-0.49137654956443,0.0440209460844167,-0.369556210567263,0.0228877735357996,NA,NA,NA,NA,NA,NA,NA,NA
-0.5,-0.625,-0.669628509931043,0.0342183801678642,-0.728173936361908,0.0646398386398697,-0.569263485186011,0.035075478093067,-0.5,-0.461848615908057,0.0218018888386333,-0.519189631270732,0.0685584408458769,-0.376404235684948,0.0227008619731938,NA,NA,NA,NA,NA,NA,NA,NA
-0.5,-0.625,-0.586578903401938,0.0317155424198054,-0.569595994936956,0.050484087562825,-0.429114493512029,0.0318940475695144,-0.5,-0.577723667209416,0.0275561317409422,-0.633285061524521,0.0660988908168996,-0.470267682876756,0.0286153197223075,NA,NA,NA,NA,NA,NA,NA,NA
-0.5,-0.625,-0.657641447854328,0.0339218266942713,-0.642797451389612,0.0538367674611639,-0.524354432602137,0.0346697012685248,-0.5,-0.466383212895203,0.0237684532255262,-0.440302088819981,0.0361064933775172,-0.385413207070188,0.0243748594445247,NA,NA,NA,NA,NA,NA,NA,NA
-0.5,-0.625,-0.596528074722712,0.0316309032621532,-0.588475409647997,0.0563780197220869,-0.482720751876936,0.0321140016810596,-0.5,-0.470284029352109,0.0221526885252257,-0.460945900037197,0.0460897382199349,-0.372836428942582,0.0231236520996394,NA,NA,NA,NA,NA,NA,NA,NA
-0.5,-0.625,-0.588691010925368,0.02930127479155,-0.584225447180681,0.0483322834608474,-0.478846222816437,0.0301461723875655,-0.5,-0.486931563939763,0.024667380847162,-0.521185619645948,0.0414972292271915,-0.407068839722549,0.0252872059332731,NA,NA,NA,NA,NA,NA,NA,NA
-0.5,-0.625,-0.653161494362548,0.0323144478419253,-0.676585896251245,0.0663502844670254,-0.510524617771941,0.0333534453442649,-0.5,-0.466528624240626,0.0217132157635129,-0.457232627658765,0.0351051781152595,-0.390829319543724,0.0226001832801462,NA,NA,NA,NA,NA,NA,NA,NA
-0.5,-0.625,-0.608465059148379,0.0308372134492629,-0.647414502119497,0.0632035746801188,-0.506999597749997,0.0316036506499526,-0.5,-0.506057069743364,0.0229132641179631,-0.510530321146084,0.0448933593316915,-0.407311803187743,0.0240838887822316,NA,NA,NA,NA,NA,NA,NA,NA
-0.5,-0.625,-0.541755871788589,0.0296956025039,-0.540702582057988,0.0505931541828433,-0.426715240910004,0.0299625801563857,-0.5,-0.483568133969532,0.022373077190979,-0.497044645277512,0.0396026962688923,-0.430573607102202,0.0230940665859709,NA,NA,NA,NA,NA,NA,NA,NA
-0.5,-0.625,-0.711152384409579,0.0392115955535333,-0.711158145474131,0.0665778641315245,-0.569906089336724,0.0395456509806659,-0.5,-0.504229538857608,0.0217814328064164,-0.445378206570736,0.0352467501860401,-0.396008036123713,0.0232230864007204,NA,NA,NA,NA,NA,NA,NA,NA
-0.5,-0.625,-0.705153491634031,0.040265658717803,-0.677991337251495,0.0611974931814627,-0.583551452348306,0.0404076974412677,-0.5,-0.441353228738462,0.0206364706117289,-0.412890969623352,0.0341618396138075,-0.352583737120756,0.0215872143652249,NA,NA,NA,NA,NA,NA,NA,NA
-0.5,-0.625,-0.650477251577015,0.0342467386379408,-0.656804815327419,0.0753777561068082,-0.492201683380729,0.0347180393419775,-0.5,-0.454373340980187,0.0218306362713439,-0.42131809509699,0.0350171760339979,-0.333480520064558,0.0227991623305913,NA,NA,NA,NA,NA,NA,NA,NA
-0.5,-0.625,-0.716246709731753,0.0369337017215579,-0.706765766180723,0.0682984168269244,-0.563397519959579,0.0378330184610258,-0.5,-0.490036300820291,0.0224281299750691,-0.477970689180281,0.0414159287379187,-0.395529371052194,0.0235124339047414,NA,NA,NA,NA,NA,NA,NA,NA
-0.5,-0.625,-0.579044619370703,0.0309698164784447,-0.519879020788487,0.0466861412977001,-0.41912394821611,0.0312161174721748,-0.5,-0.567754571795868,0.0277135697602769,-0.550836204465982,0.0539070717611341,-0.457380479414413,0.0286360660406563,NA,NA,NA,NA,NA,NA,NA,NA
-0.5,-0.625,-0.677029808589076,0.0379814437222634,-0.704133777839392,0.066595485333813,-0.583236389601259,0.0382943274655998,-0.5,-0.544898390648892,0.0274800085811721,-0.482680138673445,0.0446074361405514,-0.422254357202483,0.028204230386156,NA,NA,NA,NA,NA,NA,NA,NA
-0.5,-0.625,-0.614129259256734,0.031338793016151,-0.633965571007723,0.07369370845481,-0.472217060692187,0.0320440423176817,-0.5,-0.52809535789218,0.0251399629396237,-0.542088155881976,0.0435310619292333,-0.430213940076087,0.0261028863117339,NA,NA,NA,NA,NA,NA,NA,NA
-0.5,-0.625,-0.584166942440811,0.0279077466389644,-0.54129868706276,0.0514883668586736,-0.476510237367058,0.0289713224779058,-0.5,-0.524191249620714,0.0226444526377317,-0.533597229530439,0.0446879440853574,-0.420181775569686,0.02409322256541,NA,NA,NA,NA,NA,NA,NA,NA
-0.5,-0.625,-0.711677446742447,0.0371447434561333,-0.776289740135543,0.0741965609246986,-0.548126001356438,0.0378637334266835,-0.5,-0.476496223037172,0.0232569785319356,-0.449521040921506,0.036047760875035,-0.380383153488375,0.0240782256648937,NA,NA,NA,NA,NA,NA,NA,NA
-0.5,-0.625,-0.589221326518875,0.0339116220401445,-0.593364828598256,0.05196833121583,-0.481123719595559,0.0339256198136061,-0.5,-0.48519845957033,0.0234319170372641,-0.478061633531468,0.0427747820675441,-0.411442077225742,0.0241896307518432,NA,NA,NA,NA,NA,NA,NA,NA
-0.5,-0.625,-0.780100561816686,0.042694745263832,-0.990426054357386,0.14748901870158,-0.624189422392219,0.0432979480062298,-0.5,-0.528268554075544,0.0238447112140854,-0.519171024602749,0.0419553955055399,-0.432428789917179,0.0250417504232992,NA,NA,NA,NA,NA,NA,NA,NA
-0.5,-0.625,-0.601035809626774,0.0341475120325782,-0.546439002373783,0.049949603951568,-0.459158106629366,0.0340533372851215,-0.5,-0.506560596184903,0.022087618149788,-0.416858023635814,0.0390604145660934,-0.377780816941394,0.0235937113492438,NA,NA,NA,NA,NA,NA,NA,NA
-0.5,-0.625,-0.643409025475968,0.0333187077623219,-0.562376593579268,0.0563820544822816,-0.515380357859416,0.0340120580115872,-0.5,-0.472014458065754,0.0225705424268741,-0.529620174531382,0.0497066275334356,-0.40890424652391,0.0232842736981876,NA,NA,NA,NA,NA,NA,NA,NA
-0.5,-0.625,-0.642914599571654,0.0342745889238691,-0.628354273219079,0.0605575893851397,-0.54982183550619,0.034816199742015,-0.5,-0.441880304274989,0.0185701266572668,-0.437647255670764,0.0406569151978295,-0.356998466854776,0.0198630177577944,NA,NA,NA,NA,NA,NA,NA,NA
-0.5,-0.625,-0.542395098956718,0.029506292579641,-0.584872106686899,0.0504262589728014,-0.453740588880094,0.0298540233383769,-0.5,-0.495796691005093,0.0251440282104861,-0.479893136726053,0.0423596718240901,-0.404925000781883,0.0257924330928107,NA,NA,NA,NA,NA,NA,NA,NA
-0.5,-0.625,-0.617293771197003,0.033692333141298,-0.573580932719527,0.0665953871769329,-0.47789960900689,0.0339173000481412,-0.5,-0.483034696918901,0.0223198620679366,-0.441830958154486,0.0431948910633448,-0.369206122418683,0.0234492095316473,NA,NA,NA,NA,NA,NA,NA,NA
-0.5,-0.625,-0.565165567983624,0.0304792472247868,-0.547036484022983,0.0461335661908296,-0.463351741329457,0.0308622351847493,-0.5,-0.545501937618038,0.0266754770174281,-0.467633029932071,0.0507153795001289,-0.419484357131259,0.0275792571579596,NA,NA,NA,NA,NA,NA,NA,NA
-0.5,-0.625,-0.61022119999951,0.0352631212086123,-0.622357343676929,0.0815174495199569,-0.454324269321193,0.0349341357848432,-0.5,-0.477000685369062,0.023725175078152,-0.473789070384825,0.0437401394634706,-0.388845895625586,0.0244433183811687,NA,NA,NA,NA,NA,NA,NA,NA
-0.5,-0.625,-0.551445765707192,0.031266597456628,-0.531477113091146,0.0535592177445113,-0.450336774580832,0.0313932485099914,-0.5,-0.479932715373919,0.0244408687915535,-0.490099004846834,0.0585862300321599,-0.352918133138958,0.0251178252922959,NA,NA,NA,NA,NA,NA,NA,NA
-0.5,-0.625,-0.635432885628303,0.0327940391593567,-0.700456892154828,0.0699453555040906,-0.520528095484507,0.0335095418931908,-0.5,-0.438588582241427,0.0217924904265513,-0.440107269168,0.0415169865309814,-0.353711977300397,0.0225135725540896,NA,NA,NA,NA,NA,NA,NA,NA
-0.5,-0.625,-0.645401439568426,0.0331933160655879,-0.688948708338566,0.0584701070283411,-0.545215542819845,0.0339497516031958,-0.5,-0.468291622863455,0.0233770576570267,-0.474550043372819,0.0482464669762613,-0.371392011259528,0.0241105786291884,NA,NA,NA,NA,NA,NA,NA,NA
-0.5,-0.625,-0.609314182294477,0.0288509127591136,-0.659840421839701,0.0583936085208613,-0.529658011617856,0.0298757731514936,-0.5,-0.493794650459705,0.0245993360206888,-0.513105575288598,0.0447252801781206,-0.420754437568694,0.0252504085580021,NA,NA,NA,NA,NA,NA,NA,NA
-0.5,-0.625,-0.689348426511295,0.0399342407655661,-0.626631959196672,0.059140474598644,-0.545704199429457,0.0397664596376737,-0.5,-0.541144026928045,0.0248508092823899,-0.49865516767268,0.049955935000588,-0.452219550801879,0.0259468817219508,NA,NA,NA,NA,NA,NA,NA,NA
-0.5,-0.625,-0.624975085696201,0.0338985869284972,-0.725619042153047,0.0936497045501552,-0.503010304094112,0.0342522422776881,-0.5,-0.440242624222438,0.0214974633835842,-0.431434406797918,0.0518877495408415,-0.360144695863026,0.0222529098856657,NA,NA,NA,NA,NA,NA,NA,NA
-0.5,-0.625,-0.652115240345156,0.0341825259845506,-0.636737866885593,0.0640709168355407,-0.512184361230795,0.0347733594052513,-0.5,-0.53251086426392,0.0274056217097994,-0.493117992434003,0.0476818693749368,-0.417229518008705,0.0280142564083215,NA,NA,NA,NA,NA,NA,NA,NA
-0.5,-0.625,-0.619314054925387,0.0320757328441628,-0.689753476123893,0.118073202496141,-0.475099397309158,0.0326737234719701,-0.5,-0.502171436183214,0.0231726973614825,-0.46181397092293,0.0439328493423702,-0.394486223151941,0.0242971323730068,NA,NA,NA,NA,NA,NA,NA,NA
-0.5,-0.625,-0.719482504614349,0.0396519617343778,-0.693522160032063,0.0642148190776195,-0.568879176917657,0.0399608378514123,-0.5,-0.543589428949465,0.0261066274012547,-0.550108247401625,0.0469722184661543,-0.461683507842101,0.0269733606768706,NA,NA,NA,NA,NA,NA,NA,NA
-0.5,-0.625,-0.610845712075851,0.0308745401576243,-0.641446202968389,0.060744000283086,-0.485558266531179,0.0316680289671926,-0.5,-0.487914051826373,0.0269400729290443,-0.493039660868215,0.0459676927335898,-0.421919663708655,0.0272363926470791,NA,NA,NA,NA,NA,NA,NA,NA
-0.5,-0.625,-0.596094187227529,0.0328255814989065,-0.569182385357695,0.0514693441410074,-0.457251035666202,0.0329724995322971,-0.5,-0.499481342651059,0.0229758237169728,-0.483891774910013,0.0417697641423764,-0.393920553624876,0.0241032268272643,NA,NA,NA,NA,NA,NA,NA,NA
-0.5,-0.625,-0.665544682623378,0.0385257988179941,-0.708368613590997,0.0657768760121763,-0.555715404156608,0.038557342626229,-0.5,-0.499667879747946,0.0221987495974629,-0.515998192228617,0.0448033451392924,-0.409881167032572,0.0233842791316505,NA,NA,NA,NA,NA,NA,NA,NA
-0.5,-0.625,-0.575810935669378,0.0330223756084695,-0.542022674576545,0.047691519790336,-0.445395034884974,0.0329389799503512,-0.5,-0.496580417983487,0.0236127510530621,-0.501715937499943,0.0505008963361048,-0.42239942365167,0.024431378570314,NA,NA,NA,NA,NA,NA,NA,NA
-0.5,-0.625,-0.656936354554958,0.0377000817896214,-0.621799440212442,0.0683333142265658,-0.494258998914073,0.0373967191521438,-0.5,-0.518190601183715,0.024795147954191,-0.497970896550698,0.0449841052811113,-0.430007044268926,0.0256835793159706,NA,NA,NA,NA,NA,NA,NA,NA
-0.5,-0.625,-0.622395872419879,0.0317204074751408,-0.731221310553257,0.0723006767472963,-0.526154742613373,0.0324741135400557,-0.5,-0.508329737521969,0.0246367011358546,-0.502974994230028,0.0424444528194909,-0.41009205152283,0.0255039117131051,NA,NA,NA,NA,NA,NA,NA,NA
-0.5,-0.625,-0.676796557899695,0.0354260880157024,-0.683197986722152,0.0813096426157934,-0.577058916508975,0.0361537533671983,-0.5,-0.475725658732693,0.0222658009970215,-0.434124548494926,0.0400357764978429,-0.369487354103335,0.0233037901974471,NA,NA,NA,NA,NA,NA,NA,NA
-0.5,-0.625,-0.671717516128157,0.0351084114952579,-0.68394403919751,0.0693419642646753,-0.571914160856977,0.0358318496974968,-0.5,-0.480107312792914,0.0229577558834552,-0.460822043839693,0.0414487633896188,-0.376935435372207,0.0238912224306663,NA,NA,NA,NA,NA,NA,NA,NA
-0.5,-0.625,-0.659121056555123,0.0344444406544724,-0.588127475145771,0.0510676460951176,-0.50246579927509,0.0350090299675053,-0.5,-0.497450446536905,0.022955283508932,-0.491222694071169,0.0479784495313028,-0.394662027708876,0.0240535714472587,NA,NA,NA,NA,NA,NA,NA,NA
-0.5,-0.625,-0.661265124693997,0.0395459114536275,-0.642713432013805,0.0623941637924413,-0.53813411859981,0.0392518656067717,-0.5,-0.495879336654941,0.0229122732045023,-0.496303609564265,0.0358726691489021,-0.410965099321069,0.0239047320055528,NA,NA,NA,NA,NA,NA,NA,NA
-0.5,-0.625,-0.554768511203984,0.030450258236926,-0.557007949750354,0.0475789250276936,-0.45913265841318,0.0307506998672232,-0.5,-0.528889509856846,0.0259190379570164,-0.493008367887368,0.050839506197836,-0.420745869609967,0.0267735972887793,NA,NA,NA,NA,NA,NA,NA,NA
-0.5,-0.625,-0.617767887689543,0.0341012968804846,-0.690952968294518,0.0659026081147306,-0.548178232115792,0.0344310492735334,-0.5,-0.560932239363197,0.0284008308146641,-0.587114903314218,0.0646913525520061,-0.436106159862028,0.029112866722589,NA,NA,NA,NA,NA,NA,NA,NA
-0.5,-0.625,-0.633579579044893,0.0361021802428051,-0.676226758030022,0.0623692354889278,-0.53528660273487,0.0362440492913851,-0.5,-0.552528688004876,0.0254074758563042,-0.516806335979401,0.0437983936831659,-0.418374153309113,0.0267006284750989,NA,NA,NA,NA,NA,NA,NA,NA
-0.5,-0.625,-0.558715531282497,0.0298094026736434,-0.558214684591498,0.0473802345732185,-0.436788947666879,0.0302121624847672,-0.5,-0.474860304466383,0.0235854428446946,-0.463394710212491,0.0376497492380925,-0.362079609770584,0.0243747783647935,NA,NA,NA,NA,NA,NA,NA,NA
-0.5,-0.625,-0.574068279039464,0.0331641079736395,-0.699874156457482,0.0881412091353013,-0.491312666874587,0.0332552300710085,-0.5,-0.514914356625908,0.0257545067574251,-0.512926238089181,0.0533292392208222,-0.380597465477187,0.0265127490822036,NA,NA,NA,NA,NA,NA,NA,NA
-0.5,-0.625,-0.694564875776353,0.0393009941919814,-0.664540089449735,0.0633383173199368,-0.570973601659615,0.0394760376422106,-0.5,-0.528812344030609,0.024048525564645,-0.56106228084703,0.050173020301495,-0.463993208751556,0.0249745323252067,NA,NA,NA,NA,NA,NA,NA,NA
-0.5,-0.625,-0.695943080988458,0.0370680914438158,-0.652740619613835,0.055020297737799,-0.562510019175929,0.0376795663659569,-0.5,-0.510081774634564,0.0238527823013969,-0.529571987771006,0.0479598146251548,-0.416189699479462,0.0248599133484894,NA,NA,NA,NA,NA,NA,NA,NA
-0.5,-0.625,-0.609166064797492,0.0318858429353156,-0.563265072172369,0.0550790469242659,-0.489820375080199,0.0324562303536145,-0.5,-0.504255612573951,0.0252321008775443,-0.541238051884336,0.0463826492532867,-0.432938335418483,0.0258626977894711,NA,NA,NA,NA,NA,NA,NA,NA
-0.5,-0.625,-0.613651391604965,0.0357385830085945,-0.585100284246621,0.0554966177439301,-0.453273581422959,0.0353071710389156,-0.5,-0.579406522398479,0.0278159579148115,-0.611289848587099,0.0541255673002671,-0.494804887441143,0.0287497126341241,NA,NA,NA,NA,NA,NA,NA,NA
-0.5,-0.625,-0.572971745794391,0.0283070301954777,-0.53482041137406,0.0505168749795914,-0.437303736975002,0.029179303287738,-0.5,-0.452346523910829,0.0220194222732748,-0.435109117536365,0.0390606139249601,-0.350871301075931,0.0228748132238624,NA,NA,NA,NA,NA,NA,NA,NA
-0.5,-0.625,-0.659307638260052,0.0357976528869536,-0.55826483829,0.0571797317922273,-0.516645159644506,0.0361141853700612,-0.5,-0.56145069400674,0.0274480687169164,-0.59728957617345,0.0574045249120558,-0.439501917348051,0.0283688340412746,NA,NA,NA,NA,NA,NA,NA,NA
-0.5,-0.625,-0.64680138803596,0.0354457175708433,-0.64464590768191,0.0612439627117952,-0.516305794166601,0.0357267071219562,-0.5,-0.490437846198935,0.023959482286659,-0.418770191887919,0.0387953238079733,-0.368122199236979,0.024840428459208,NA,NA,NA,NA,NA,NA,NA,NA
-0.5,-0.625,-0.636156572657432,0.0351600079766579,-0.609503341838781,0.0563987469367627,-0.517283310572046,0.0354149551923465,-0.5,-0.495380927340651,0.0214989164615568,-0.465195685495684,0.0558155382692441,-0.377473304191813,0.022961263237101,NA,NA,NA,NA,NA,NA,NA,NA
-0.5,-0.625,-0.627512713655663,0.0325314329099982,-0.592374026481323,0.0543657457935552,-0.481526665083476,0.0331317145938457,-0.5,-0.53505494572332,0.0263041358647562,-0.571417816467592,0.0531219893891916,-0.445228820334549,0.0270976329453711,NA,NA,NA,NA,NA,NA,NA,NA
-0.5,-0.625,-0.669346901446036,0.0378518332641435,-0.550694512848504,0.0559749081649287,-0.500790452762173,0.0376487590875168,-0.5,-0.486145960131234,0.0236253665731837,-0.502412554495537,0.0559279450329031,-0.399906552596784,0.0244254783729222,NA,NA,NA,NA,NA,NA,NA,NA
-0.5,-0.625,-0.657359998266885,0.0361959384177578,-0.584552905519318,0.0598496797922676,-0.484601892467127,0.0361861895514403,-0.5,-0.490544044358382,0.0230580151137228,-0.498878040041544,0.0428696649698767,-0.386557691232665,0.0240740531797836,NA,NA,NA,NA,NA,NA,NA,NA
-0.5,-0.625,-0.584400319115452,0.0305153485416787,-0.524616545218659,0.0499292680766613,-0.440858203466659,0.0310095558342969,-0.5,-0.523354488142611,0.0257869607935048,-0.494667366571489,0.0470111405422896,-0.413353903156217,0.02661422684835,NA,NA,NA,NA,NA,NA,NA,NA
-0.5,-0.625,-0.676335760315499,0.0403124786477591,-0.789011698891801,0.114818641392739,-0.542154675425558,0.0399671430818492,-0.5,-0.492449210828843,0.0227582945484868,-0.407630830750082,0.0398449933398145,-0.355679955027953,0.0239578948790905,NA,NA,NA,NA,NA,NA,NA,NA
-0.5,-0.625,-0.570630614570025,0.0304937864642559,-0.532083741305948,0.0506707482919925,-0.45941125882549,0.0309144212716201,-0.5,-0.512572443560884,0.0238345257888021,-0.579545064221247,0.0571978393023982,-0.433179951262661,0.024781203255091,NA,NA,NA,NA,NA,NA,NA,NA
-0.5,-0.625,-0.576840413266984,0.0332276615680895,-0.559773622397656,0.0474137939112327,-0.452451722637053,0.0331509368555207,-0.5,-0.519956431249856,0.0250823827980854,-0.510636799971031,0.0403778191798668,-0.445772219333778,0.0258658399451892,NA,NA,NA,NA,NA,NA,NA,NA
-0.5,-0.625,-0.667429495261503,0.0359581007289648,-0.674343427734236,0.0646186188987595,-0.522734327850926,0.0363461929661212,-0.5,-0.476705670385105,0.0233759491434003,-0.483548409265993,0.0469046886925393,-0.373933078253129,0.0241989554478454,NA,NA,NA,NA,NA,NA,NA,NA
-0.5,-0.625,-0.660672748537432,0.0372483542946194,-0.619280759663936,0.0610086580788982,-0.511448044947563,0.0372155089916258,-0.5,-0.44439343566771,0.0209868429163359,-0.421159680168316,0.0364979109136066,-0.368183256663164,0.0218257478701432,NA,NA,NA,NA,NA,NA,NA,NA
-0.5,-0.625,-0.59469785215667,0.0343948495073819,-0.542932818473298,0.0558403718958805,-0.458032728636098,0.0342083430896449,-0.5,-0.511728607677692,0.0242279169376984,-0.486813622197459,0.0399605253058638,-0.410891548613098,0.025212806375721,NA,NA,NA,NA,NA,NA,NA,NA
-0.5,-0.625,-0.673851372510987,0.0379428163789804,-0.694871470523666,0.09686409563875,-0.565374492555021,0.0381797201348351,-0.5,-0.515633105514372,0.0252648784110197,-0.54615477373847,0.0591852715032294,-0.437694163868205,0.0260077960056189,NA,NA,NA,NA,NA,NA,NA,NA
-0.5,-0.625,-0.618691000884171,0.0322451964276575,-0.609099047753616,0.0589432237349392,-0.47891269771077,0.032809985840084,-0.5,-0.51598633149447,0.0229981599429155,-0.483497150508626,0.0572330397408564,-0.390053357571002,0.0243881307175857,NA,NA,NA,NA,NA,NA,NA,NA
-0.5,-0.625,-0.645023389051698,0.0326375498216885,-0.60603463018468,0.0546713188080128,-0.521157493207453,0.0335038124012003,-0.5,-0.554681047933639,0.0265609443365246,-0.637907929445261,0.0560519569380077,-0.446827965235405,0.027561863962515,NA,NA,NA,NA,NA,NA,NA,NA
-0.5,-0.625,-0.673061459458763,0.0344530689107196,-0.638535713009499,0.057303652404568,-0.505941697152987,0.0351933905974625,-0.5,-0.478879840781489,0.0220859475408693,-0.483264821104965,0.0388818809772537,-0.388522067188942,0.0231073259005046,NA,NA,NA,NA,NA,NA,NA,NA
-0.5,-0.625,-0.688352682479255,0.0353953403252838,-0.725381650076449,0.0640756015786952,-0.559534998122748,0.0362709905827512,-0.5,-0.510512127577434,0.0238151458551173,-0.483701802197449,0.0397995491135442,-0.406731320650819,0.02487953903193,NA,NA,NA,NA,NA,NA,NA,NA
-0.5,-0.625,-0.645263042052282,0.0380709532373683,-0.619823729452452,0.061621939870737,-0.517396514473029,0.0378231844143025,-0.5,-0.501048124930887,0.024454689449994,-0.51784831138808,0.0496503295298659,-0.403331805871349,0.0252858960674947,NA,NA,NA,NA,NA,NA,NA,NA
-0.5,-0.625,-0.6628632479909,0.0355029207827072,-0.660101505044176,0.0669224575514445,-0.519441525141206,0.0359341661294364,-0.5,-0.515760994446372,0.0243054090832357,-0.496769446750557,0.0399620670918981,-0.419786676232809,0.0252939927755887,NA,NA,NA,NA,NA,NA,NA,NA
-0.5,-0.625,-0.716787965323216,0.0399823175715023,-0.709770099045234,0.0615030570329571,-0.569921549451509,0.0401964128232247,-0.5,-0.553957707773694,0.0269805715749045,-0.54226706935674,0.0468429067126007,-0.468313225216974,0.0278178932766729,NA,NA,NA,NA,NA,NA,NA,NA
-0.5,-0.625,-0.739681407253602,0.0415069364159544,-0.691751524460762,0.0645126917513845,-0.581163390746602,0.0416580237977334,-0.5,-0.459932310551652,0.0234304749462001,-0.45379661213543,0.0457501614063548,-0.35974447329273,0.02409390314944,NA,NA,NA,NA,NA,NA,NA,NA
-0.5,-0.625,-0.602658299452236,0.0313484677007694,-0.618685826750719,0.0764914732548718,-0.481970703817805,0.0319468835771518,-0.5,-0.554566045705481,0.0280708521579664,-0.499188521436489,0.0514032029907425,-0.424109940999179,0.028774673579381,NA,NA,NA,NA,NA,NA,NA,NA
-0.5,-0.625,-0.680122909374818,0.0391379275508582,-0.705938297073898,0.0724491526961744,-0.547409928835412,0.0390921290850979,-0.5,-0.459534880804647,0.0247595712063929,-0.389868546632379,0.0360239727605521,-0.345778935368471,0.0251927690073332,NA,NA,NA,NA,NA,NA,NA,NA
-0.5,-0.625,-0.680737752518707,0.0354689858628471,-0.632373547452558,0.0625166247862826,-0.552262763346117,0.0362187640477151,-0.5,-0.480965670234611,0.0222719939562072,-0.52605879098498,0.0761199645003081,-0.382076201665064,0.0233248730704604,NA,NA,NA,NA,NA,NA,NA,NA
-0.5,-0.625,-0.65363228608379,0.0345485801216499,-0.760950909539126,0.0950949107425992,-0.525537087787088,0.0351179120802074,-0.5,-0.463292183286206,0.0227506943544965,-0.422522049070778,0.0349271537579519,-0.349765583474879,0.023598273294612,NA,NA,NA,NA,NA,NA,NA,NA
-0.5,-0.625,-0.639435484860731,0.0332929513677733,-0.61738095055723,0.0538889161437463,-0.511893555562253,0.033939552944121,-0.5,-0.538777666387564,0.0268811978300814,-0.592861116284827,0.056859885329178,-0.412332244733815,0.0276629842650919,NA,NA,NA,NA,NA,NA,NA,NA
-0.5,-0.625,-0.60797698922415,0.033278051665896,-0.572066005951408,0.0594191575543954,-0.465592607912352,0.0334577886379469,-0.5,-0.489726278623534,0.0242228339223265,-0.498449403352668,0.0508915022429017,-0.412596693312096,0.0249171065976109,NA,NA,NA,NA,NA,NA,NA,NA
-0.5,-0.625,-0.575276764161183,0.03025956180621,-0.546771151093346,0.0614836115611102,-0.436095936849439,0.0307109713156285,-0.5,-0.534136641416232,0.0244869620311396,-0.538568491030717,0.0567420708708785,-0.424086587551253,0.0256918750887414,NA,NA,NA,NA,NA,NA,NA,NA
-0.5,-0.625,-0.563402366690377,0.0296788817449284,-0.57623560036979,0.0580730816096466,-0.466137395012008,0.0301835419881054,-0.5,-0.50469968171521,0.0241201202426203,-0.564786114931763,0.0530371299448682,-0.428323888944351,0.0249396067563237,NA,NA,NA,NA,NA,NA,NA,NA
-0.5,-0.625,-0.534638578161141,0.0294469306191935,-0.534496838330654,0.0600494022106297,-0.415314963299491,0.0296779816373038,-0.5,-0.553133427010664,0.0283814163209245,-0.504412153849992,0.0507351131078533,-0.407115099431755,0.028969516189197,NA,NA,NA,NA,NA,NA,NA,NA
-0.5,-0.625,-0.591490565752586,0.034782001228223,-0.589049596513014,0.0546818379736465,-0.489929203218951,0.0347077860340203,-0.5,-0.52490462929739,0.0258977408244663,-0.509362431686893,0.0424787311097469,-0.430667971675749,0.0266822564887692,NA,NA,NA,NA,NA,NA,NA,NA
-0.5,-0.625,-0.519787733237572,0.0329899504067822,-0.451080021115716,0.0548221297229858,-0.392482497799269,0.0323909525963188,-0.5,-0.475767835330988,0.0236296077867273,-0.463219809651057,0.0383796518659176,-0.365665879116245,0.0244138644117863,NA,NA,NA,NA,NA,NA,NA,NA
-0.5,-0.625,-0.717045741703092,0.0375287192350084,-0.788047857379008,0.0819059325087619,-0.593164671914908,0.0383776011046287,-0.5,-0.407778608315464,0.0216797717018992,-0.353931977833451,0.036135624340346,-0.295412291493428,0.0222629385905507,NA,NA,NA,NA,NA,NA,NA,NA
-0.5,-0.625,-0.687998447236054,0.0382312024917831,-0.614957610179857,0.0607247401180214,-0.532768278403241,0.0383379130471109,-0.5,-0.521990010530653,0.0260374231469829,-0.53119688682148,0.0600428600241773,-0.438925623476021,0.0267363607581773,NA,NA,NA,NA,NA,NA,NA,NA
-0.5,-0.625,-0.686232509642177,0.039005362769787,-0.626017016519283,0.068630874073834,-0.524268346122385,0.0388452417235685,-0.5,-0.446129489183887,0.0225962387023361,-0.443513241171189,0.0476672389198373,-0.355849723777417,0.0232656018845778,NA,NA,NA,NA,NA,NA,NA,NA
-0.5,-0.625,-0.557477659124115,0.0267943679811128,-0.522073639425726,0.0524012345300145,-0.421743617632017,0.0278217102006301,-0.5,-0.49470103435772,0.0228538472271299,-0.496111406035852,0.0411583686726689,-0.423536285197637,0.0237479926959116,NA,NA,NA,NA,NA,NA,NA,NA
-0.5,-0.625,-0.643913166495453,0.0368167069302501,-0.65938477120968,0.0549882429440184,-0.532827830112714,0.0368931578295055,-0.5,-0.451726155964805,0.0221470088236319,-0.430002048727284,0.0379501263141259,-0.382023120108814,0.0228295487756559,NA,NA,NA,NA,NA,NA,NA,NA
-0.5,-0.625,-0.642159369808785,0.034325536222265,-0.766487126748305,0.127731597612179,-0.501809130037017,0.0347412097433346,-0.5,-0.504509940856337,0.0234151190030756,-0.489005666459007,0.0431017631865171,-0.40931599304927,0.0244564236229291,NA,NA,NA,NA,NA,NA,NA,NA
-0.5,-0.625,-0.596860185944793,0.0341460783776895,-0.556795685186962,0.0581579827905551,-0.433243606516898,0.0338384422432408,-0.5,-0.501690171943878,0.0253107856940101,-0.471283801955105,0.0414222338953494,-0.402033675199876,0.0260007383616,NA,NA,NA,NA,NA,NA,NA,NA
-0.5,-0.625,-0.63978433899336,0.0323527774118699,-0.663173727258103,0.0570849870390542,-0.506322329792953,0.0331997094587281,-0.5,-0.514499415159477,0.0255581636430068,-0.547378459997162,0.0504631873806962,-0.429946150272357,0.0262753568622758,NA,NA,NA,NA,NA,NA,NA,NA
-0.5,-0.625,-0.669300055579203,0.0331595251180435,-0.622392277026523,0.0645259819414312,-0.488245695989853,0.0341282223709357,-0.5,-0.522113474677692,0.0260094937821954,-0.529569069098113,0.0474577535251443,-0.382513168500821,0.0267886138989427,NA,NA,NA,NA,NA,NA,NA,NA
-0.5,-0.625,-0.626845784563298,0.0356296133356021,-0.653754181184306,0.0603400746994655,-0.512299211617471,0.035708317914754,-0.5,-0.511839523491262,0.0235640842285196,-0.474836388810276,0.0427050630706576,-0.37137168950958,0.0248056676204294,NA,NA,NA,NA,NA,NA,NA,NA
-0.5,-0.625,-0.626305701204163,0.0305655871014871,-0.705538661408263,0.0728217352158833,-0.483610206556848,0.0316281370536879,-0.5,-0.445395988904137,0.0213504661408511,-0.475031210852357,0.0374160969641377,-0.374858101099972,0.0221058161880718,NA,NA,NA,NA,NA,NA,NA,NA
-0.5,-0.625,-0.673500644472391,0.0360308173633499,-0.671452233023199,0.0567224652367907,-0.546324991368132,0.0365631475593086,-0.5,-0.46390338906892,0.0218402233797334,-0.47661237252864,0.0435461570865783,-0.353618656576886,0.0228659835432385,NA,NA,NA,NA,NA,NA,NA,NA
-0.5,-0.625,-0.584727823603493,0.0286127745481508,-0.612482528213,0.0651151339544675,-0.465831531127004,0.0295612831239141,-0.5,-0.561808612513823,0.0281063702127818,-0.517145265565833,0.0524659311794289,-0.419037813385031,0.028874989056637,NA,NA,NA,NA,NA,NA,NA,NA
-0.5,-0.625,-0.55948078308476,0.029950842452847,-0.604963831191117,0.0592721845784546,-0.466320536178921,0.0303752771282462,-0.5,-0.511967222673766,0.0242075168684724,-0.552199415000189,0.0428531622265921,-0.42115038742149,0.0251535784498436,NA,NA,NA,NA,NA,NA,NA,NA
-0.5,-0.625,-0.655959431390177,0.0327660800503014,-0.635652342572906,0.0613600716050681,-0.54693283178573,0.0337415417629848,-0.5,-0.550891301014974,0.0243688454690378,-0.593577326623987,0.0557486515383059,-0.440140068573395,0.0257946244719375,NA,NA,NA,NA,NA,NA,NA,NA
-0.5,-0.625,-0.626878923574052,0.0337573407377138,-0.668775471468121,0.0641016797177816,-0.516859778773536,0.0341942006969948,-0.5,-0.505194358024252,0.0245816119505518,-0.583987295254478,0.0535714784684669,-0.38868751888676,0.0254756463071895,NA,NA,NA,NA,NA,NA,NA,NA
-0.5,-0.625,-0.825293585726298,0.0501582926710053,-0.808279001251136,0.0832523458397858,-0.641803254491742,0.049508264459745,-0.5,-0.465759468093334,0.0214951952981855,-0.450973983383598,0.0342880800899379,-0.373355539354462,0.0225196329873666,NA,NA,NA,NA,NA,NA,NA,NA
-0.5,-0.625,-0.623999314849137,0.033659985475809,-0.618866297926977,0.0580190717859899,-0.502976856306655,0.0340521661538284,-0.5,-0.512727927046878,0.024016012683115,-0.514089562663915,0.0406551928721224,-0.416086000265631,0.0250318962114653,NA,NA,NA,NA,NA,NA,NA,NA
-0.5,-0.625,-0.645334069874179,0.0343764422637032,-0.56660929790431,0.0487923106737222,-0.522544254538022,0.0348867363440759,-0.5,-0.536667639968978,0.0265338914967406,-0.463081116585472,0.042018325513884,-0.397469103919404,0.0273639579541228,NA,NA,NA,NA,NA,NA,NA,NA
-0.5,-0.625,-0.552168206257218,0.030433778461942,-0.530275728997706,0.0489159049705297,-0.44096842359057,0.030678893029478,-0.5,-0.494217436582365,0.0242400914436788,-0.452310312925082,0.0508883367209941,-0.36208609704221,0.025109460979776,NA,NA,NA,NA,NA,NA,NA,NA
-0.5,-0.625,-0.626739991135082,0.0351738425999165,-0.666029892694606,0.0726105704676599,-0.491461979457356,0.0352261916105428,-0.5,-0.472244001834003,0.0208038192006431,-0.516970137322309,0.0461889978285591,-0.391769849021602,0.0219193839965906,NA,NA,NA,NA,NA,NA,NA,NA
-0.5,-0.625,-0.632219375117593,0.0335724703529647,-0.635374516900845,0.0569961720888788,-0.524546798901702,0.0341084655749157,-0.5,-0.485053212907464,0.0231007110795619,-0.503434984621741,0.0408371104370254,-0.406130398920335,0.0239372085777402,NA,NA,NA,NA,NA,NA,NA,NA
-0.5,-0.625,-0.695581145565719,0.037656297203052,-0.695839552393141,0.0693691726871413,-0.512918680459299,0.0378242196176496,-0.5,-0.449393718228671,0.0222335373364528,-0.452582539629557,0.036213174238579,-0.386139143365626,0.0228512967089887,NA,NA,NA,NA,NA,NA,NA,NA
-0.5,-0.625,-0.67254193147956,0.0403778989828408,-0.701095775224081,0.0734970185826325,-0.5204230469119,0.0397918163094631,-0.5,-0.571122915483741,0.0309710855385829,-0.609330434955089,0.0610394520113104,-0.456766990663482,0.0313013552451495,NA,NA,NA,NA,NA,NA,NA,NA
-0.5,-0.625,-0.680960794245882,0.0376419539888841,-0.734199235533367,0.0727640569544857,-0.543819116393333,0.0378932104740321,-0.5,-0.472288906883219,0.0230665875018536,-0.512157240561773,0.0446465193839803,-0.381672220556331,0.0238644524988852,NA,NA,NA,NA,NA,NA,NA,NA
-0.5,-0.625,-0.701351598305478,0.0399371349773157,-0.737911539546225,0.068164231666809,-0.61167799525359,0.0402209978395418,-0.5,-0.504482080813184,0.0242052850374511,-0.540949587514921,0.047720219834533,-0.419309983992275,0.0250580041664724,NA,NA,NA,NA,NA,NA,NA,NA
-0.5,-0.625,-0.568746664643138,0.0316257430161862,-0.517899393203952,0.0470655991432677,-0.424350685780055,0.0316732389318394,-0.5,-0.497435325039334,0.02325950042732,-0.606361754964405,0.102788604937111,-0.370354303424587,0.0243777307295867,NA,NA,NA,NA,NA,NA,NA,NA
-0.5,-0.625,-0.595806072035897,0.0301341773745177,-0.550923752302444,0.0548049128294735,-0.441268369355888,0.0308390812337055,-0.5,-0.491758261635342,0.0247878092493394,-0.508284469494383,0.0455046294803646,-0.393187716543247,0.0254797541806429,NA,NA,NA,NA,NA,NA,NA,NA
-0.5,-0.625,-0.598828882172179,0.0309042828261031,-0.668350351100658,0.0803767848130681,-0.479362357999899,0.0315485881665427,-0.5,-0.482983856179839,0.0248045600267158,-0.471671803618292,0.0452443962402874,-0.381370317209525,0.0254231113721868,NA,NA,NA,NA,NA,NA,NA,NA
-0.5,-0.625,-0.734760178382244,0.0386820461145625,-0.716099378938588,0.081267867984483,-0.519816685827253,0.0390303360263072,-0.5,-0.535955380242699,0.026483932254295,-0.490198921805589,0.0440931979020049,-0.441661649794889,0.0272696847919354,NA,NA,NA,NA,NA,NA,NA,NA
-0.5,-0.625,-0.627747349979871,0.0316170941671095,-0.672308992096255,0.0795844191739357,-0.491175078850485,0.0324583899186865,-0.5,-0.483506296353162,0.0246935585177462,-0.456032218069478,0.0478769949451459,-0.389355252534889,0.0253225927342958,NA,NA,NA,NA,NA,NA,NA,NA
-0.5,-0.625,-0.705993595480403,0.0397044648803583,-0.738974179173895,0.0734316620014197,-0.590916626760527,0.0399961404186711,-0.5,-0.495717564649878,0.0222290628004857,-0.582670381673008,0.0564422350935313,-0.40342663338483,0.0233894891729705,NA,NA,NA,NA,NA,NA,NA,NA
-0.5,-0.625,-0.596467751501923,0.0310891526615098,-0.615690014824477,0.0622330240211289,-0.452097126759036,0.0316057439375471,-0.5,-0.526805925891654,0.0250073500097762,-0.484271997133925,0.0430244879200514,-0.457429765656208,0.0258228881775605,NA,NA,NA,NA,NA,NA,NA,NA
-0.5,-0.625,-0.559340683194647,0.0298830655996939,-0.539295663248316,0.0476670780443591,-0.441030989831176,0.0302863494072119,-0.5,-0.449626026171816,0.0218329735257937,-0.483129252075856,0.051621273281552,-0.393456302433784,0.0224504056841209,NA,NA,NA,NA,NA,NA,NA,NA
-0.5,-0.625,-0.623364463802717,0.0315985804221612,-0.670379742389333,0.0558191956320443,-0.523653854846501,0.0323900905078893,-0.5,-0.532620535079387,0.022931167769974,-0.513766363950194,0.0432080981481775,-0.420931724038551,0.0244642382777733,NA,NA,NA,NA,NA,NA,NA,NA
-0.5,-0.625,-0.618973203966931,0.0336043862338467,-0.598827862818309,0.050761189266682,-0.54615476331945,0.0340086566906153,-0.5,-0.458026075853978,0.0211128940184637,-0.529812582876481,0.0572969375381801,-0.37848683445911,0.0220562202301344,NA,NA,NA,NA,NA,NA,NA,NA
-0.5,-0.625,-0.554422313088596,0.0289396961458051,-0.537393170078588,0.0491844797372504,-0.467449048686012,0.0294748749808898,-0.5,-0.552676565006168,0.026951075977272,-0.541500736997056,0.0471650132571609,-0.437877939361191,0.0278665255879348,NA,NA,NA,NA,NA,NA,NA,NA
-0.5,-0.625,-0.57408923090632,0.0313701892210156,-0.631422396145509,0.0542183835061057,-0.500627011179823,0.0317092341149085,-0.5,-0.49394055951719,0.023878312126901,-0.492822003052858,0.0438958621979041,-0.41127855391498,0.0246841092479483,NA,NA,NA,NA,NA,NA,NA,NA
-0.5,-0.625,-0.638721474071871,0.0340844520502841,-0.648778926625058,0.059170498294201,-0.509854096934469,0.0345504513952864,-0.5,-0.555571048739127,0.0272213469987522,-0.612075835866397,0.0579341423495389,-0.468889883627418,0.0280385842030063,NA,NA,NA,NA,NA,NA,NA,NA
-0.5,-0.625,-0.614402849984337,0.0319692843952573,-0.578818890912191,0.056289027733775,-0.458695786353876,0.0324793565427915,-0.5,-0.544966118766924,0.025882863724827,-0.578465455307939,0.0523045241246511,-0.451664193218545,0.0268566568894745,NA,NA,NA,NA,NA,NA,NA,NA
-0.5,-0.625,-0.637738213370365,0.034164158431842,-0.66686644809647,0.0988925565251287,-0.49371980894734,0.0345377565500695,-0.5,-0.544624097427939,0.0240824907254964,-0.563301612367949,0.06012555639885,-0.428318465589993,0.0255256950038181,NA,NA,NA,NA,NA,NA,NA,NA
-0.5,-0.625,-0.678063070705279,0.0378869122477931,-0.619008369403166,0.0681632986098615,-0.521922572292699,0.0379137576945134,-0.5,-0.511898684724917,0.0248185078397515,-0.527526567344247,0.046096914252225,-0.42782549857964,0.0256292599770249,NA,NA,NA,NA,NA,NA,NA,NA
-0.5,-0.625,-0.666501020987627,0.0369178708622055,-0.773592739408802,0.0751747750009584,-0.561880076525617,0.0372605635262171,-0.5,-0.504659671407336,0.0248172451425903,-0.535534816519306,0.0561398795651873,-0.415486685210321,0.0255882953339571,NA,NA,NA,NA,NA,NA,NA,NA
-0.5,-0.625,-0.69292291645448,0.0386250400892806,-0.718564022298292,0.0950516143161556,-0.533785177243622,0.0386864346131815,-0.5,-0.494693442278341,0.0237332012383039,-0.47266106932679,0.0554476925533675,-0.385006564622802,0.0246767978754704,NA,NA,NA,NA,NA,NA,NA,NA
-0.5,-0.625,-0.598236207511236,0.031704788732933,-0.598554534706396,0.0749061170744287,-0.470916136209445,0.0321618912114739,-0.5,-0.55430172627835,0.0266582597725444,-0.496899023028145,0.0480998051348345,-0.42551562468875,0.0276730976854559,NA,NA,NA,NA,NA,NA,NA,NA
-0.5,-0.625,-0.616843785099028,0.0305263638426259,-0.615814049523457,0.0640621665420151,-0.512562275675824,0.0314498357605485,-0.5,-0.518613781600228,0.0254041305181803,-0.564427459887113,0.0598302197384523,-0.417522737083729,0.0262372881533768,NA,NA,NA,NA,NA,NA,NA,NA
-0.5,-0.625,-0.629810436318778,0.0331941075462749,-0.613770360110967,0.0503447580245125,-0.499604746139772,0.0337276575889696,-0.5,-0.511567721761599,0.0235197275287858,-0.455906861115154,0.035773184608669,-0.418469579128468,0.0245971427621347,NA,NA,NA,NA,NA,NA,NA,NA
-0.5,-0.625,-0.632286809886572,0.0381796433313472,-0.652028831560881,0.0611258544760109,-0.537342665445592,0.038007201589715,-0.5,-0.577420977222568,0.0266815012776105,-0.566740554625768,0.0445869446452282,-0.480926145763709,0.0278596779545003,NA,NA,NA,NA,NA,NA,NA,NA
-0.5,-0.625,-0.669358819529938,0.0340197876293842,-0.616930376326195,0.0529073052351273,-0.483026550061079,0.0347134743719279,-0.5,-0.447959248949422,0.0222644441154476,-0.486802739645167,0.0461989709366793,-0.368654290092541,0.0229555885099589,NA,NA,NA,NA,NA,NA,NA,NA
-0.5,-0.625,-0.628928964252867,0.0386972876409123,-0.647624534297444,0.0613895757546544,-0.506947520437962,0.0381934367733719,-0.5,-0.468714386855828,0.0248551953985831,-0.400185462768794,0.0362810612132356,-0.341734520517091,0.0253402864945367,NA,NA,NA,NA,NA,NA,NA,NA
-0.5,-0.625,-0.710734060582987,0.0409020635437751,-0.670166718393049,0.0660648054319199,-0.574359258373555,0.0408977746361096,-0.5,-0.478165166966395,0.0246497215713324,-0.519643024161519,0.0423570723043395,-0.41298745388458,0.0251555766379098,NA,NA,NA,NA,NA,NA,NA,NA
-0.5,-0.625,-0.584681416583519,0.0320636193212924,-0.584967751117577,0.0538317672069357,-0.477959085743245,0.0323561824534234,-0.5,-0.523634032060563,0.0251728518695441,-0.551416209633662,0.0610881446513787,-0.431934030908855,0.0260618759796796,NA,NA,NA,NA,NA,NA,NA,NA
-0.5,-0.625,-0.674298426251301,0.0379004467829175,-0.612960439644447,0.0577950029432855,-0.565232613162211,0.038147797486948,-0.5,-0.414119671372084,0.0206162107821437,-0.465802543206792,0.0419794919521342,-0.345683277687373,0.0212614811907863,NA,NA,NA,NA,NA,NA,NA,NA
-0.5,-0.625,-0.59166738390183,0.0332793112189365,-0.658774429470082,0.0838523575894674,-0.432397859085475,0.0331415667313869,-0.5,-0.505000661795638,0.0255725512282793,-0.553605853552381,0.0708901005371904,-0.392184399300606,0.0262622381574758,NA,NA,NA,NA,NA,NA,NA,NA
-0.5,-0.625,-0.575432841255882,0.0295540210764416,-0.648155031432834,0.0893954579882813,-0.444647971278881,0.0301836742910992,-0.5,-0.454330211883765,0.0229252339900161,-0.412370875625629,0.0358615929994003,-0.354862488917544,0.0236293581647154,NA,NA,NA,NA,NA,NA,NA,NA
-0.5,-0.625,-0.575230927369755,0.0339007846356171,-0.536204526507715,0.0497900449523488,-0.469241259710735,0.0337929638955073,-0.5,-0.560223747739167,0.0271929720929258,-0.574313284973719,0.0601481081264194,-0.464130125076833,0.0280953639300876,NA,NA,NA,NA,NA,NA,NA,NA
-0.5,-0.625,-0.597974359255516,0.0331431983382316,-0.602367192531973,0.0559919750654903,-0.467605624919499,0.0332887530717228,-0.5,-0.516668412547989,0.0254520620076096,-0.52899968262349,0.0461390631880755,-0.427907223036089,0.0262200904828097,NA,NA,NA,NA,NA,NA,NA,NA
-0.5,-0.625,-0.552266815240345,0.0276425610086636,-0.584169041097389,0.0653144368712335,-0.435786861292296,0.0284143937382825,-0.5,-0.519123551020194,0.0266778524369468,-0.504968015102149,0.0476793727721257,-0.423144272014264,0.0272809620989762,NA,NA,NA,NA,NA,NA,NA,NA
-0.5,-0.625,-0.614583548305338,0.0315510303237415,-0.599660018010692,0.0644133241164095,-0.479701924539166,0.0322305890498066,-0.5,-0.484678987125073,0.0224183277953009,-0.441320958868056,0.0381750514506852,-0.386734204624185,0.0234733864584209,NA,NA,NA,NA,NA,NA,NA,NA
-0.5,-0.625,-0.689649355882294,0.0360059431226458,-0.657795022548045,0.060203371369649,-0.539585408773686,0.0367015511349168,-0.5,-0.483500814055625,0.0271399215487259,-0.4663516263031,0.0432053641637648,-0.405421314475948,0.0273916757880009,NA,NA,NA,NA,NA,NA,NA,NA
-0.5,-0.625,-0.693350819910652,0.03617388190624,-0.67454311839596,0.0629087554331783,-0.564544428959002,0.0369538663953497,-0.5,-0.496606209061493,0.0259141999267529,-0.53233836897964,0.0434134830233381,-0.404275093741019,0.0264475015131913,NA,NA,NA,NA,NA,NA,NA,NA
-0.5,-0.625,-0.545503556979584,0.0295364919514829,-0.549828776055655,0.0681661932662326,-0.431015804033727,0.0298714925424647,-0.5,-0.489912017491971,0.0252741852297487,-0.547566953473859,0.058896776603059,-0.393418759592874,0.0258633986190623,NA,NA,NA,NA,NA,NA,NA,NA
-0.5,-0.625,-0.5178388560712,0.0276581881620857,-0.478748400857899,0.0478564950471344,-0.396506797659894,0.0280628880178532,-0.5,-0.58243847355365,0.028077055864132,-0.648555974614188,0.0739573693798194,-0.471933979550142,0.0290944557688311,NA,NA,NA,NA,NA,NA,NA,NA
-0.5,-0.625,-0.628640621153992,0.0319788359551983,-0.652312247416031,0.0612720895353955,-0.510935720102656,0.032771679773705,-0.5,-0.472386575211429,0.0235774628474709,-0.449930652129051,0.0398969734724525,-0.383091817921622,0.0242869180386474,NA,NA,NA,NA,NA,NA,NA,NA
-0.5,-0.625,-0.619846653051213,0.0313084622185511,-0.682398338814015,0.0816495257522169,-0.480544351527263,0.0321060627694552,-0.5,-0.517241810857256,0.0244625737788935,-0.448851657518973,0.0440368485630493,-0.396892500409701,0.0255186048187856,NA,NA,NA,NA,NA,NA,NA,NA
-0.5,-0.625,-0.539176014396741,0.0251251656829803,-0.484975211185622,0.042842304797682,-0.387987806806451,0.0263322334229202,-0.5,-0.492479155524581,0.0231612289309079,-0.454570480401549,0.0388437379127732,-0.387104590950939,0.0241814145527633,NA,NA,NA,NA,NA,NA,NA,NA
-0.5,-0.625,-0.589716080388172,0.0290339618190393,-0.618696345775173,0.0595699117383177,-0.48811350190261,0.0299260864394233,-0.5,-0.460724976901843,0.0235903437329392,-0.454082323726,0.0395707074125255,-0.37821805033616,0.0241878264455276,NA,NA,NA,NA,NA,NA,NA,NA
-0.5,-0.625,-0.661437169052242,0.0368720539559334,-0.708681481064387,0.0651681887027431,-0.539860152986228,0.0370974159412877,-0.5,-0.493415485728946,0.0239401823305729,-0.494847965162969,0.0385902018127085,-0.412622480375099,0.0247228013885456,NA,NA,NA,NA,NA,NA,NA,NA
-0.5,-0.625,-0.581501196860144,0.0325561695084714,-0.537795556377376,0.0559041460944278,-0.418044825885541,0.0324289259228816,-0.5,-0.489444321402592,0.0225034244736742,-0.493287198502348,0.0461402390427725,-0.392796526504742,0.0235801878010285,NA,NA,NA,NA,NA,NA,NA,NA
-0.5,-0.625,-0.614817352798383,0.0360933917224913,-0.6292338683527,0.0603828723564391,-0.510661428238289,0.0360196754812041,-0.5,-0.515002925590453,0.0256082114842204,-0.435484116792509,0.0433108597591485,-0.391070148715203,0.0263994048153327,NA,NA,NA,NA,NA,NA,NA,NA
-0.5,-0.625,-0.612728315662872,0.0320588904537216,-0.521388383782535,0.0457898914886586,-0.478306274523046,0.0326023752873898,-0.5,-0.528143931910021,0.0258042305150214,-0.528454565339217,0.0425996843258898,-0.451403371458265,0.026560692135535,NA,NA,NA,NA,NA,NA,NA,NA
-0.5,-0.625,-0.74109921369134,0.0431468640578828,-0.739548233598499,0.071365828726541,-0.557129304444481,0.0426609022045355,-0.5,-0.528166127014936,0.0227480834166376,-0.494593899312525,0.0428663995394488,-0.397698630610429,0.0243690586692137,NA,NA,NA,NA,NA,NA,NA,NA
-0.5,-0.625,-0.650858105479692,0.0361187952296494,-0.660739346045332,0.0609737735129393,-0.564737034354692,0.0364604350518064,-0.5,-0.506154080906817,0.0244424633046411,-0.49790951884334,0.0523862014323925,-0.396841268777289,0.025358543409492,NA,NA,NA,NA,NA,NA,NA,NA
-0.5,-0.625,-0.616552629374813,0.0295566006829435,-0.576671566916271,0.0510492732176808,-0.490156488916396,0.03071582998299,-0.5,-0.450912186354366,0.0218590074950054,-0.467706230570023,0.0375353397869031,-0.367137082894171,0.0226551429991224,NA,NA,NA,NA,NA,NA,NA,NA
-0.5,-0.625,-0.592660558403311,0.0316273332878889,-0.618451712764244,0.0700194234460885,-0.478137077803407,0.0320665052803559,-0.5,-0.512106699254268,0.0259987792159498,-0.517576659420318,0.0446340873891861,-0.411510130562742,0.0266628527305563,NA,NA,NA,NA,NA,NA,NA,NA
-0.5,-0.625,-0.568719932187351,0.0322366878001507,-0.556162263835746,0.054442355527371,-0.437088546539086,0.0322253263196221,-0.5,-0.496594629799742,0.0219592715512824,-0.476915093731632,0.0453380060401608,-0.402482772050984,0.023191365392737,NA,NA,NA,NA,NA,NA,NA,NA
-0.5,-0.625,-0.595141385428139,0.0356492388860927,-0.574213327458874,0.0579156938899287,-0.508196047924435,0.0355550973792907,-0.5,-0.4480309919295,0.0233466234760145,-0.502997533312494,0.0508783640633333,-0.365460708154224,0.023891748031513,NA,NA,NA,NA,NA,NA,NA,NA
-0.5,-0.625,-0.622565020602202,0.0359897540891527,-0.592433840928337,0.0577978079050195,-0.514496069935901,0.0359916442853354,-0.5,-0.500487149936463,0.0241580549101351,-0.488429211492556,0.0423627986505175,-0.383886320933757,0.0250910809842562,NA,NA,NA,NA,NA,NA,NA,NA
-0.5,-0.625,-0.611376047480464,0.0312310306472605,-0.542606316873882,0.0495111447034064,-0.470973902129608,0.0319272972925468,-0.5,-0.616327778890481,0.0274476524472741,-0.576253958457886,0.0635964733689899,-0.479875715343896,0.029132969654329,NA,NA,NA,NA,NA,NA,NA,NA
-0.5,-0.625,-0.631184808542996,0.0342491659888477,-0.573633999188093,0.0512417212214828,-0.499426341042134,0.0345710047073834,-0.5,-0.502070711631404,0.0233509987852206,-0.551600122961199,0.0465857517617938,-0.428097308460105,0.0242493004193668,NA,NA,NA,NA,NA,NA,NA,NA
-0.5,-0.625,-0.598659279900842,0.0302771405877022,-0.57501850163327,0.0566835957197701,-0.471403692531601,0.031042618025005,-0.5,-0.463978687443489,0.0226416405818047,-0.425694775113289,0.0400068605613467,-0.339291211539982,0.023539635895932,NA,NA,NA,NA,NA,NA,NA,NA
-0.5,-0.625,-0.555066262662042,0.0294866724418223,-0.519423218416442,0.0484894706002039,-0.427158528437152,0.029899840487795,-0.5,-0.478203364061038,0.0240096882344509,-0.453773091322289,0.0376564796750722,-0.380946022177806,0.0247176739343506,NA,NA,NA,NA,NA,NA,NA,NA
-0.5,-0.625,-0.646758362440881,0.0351776054131351,-0.539916693891988,0.0518145294288796,-0.493312929361092,0.0353936768183171,-0.5,-0.492219046626012,0.0251456647065384,-0.465601094846999,0.0394473103403638,-0.398374157481525,0.0257708871156558,NA,NA,NA,NA,NA,NA,NA,NA
-0.5,-0.625,-0.657183017343744,0.0345960077044344,-0.673217453860392,0.0599680388035498,-0.5311093352977,0.035208741873691,-0.5,-0.52911044243075,0.0247348494900648,-0.555613399818074,0.053588434371489,-0.410539630740971,0.0258603976429208,NA,NA,NA,NA,NA,NA,NA,NA
-0.5,-0.625,-0.616265467208123,0.0343016823536793,-0.573661395288902,0.0511573235008937,-0.523287629584781,0.0345710388530444,-0.5,-0.47316784844885,0.0223793142317939,-0.484567106747387,0.0432315614166181,-0.409081806680453,0.0231325495192097,NA,NA,NA,NA,NA,NA,NA,NA
-0.5,-0.625,-0.59139676595529,0.0341312582433944,-0.542327076764717,0.0524428821178212,-0.458554004920779,0.0339860133997,-0.5,-0.524890729250684,0.0266362488780863,-0.545774144502477,0.044106859372929,-0.435046341350427,0.0272852587469496,NA,NA,NA,NA,NA,NA,NA,NA
-0.5,-0.625,-0.664015665593504,0.0417832311363961,-0.742168553965583,0.0933228778315416,-0.537350540310523,0.0410767489137943,-0.5,-0.499229132375605,0.0241559614933344,-0.5050660450801,0.0418673388916351,-0.420093525248431,0.0249427035531308,NA,NA,NA,NA,NA,NA,NA,NA
-0.5,-0.625,-0.65951047872553,0.0353370243487295,-0.64860517761787,0.0640655873028788,-0.508605655476724,0.0357194226796559,-0.5,-0.559583102605124,0.0262774277566072,-0.572662568235852,0.0483906436974349,-0.434834466093451,0.0274373113737706,NA,NA,NA,NA,NA,NA,NA,NA
-0.5,-0.625,-0.584323760302376,0.0306141649245973,-0.640049515188082,0.060078687390082,-0.468226109168856,0.0311525277834646,-0.5,-0.469839435059698,0.0215921089729748,-0.474737062110855,0.0423038267605652,-0.377165615769953,0.0226362992021661,NA,NA,NA,NA,NA,NA,NA,NA
-0.5,-0.625,-0.575731764446283,0.0307314555749528,-0.553849815870555,0.0653137768119105,-0.445874697109401,0.0311159083937193,-0.5,-0.42669284088382,0.0196093804237617,-0.377005532372581,0.0334446351514615,-0.361891911915593,0.0204385114269423,NA,NA,NA,NA,NA,NA,NA,NA
-0.5,-0.625,-0.606667023622539,0.0334612989089329,-0.621563823742339,0.0543117033829807,-0.491717062903343,0.033710372557077,-0.5,-0.494596874725059,0.021550724310859,-0.45744109876616,0.0383743389589189,-0.402213786188562,0.0228289275660655,NA,NA,NA,NA,NA,NA,NA,NA
-0.5,-0.625,-0.665534161481438,0.032413529419727,-0.65393849449381,0.0664588950657582,-0.526184206573499,0.0336214813864014,-0.5,-0.493274338542241,0.0231466285173874,-0.489533810291697,0.0463495608079388,-0.395919485207657,0.0241429014907298,NA,NA,NA,NA,NA,NA,NA,NA
-0.5,-0.625,-0.728788028694717,0.0378987718234569,-0.770424134220388,0.0747757574584658,-0.604716206082842,0.0388448282443802,-0.5,-0.475266773833699,0.0233635900657234,-0.469674793329376,0.037636463030809,-0.37313078585115,0.0241742408340751,NA,NA,NA,NA,NA,NA,NA,NA
-0.5,-0.625,-0.625723795712022,0.0346069736161218,-0.567620032453546,0.0499648740123342,-0.485034963433897,0.0347355873670914,-0.5,-0.52666120056425,0.0270913774708307,-0.532323728205761,0.0444708045836981,-0.435194971118052,0.0276851665665806,NA,NA,NA,NA,NA,NA,NA,NA
-0.5,-0.625,-0.676917122913673,0.0332694387240302,-0.765083549660572,0.104190783735257,-0.515508460694875,0.0344128653107539,-0.5,-0.466146486287311,0.0237745245120073,-0.43269976634714,0.0389249877748032,-0.334780059463867,0.0244572298432385,NA,NA,NA,NA,NA,NA,NA,NA
-0.5,-0.625,-0.5936703003277,0.0300549168899285,-0.620859506927145,0.0541196066783218,-0.49610181222237,0.0307965689845062,-0.5,-0.486927267841793,0.0239904849677309,-0.526545454236465,0.0417794139879639,-0.389293763664553,0.0247778857425669,NA,NA,NA,NA,NA,NA,NA,NA
-0.5,-0.625,-0.621819376991145,0.0356724126518442,-0.583111559196576,0.0555113207551027,-0.498590027048886,0.035637580520529,-0.5,-0.540102090321893,0.0262557297620202,-0.502678319912645,0.0404570628854988,-0.412262470520178,0.0271900719443,NA,NA,NA,NA,NA,NA,NA,NA
-0.5,-0.625,-0.686077514092854,0.0364687610039401,-0.707094006757852,0.0708714281950517,-0.529449773605382,0.0369619233262653,-0.5,-0.51931244561406,0.0262189222100116,-0.490599342648736,0.0408490193421308,-0.396616336004954,0.0269277046730297,NA,NA,NA,NA,NA,NA,NA,NA
-0.5,-0.625,-0.597607962798003,0.0322642512763767,-0.611038330304149,0.0715075785739105,-0.488045871819332,0.0326497489119419,-0.5,-0.46605833783256,0.0220060537444998,-0.42595601462862,0.0374713094432375,-0.366250493510878,0.0229771877062991,NA,NA,NA,NA,NA,NA,NA,NA
-0.5,-0.625,-0.594601343044059,0.0342087894770251,-0.664155859791645,0.0994339210428947,-0.461457495011598,0.0340827662292602,-0.5,-0.514684899420377,0.023302856222677,-0.483686042483008,0.0424950168415097,-0.3943140065846,0.0245863543727574,NA,NA,NA,NA,NA,NA,NA,NA
-0.5,-0.625,-0.622652915569841,0.0342629235868064,-0.610293029189845,0.0541360524865473,-0.496284228781387,0.0344978674727195,-0.5,-0.494544939304283,0.0231440707282273,-0.421770837146104,0.0371432026330561,-0.385195885928445,0.0242032863759823,NA,NA,NA,NA,NA,NA,NA,NA
-0.5,-0.625,-0.670592377446961,0.0403848409041447,-0.6062206731466,0.0610716596625421,-0.511836050042026,0.0396976779155632,-0.5,-0.492984859638568,0.0231262659995399,-0.561019699342026,0.0461342432394618,-0.429190431466505,0.023911411955676,NA,NA,NA,NA,NA,NA,NA,NA
-0.5,-0.625,-0.592091923785258,0.0329076873491319,-0.683059669433922,0.0600275467058284,-0.499460186795101,0.0331655485574637,-0.5,-0.543910439198021,0.0266452411191897,-0.543269562700001,0.0599258430611614,-0.396891611285565,0.0275320349721881,NA,NA,NA,NA,NA,NA,NA,NA
-0.5,-0.625,-0.651000791504597,0.0360705849422404,-0.635857046816046,0.0728862120620233,-0.519684779403446,0.036273100840757,-0.5,-0.530357675455983,0.0232916507222316,-0.468043563405085,0.037942214354071,-0.401112978719505,0.0248010205039648,NA,NA,NA,NA,NA,NA,NA,NA
-0.5,-0.625,-0.552518155426233,0.0303111217660176,-0.552613311149802,0.0570727429190525,-0.44608286612481,0.030593452318283,-0.5,-0.492806118328682,0.0250072097104318,-0.464787934407753,0.03798650925877,-0.399279663780229,0.0256596326615771,NA,NA,NA,NA,NA,NA,NA,NA
-0.5,-0.625,-0.661224537328348,0.0375668577378945,-0.630043048648512,0.0539343423997527,-0.517177869517673,0.0375092115041735,-0.5,-0.451596458232156,0.0222061871970851,-0.455567390254558,0.0392197563817756,-0.369050571602633,0.0229471975344532,NA,NA,NA,NA,NA,NA,NA,NA
-0.5,-0.625,-0.589538122996683,0.0314283224643474,-0.55574380863622,0.0492544395180945,-0.453393995928926,0.0318088210220845,-0.5,-0.462267994259883,0.0232407050626701,-0.409168489894161,0.0345975228107752,-0.369821805620267,0.023935511301911,NA,NA,NA,NA,NA,NA,NA,NA
-0.5,-0.625,-0.581645741136505,0.0332182625338134,-0.50158706272065,0.0477379054169261,-0.469549394166535,0.0332575340962214,-0.5,-0.49862266655933,0.0258666201444227,-0.580922929107861,0.0654392575373671,-0.414241642736085,0.0264094567103593,NA,NA,NA,NA,NA,NA,NA,NA
-0.5,-0.625,-0.679068759583783,0.039087383440119,-0.589321516660745,0.0629584608552093,-0.496109909792058,0.0385861222931024,-0.5,-0.477725051555286,0.0241322502116569,-0.510302620099434,0.0456448980440153,-0.391785207294348,0.0247840296709264,NA,NA,NA,NA,NA,NA,NA,NA
-0.5,-0.625,-0.549697090066236,0.0258175196577055,-0.615281376919477,0.0730249471088232,-0.438308513223423,0.0269246736637505,-0.5,-0.479792036993935,0.0251855009890722,-0.475877184198338,0.0458616487753305,-0.365218989285948,0.0257140862301689,NA,NA,NA,NA,NA,NA,NA,NA
-0.5,-0.625,-0.667688007226301,0.0362841434219729,-0.641974762205191,0.0607683161192281,-0.51378442234154,0.0365478917926369,-0.5,-0.459165150590584,0.023344492212824,-0.491872250962922,0.0728488979903175,-0.338388745564586,0.0240463070834973,NA,NA,NA,NA,NA,NA,NA,NA
-0.5,-0.625,-0.609672710313413,0.031942386412701,-0.514021126574044,0.0518285898378842,-0.461937530414751,0.0324253055895793,-0.5,-0.538242070777809,0.0263949306691892,-0.5472433736541,0.0509927799017169,-0.410296765176532,0.0272768177259786,NA,NA,NA,NA,NA,NA,NA,NA
-0.5,-0.625,-0.617199155326102,0.0356562029132222,-0.612745352770595,0.0598088462542591,-0.486819643602815,0.0355241367028553,-0.5,-0.505239383745912,0.0233806678444273,-0.508312283783126,0.0446066860114152,-0.422730925437899,0.0243596569682486,NA,NA,NA,NA,NA,NA,NA,NA
-0.5,-0.625,-0.6432700665091,0.0320984492570795,-0.679578546097504,0.0711233351983378,-0.538940095385616,0.0330368802013462,-0.5,-0.50377945969135,0.0233711076227001,-0.502008447028737,0.0448228129991174,-0.399079975244466,0.0244591779351105,NA,NA,NA,NA,NA,NA,NA,NA
-0.5,-0.625,-0.534116778717145,0.030321089233511,-0.504807166393602,0.0488342580994243,-0.428376633268902,0.0304349159276759,-0.5,-0.447465432737802,0.0215510622617862,-0.49498412506335,0.0396430040498744,-0.406797764638723,0.0220522749672679,NA,NA,NA,NA,NA,NA,NA,NA
-0.5,-0.625,-0.608262632717725,0.0320061104738648,-0.555249214278693,0.0595904592819883,-0.451725797948261,0.0324157388854059,-0.5,-0.446617791294793,0.0217021678267576,-0.449755344942929,0.0494971568076711,-0.337944187027231,0.0225910050451715,NA,NA,NA,NA,NA,NA,NA,NA
-0.5,-0.625,-0.680045673017229,0.0380878034266379,-0.622483909211936,0.0622324110362261,-0.525088212755949,0.038106808622489,-0.5,-0.437993317894588,0.0210917356171423,-0.462667427841636,0.038175517724354,-0.362672037467172,0.0218647221114417,NA,NA,NA,NA,NA,NA,NA,NA
-0.5,-0.625,-0.622663898314918,0.0338635847147999,-0.68533419073036,0.0682547426779892,-0.506770574230922,0.0342164540827111,-0.5,-0.55879413395085,0.0258494926803172,-0.592395745976918,0.052535838113054,-0.442730976597516,0.0270709284930399,NA,NA,NA,NA,NA,NA,NA,NA
-0.5,-0.625,-0.592563666154696,0.0327282437997246,-0.568287836891474,0.0558948827764256,-0.447253308178987,0.032817474437615,-0.5,-0.453949415076435,0.0212026614665051,-0.437755869606716,0.039174856059262,-0.359555912372632,0.0221891682788427,NA,NA,NA,NA,NA,NA,NA,NA
-0.5,-0.625,-0.617120597479085,0.0342850021999934,-0.671205868775172,0.0644898109693325,-0.543981982016744,0.0345875637516107,-0.5,-0.480387714515491,0.0237450434334311,-0.431842275143583,0.0446682909349281,-0.361198723513178,0.0245653408397828,NA,NA,NA,NA,NA,NA,NA,NA
-0.5,-0.625,-0.582286740645749,0.0313282742188473,-0.75353504210474,0.155776915691493,-0.423041217806285,0.0315337613478814,-0.5,-0.530757707744993,0.0256261085880562,-0.5575106910017,0.0565440814098026,-0.410184641228116,0.0265826424863952,NA,NA,NA,NA,NA,NA,NA,NA
-0.5,-0.625,-0.642574998134885,0.0342099008402455,-0.663795929901515,0.0579697515109217,-0.525604733425226,0.0347329302931298,-0.5,-0.43133264612815,0.0220388567206326,-0.440990763850818,0.049643854827703,-0.327963251412348,0.0227239364012813,NA,NA,NA,NA,NA,NA,NA,NA
-0.5,-0.625,-0.56979728528027,0.0327069086705219,-0.609392149901201,0.0746400011641696,-0.45767444828457,0.032718015388007,-0.5,-0.537064914728632,0.0253432633943251,-0.488066788269579,0.0423709956529977,-0.435792000515269,0.0263717913779583,NA,NA,NA,NA,NA,NA,NA,NA
-0.5,-0.625,-0.631842645394691,0.0351662596660493,-0.662715454335313,0.0613297943302759,-0.532783369691376,0.0354390844620513,-0.5,-0.506583456391217,0.0235255710956605,-0.52644119409825,0.0459175620555349,-0.405469746560307,0.0245952625394819,NA,NA,NA,NA,NA,NA,NA,NA
-0.5,-0.625,-0.66886054324996,0.0375063696308024,-0.653107432070702,0.0600420257022675,-0.548376999893937,0.0377088304512171,-0.5,-0.506244122347464,0.0252503990233533,-0.500514199903487,0.0496972807940008,-0.412637706673405,0.0259768996381712,NA,NA,NA,NA,NA,NA,NA,NA
-0.5,-0.625,-0.585956339774696,0.0313835029365745,-0.606504348547493,0.0566515984278198,-0.485706302352092,0.0318180617179906,-0.5,-0.486380090829608,0.0242150207590347,-0.483848134358095,0.0405959455419505,-0.396438775263167,0.024935211371892,NA,NA,NA,NA,NA,NA,NA,NA
-0.5,-0.625,-0.647842879610444,0.0344869915809209,-0.626598052508292,0.0751664764076529,-0.49940363488558,0.0349095667338181,-0.5,-0.591341318390764,0.0308046822116931,-0.657443245980158,0.0731395445912907,-0.50748745519145,0.0313776531140046,NA,NA,NA,NA,NA,NA,NA,NA
-0.5,-0.625,-0.621175710089024,0.0339465710849254,-0.584233489397803,0.0790622448191958,-0.474521495062502,0.0341276025453371,-0.5,-0.537287419517937,0.0272252618568972,-0.511357726953718,0.054051216115834,-0.434982733424775,0.0279094961901113,NA,NA,NA,NA,NA,NA,NA,NA
-0.5,-0.625,-0.666054824944492,0.0362319626751014,-0.653953512736162,0.0567674516107842,-0.535860468470449,0.0366085495338229,-0.5,-0.504758022865225,0.0243344209311602,-0.50798323772117,0.0582738361814319,-0.401465137678073,0.0252403393301385,NA,NA,NA,NA,NA,NA,NA,NA
-0.5,-0.625,-0.60108449645631,0.0319360435087923,-0.633009312019643,0.0547202536485608,-0.487110464954739,0.0324120735711003,-0.5,-0.463000373341731,0.0220084871406091,-0.397466177346706,0.0403147391086332,-0.343684292789208,0.023019690044483,NA,NA,NA,NA,NA,NA,NA,NA
-0.5,-0.625,-0.683643707734459,0.0392578877787329,-0.770053810423597,0.0830678603170081,-0.53695010643646,0.0391294395938466,-0.5,-0.509336909437899,0.024155684523709,-0.602499960145043,0.0702212561961428,-0.414699703586425,0.0251048269888516,NA,NA,NA,NA,NA,NA,NA,NA
-0.5,-0.625,-0.6285067802911,0.03052138016167,-0.582320987039822,0.049910313216523,-0.477011676749857,0.0316178367164092,-0.5,-0.588031300611285,0.027366806349567,-0.680256744389144,0.084088179747401,-0.45236607652652,0.028662085811992,NA,NA,NA,NA,NA,NA,NA,NA
-0.5,-0.625,-0.632110526583263,0.0357319573769762,-0.640883654376622,0.0707262389228121,-0.53122651547267,0.0359090551643337,-0.5,-0.516108614496033,0.0257598301128973,-0.538267270565662,0.0492242689633544,-0.413257786074923,0.0265079497109929,NA,NA,NA,NA,NA,NA,NA,NA
-0.5,-0.625,-0.606079362757197,0.0324216603442392,-0.630226378183664,0.0572329260079275,-0.529306165180009,0.0328804307254121,-0.5,-0.49275511514346,0.022930979415479,-0.512704370822538,0.0416451221432802,-0.403027688672062,0.0239219880819725,NA,NA,NA,NA,NA,NA,NA,NA
-0.5,-0.625,-0.619739983835734,0.0325665230919934,-0.586147150697946,0.0505739136206028,-0.499621520094877,0.0331271237957384,-0.5,-0.490401184052124,0.0243444092062217,-0.492931223887065,0.0407459662359189,-0.40829945841623,0.0250473146213595,NA,NA,NA,NA,NA,NA,NA,NA
-0.5,-0.625,-0.681588412407902,0.0344277745281077,-0.75277426050259,0.0723002030824561,-0.551098395598055,0.0354155115426256,-0.5,-0.495140144330472,0.0237882454096632,-0.478765423621784,0.0385432278959285,-0.396353228964961,0.0246897227718878,NA,NA,NA,NA,NA,NA,NA,NA
-0.5,-0.625,-0.54690050806621,0.0281367607887917,-0.56756929112502,0.064159610048472,-0.429949208881998,0.0287514714325706,-0.5,-0.525608338615822,0.0239999529213132,-0.533392354448167,0.0387805422165752,-0.440523483165974,0.0250726079990629,NA,NA,NA,NA,NA,NA,NA,NA
-0.5,-0.625,-0.63025989927683,0.0309867911247908,-0.628022549496971,0.0552040722501854,-0.486756677224269,0.0320039129142273,-0.5,-0.520691048286641,0.0264504530846749,-0.504802624414078,0.0614289634044019,-0.429457874078556,0.0270965861121691,NA,NA,NA,NA,NA,NA,NA,NA
-0.5,-0.625,-0.57068833454112,0.0286567617591578,-0.594693332782258,0.0547174171309053,-0.448081771894133,0.0294297934294718,-0.5,-0.538836073934513,0.0271939031633589,-0.606684575878704,0.0525575760816557,-0.44824785615909,0.027876395103297,NA,NA,NA,NA,NA,NA,NA,NA
-0.5,-0.625,-0.677432378251216,0.039367909380155,-0.709109923125073,0.0862216558546502,-0.52757032527324,0.0390972511310971,-0.5,-0.496867012922529,0.0253440622784293,-0.44031273410139,0.0395806719764313,-0.410150895952894,0.0259586854847214,NA,NA,NA,NA,NA,NA,NA,NA
-0.5,-0.625,-0.600183862725536,0.0334943661271681,-0.632514161682283,0.0665143913359236,-0.499191199607256,0.0337150138559995,-0.5,-0.535591688670181,0.0271036817858897,-0.484054221543331,0.0453407179284709,-0.425457983151765,0.0278012136621183,NA,NA,NA,NA,NA,NA,NA,NA
-0.5,-0.625,-0.676605758291783,0.035749429618426,-0.734813041399823,0.0637999676193876,-0.59202292317977,0.0364029025248996,-0.5,-0.452343165656204,0.0223670865449302,-0.462542289152469,0.0403735997221003,-0.372068686345396,0.0230784137854682,NA,NA,NA,NA,NA,NA,NA,NA
-0.5,-0.625,-0.638219760531793,0.0365662628282193,-0.647183818574748,0.0619674966239142,-0.529198972915441,0.0366332202372262,-0.5,-0.478355529676864,0.0254042647769318,-0.519732600499679,0.0574324017241886,-0.407429000486455,0.0258374639701003,NA,NA,NA,NA,NA,NA,NA,NA
-0.5,-0.625,-0.627336946256995,0.03751012983505,-0.618860236990721,0.0582282920616624,-0.508636511952365,0.0372291222260781,-0.5,-0.489655368013844,0.0243875451137061,-0.520083066834678,0.0514407613561853,-0.404597503890633,0.0250893755255025,NA,NA,NA,NA,NA,NA,NA,NA
-0.5,-0.625,-0.600402103712087,0.0345495422322842,-0.552516128714107,0.0578092774875492,-0.434336014043676,0.034172370922145,-0.5,-0.495219747538999,0.0247988476362157,-0.487367315775931,0.0447231613576386,-0.406454928145937,0.0254925998999443,NA,NA,NA,NA,NA,NA,NA,NA
-0.5,-0.625,-0.617352123332978,0.0317532914299355,-0.648571341427655,0.0531899212168506,-0.50312962793633,0.0324539347098546,-0.5,-0.478303403792985,0.0240586441020007,-0.501570105524463,0.0473824608950048,-0.415292625434805,0.0246263903513116,NA,NA,NA,NA,NA,NA,NA,NA
-0.5,-0.625,-0.5991515247062,0.0297108739519629,-0.638497190934698,0.0615430123545702,-0.500063410651873,0.0305751586300717,-0.5,-0.50179608938841,0.0269446598531743,-0.442257825229925,0.0375186123908435,-0.398498575440802,0.0273540868834439,NA,NA,NA,NA,NA,NA,NA,NA
-0.5,-0.625,-0.64671779781738,0.0348544231352299,-0.613631781571403,0.06055299109421,-0.538877812408047,0.0353248789307437,-0.5,-0.490711924065032,0.0237572788190405,-0.463635261329623,0.047558103536237,-0.396427087873407,0.0246073759862266,NA,NA,NA,NA,NA,NA,NA,NA
-0.5,-0.625,-0.603765246129829,0.0320977436065977,-0.595382544945391,0.0551402532639193,-0.454917002836328,0.0324589032775543,-0.5,-0.593349877633874,0.029505024999026,-0.613289377978708,0.0547801049633115,-0.522541054110129,0.0302354577725689,NA,NA,NA,NA,NA,NA,NA,NA
-0.5,-0.625,-0.587253744523205,0.0342734727792824,-0.742345230469264,0.0921620578545748,-0.501179489456559,0.0343079099209073,-0.5,-0.53209686801397,0.0267914967365894,-0.533629308725703,0.0417310200354615,-0.433452982653701,0.027497725115664,NA,NA,NA,NA,NA,NA,NA,NA
-0.5,-0.625,-0.594300845605016,0.028766678670297,-0.605642262383695,0.0558959038552224,-0.488867085887918,0.0297709656222902,-0.5,-0.526290396001113,0.0245974203142624,-0.558398858635226,0.0633754836282612,-0.431703540684922,0.0256273198498673,NA,NA,NA,NA,NA,NA,NA,NA
-0.5,-0.625,-0.549244991402555,0.0328475406783879,-0.51800126303451,0.0512546812303744,-0.455212572290684,0.0327414111978299,-0.5,-0.529765700288486,0.0226424202370461,-0.583881619389955,0.0513433630958612,-0.450407000117223,0.0239390918549094,NA,NA,NA,NA,NA,NA,NA,NA
-0.5,-0.625,-0.695432255023824,0.0371295565094372,-0.723443017831215,0.0871474982652982,-0.517612343177929,0.0374755523265919,-0.5,-0.440841068255744,0.0221319617425022,-0.445854151321409,0.0400678649862724,-0.365601872618747,0.0227749773787104,NA,NA,NA,NA,NA,NA,NA,NA
-0.5,-0.625,-0.679813139680401,0.0404424578134816,-0.668402240715515,0.0644215384143742,-0.55743787762116,0.0402168837529342,-0.5,-0.512121019464846,0.023262079337617,-0.492753751216217,0.0378375398074301,-0.429775724644377,0.0243193533724,NA,NA,NA,NA,NA,NA,NA,NA
-0.5,-0.625,-0.608347220121278,0.0342922502136101,-0.64300718893498,0.060447938686649,-0.4903621605821,0.0343926211156754,-0.5,-0.471065755505968,0.0239316163113215,-0.452106556322965,0.0398836142288486,-0.361651754879081,0.024614997040455,NA,NA,NA,NA,NA,NA,NA,NA
-0.5,-0.625,-0.737029515495416,0.0383345590854595,-0.728888554399371,0.0773838227292211,-0.61413113605215,0.0393145301593613,-0.5,-0.472968942778697,0.0234813359356276,-0.406601619991902,0.038888822131609,-0.340639860107567,0.0242958624135631,NA,NA,NA,NA,NA,NA,NA,NA
-0.5,-0.625,-0.664823652825688,0.0353364163129214,-0.693051483014554,0.0820953432538689,-0.528554338603593,0.0358640078673537,-0.5,-0.504927065902876,0.0253198928198691,-0.561337089787845,0.057452353751236,-0.4125378749073,0.0260199782875816,NA,NA,NA,NA,NA,NA,NA,NA
-0.5,-0.625,-0.563729665030852,0.0276355735083713,-0.575518307035928,0.046749160184553,-0.498218277189784,0.0283500130393294,-0.5,-0.472894000530764,0.0226276715168227,-0.477933230026295,0.052435512978352,-0.388467453797648,0.0234740090360619,NA,NA,NA,NA,NA,NA,NA,NA
-0.5,-0.625,-0.629677501323211,0.0355293466641833,-0.62231610400405,0.0695476096377721,-0.471611620260257,0.0353850144686095,-0.5,-0.487149647818722,0.0222133230126621,-0.488837440331452,0.0427391317635598,-0.393176011841508,0.023307533091902,NA,NA,NA,NA,NA,NA,NA,NA
-0.5,-0.625,-0.576753362932298,0.0292621863235963,-0.687421306910459,0.0814133214579394,-0.444074014653449,0.0299691239446277,-0.5,-0.548783264934701,0.0259752046296632,-0.566846891708967,0.0515559440804051,-0.430052167096119,0.0270590098668099,NA,NA,NA,NA,NA,NA,NA,NA
-0.5,-0.625,-0.611438520574608,0.0320794759047292,-0.682177783209831,0.069536409064887,-0.519483349482512,0.0326542490446714,-0.5,-0.458454352498387,0.0230659066065206,-0.506661219245616,0.0435801320623766,-0.379332868836297,0.023712087165801,NA,NA,NA,NA,NA,NA,NA,NA
-0.5,-0.625,-0.636194515312164,0.0320909214531159,-0.639152614458709,0.0607600782037872,-0.533535406568948,0.0329439106312892,-0.5,-0.557369955743341,0.0274168040142663,-0.628771919429272,0.0844889257537739,-0.444604906386851,0.0282870086535091,NA,NA,NA,NA,NA,NA,NA,NA
-0.5,-0.625,-0.698549617903131,0.0404711783050672,-0.804341318172801,0.0963625289317657,-0.572067673082063,0.0404535524199491,-0.5,-0.552715948935624,0.0260186402375963,-0.614273781463475,0.0888625610502055,-0.437498192647942,0.0271297810004813,NA,NA,NA,NA,NA,NA,NA,NA
-0.5,-0.625,-0.585008781948617,0.032493651004494,-0.551375536712698,0.05325604203057,-0.48635052313488,0.0327371467614106,-0.5,-0.476699525963395,0.0241752580051542,-0.494251097494167,0.0393327321295095,-0.406208839346601,0.0247548674831007,NA,NA,NA,NA,NA,NA,NA,NA
-0.5,-0.625,-0.634910257392568,0.0346449450381569,-0.668011163422593,0.09647508137301,-0.489604364837052,0.0348630924664474,-0.5,-0.494014512473937,0.0224579069735797,-0.511920257877102,0.0378078299332484,-0.417808636779989,0.0234466386615742,NA,NA,NA,NA,NA,NA,NA,NA
-0.5,-0.625,-0.70113304269287,0.0388012675739523,-0.652784814966581,0.0606829993882872,-0.559443281834346,0.0390704097513128,-0.5,-0.569803708690258,0.026842815997965,-0.563597481370302,0.0472973522267125,-0.463794429320432,0.0279494906346122,NA,NA,NA,NA,NA,NA,NA,NA
-0.5,-0.625,-0.621911378109738,0.0331002680203582,-0.600256167390159,0.0570543653354526,-0.51559641921879,0.0336068942419164,-0.5,-0.511205457386685,0.0240731909548526,-0.462201957133831,0.038222322503364,-0.398821943563801,0.0251245291173956,NA,NA,NA,NA,NA,NA,NA,NA
-0.5,-0.625,-0.656774437200515,0.0386501099435801,-0.69314165794298,0.070872578207946,-0.53036939857359,0.0384439050998089,-0.5,-0.447109927817902,0.0229228013253686,-0.485497886686656,0.0709121127303113,-0.373424953825286,0.0234909868240552,NA,NA,NA,NA,NA,NA,NA,NA
-0.5,-0.625,-0.622032738005097,0.0354102212516428,-0.577741781374923,0.0562280211113295,-0.516788870056694,0.035518279695607,-0.5,-0.513175439763478,0.0242284750570006,-0.508745816725474,0.0401502267435953,-0.433036417380852,0.025122512753336,NA,NA,NA,NA,NA,NA,NA,NA
-0.5,-0.625,-0.635657897651789,0.032752097386641,-0.633386209437103,0.0566482465174584,-0.504570773161527,0.0334573012183706,-0.5,-0.484404735935946,0.0239864536155022,-0.464174782172285,0.0376661637727717,-0.383689461375036,0.0247610323785088,NA,NA,NA,NA,NA,NA,NA,NA
-0.5,-0.625,-0.621296977768116,0.0370615626987233,-0.614371499368823,0.0648155715311175,-0.458227519299405,0.036400732391468,-0.5,-0.477792690434259,0.0230641317668044,-0.463380891395633,0.0401878676903489,-0.381868140339249,0.0239299556230329,NA,NA,NA,NA,NA,NA,NA,NA
-0.5,-0.625,-0.641779207391763,0.0328747923619345,-0.642403366944163,0.069502801726116,-0.506923787907704,0.033629398176177,-0.5,-0.52032607015216,0.023865222461361,-0.500355950153971,0.0421878509703508,-0.416833078362992,0.0250188528096945,NA,NA,NA,NA,NA,NA,NA,NA
-0.5,-0.625,-0.633235583348761,0.0347435852954699,-0.551925967389266,0.0548756966908605,-0.499343476782206,0.0349777768575315,-0.5,-0.462992250097918,0.0247010072447073,-0.528398452372567,0.0457865812239691,-0.41205960756465,0.0250581417317062,NA,NA,NA,NA,NA,NA,NA,NA
-0.5,-0.625,-0.611279909626412,0.0352918609014184,-0.632081488497475,0.0631254998123382,-0.516947872640069,0.0353576500648601,-0.5,-0.522024412322079,0.0250633883901464,-0.484594983661333,0.0438558086360905,-0.399703598315467,0.0260463153649313,NA,NA,NA,NA,NA,NA,NA,NA
-0.5,-0.625,-0.623071743624291,0.0313212185737327,-0.577978811566857,0.0548011494767275,-0.49269889633724,0.0321732952674914,-0.5,-0.458729628411572,0.0223878862605519,-0.460049147591814,0.0354968566417619,-0.387496075017187,0.0230927851165052,NA,NA,NA,NA,NA,NA,NA,NA
-0.5,-0.625,-0.700818766599746,0.0391146851873981,-0.613270541000938,0.0584616143813869,-0.507589084144897,0.0388775154284635,-0.5,-0.461539303099138,0.0224157984571674,-0.461376936247597,0.0434404582767501,-0.377425680053005,0.0232059095956455,NA,NA,NA,NA,NA,NA,NA,NA
-0.5,-0.625,-0.580059662735384,0.0322497933549772,-0.517767851322496,0.0504779752773254,-0.400237624227782,0.0320616228503299,-0.5,-0.492123831504346,0.0233563230034551,-0.449782406309943,0.0428772456075961,-0.38923218235766,0.0243257657857597,NA,NA,NA,NA,NA,NA,NA,NA
-0.5,-0.625,-0.68784895757488,0.0350928583496049,-0.745002933567503,0.0623718625114076,-0.552210168543298,0.0360177980290223,-0.5,-0.545713695149308,0.0247947805077393,-0.625922080368957,0.0535968463120492,-0.45449989707846,0.0259607486508682,NA,NA,NA,NA,NA,NA,NA,NA
-0.5,-0.625,-0.597383832630859,0.0322637322397042,-0.630012257126737,0.0553592206725979,-0.524035964919736,0.0326679871096362,-0.5,-0.478592755706391,0.0233586906711472,-0.426691013307903,0.0351622815346022,-0.389956892478467,0.0241513005746981,NA,NA,NA,NA,NA,NA,NA,NA
-0.5,-0.625,-0.630194756427578,0.0339288871420044,-0.709276548180144,0.0730058734992968,-0.546526182339889,0.0343952019725629,-0.5,-0.499706020760671,0.0221721380734689,-0.476822979992493,0.0438581457467087,-0.402565369190483,0.0234141266555127,NA,NA,NA,NA,NA,NA,NA,NA
-0.5,-0.625,-0.750064124294972,0.0420576900918009,-0.732013925495655,0.0673643485146122,-0.622271635221027,0.0424536828051645,-0.5,-0.652873902908415,0.0323326856056762,-0.631836165068514,0.0626404756615603,-0.52025911596173,0.0333719757611927,NA,NA,NA,NA,NA,NA,NA,NA
-0.5,-0.625,-0.621026773201161,0.0305303607695209,-0.559342411563784,0.051286857579838,-0.484568850415877,0.0315301089900999,-0.5,-0.491845810237045,0.0245633298791435,-0.493939767510881,0.0587235229249346,-0.386500146027938,0.0253100829956404,NA,NA,NA,NA,NA,NA,NA,NA
-0.5,-0.625,-0.738093618067405,0.0392445845460789,-0.712973099710962,0.073477782587338,-0.616794284252478,0.0400543784121573,-0.5,-0.515602847986499,0.0235025836447233,-0.438599888225903,0.0390241054907091,-0.380067522553679,0.0247957601050088,NA,NA,NA,NA,NA,NA,NA,NA
-0.5,-0.625,-0.603756026830032,0.0325465618909354,-0.564694121285697,0.0529654080731562,-0.473102915091524,0.0328842153791841,-0.5,-0.50291006326109,0.0241604467596102,-0.496371884157242,0.0636260616064568,-0.403376932807151,0.025068535404392,NA,NA,NA,NA,NA,NA,NA,NA
-0.5,-0.625,-0.661113472580959,0.0363042752577561,-0.653949812800691,0.0618250758863432,-0.553214194025016,0.0366827615768955,-0.5,-0.54960931511475,0.0237947984600854,-0.520096236555437,0.0486917282334133,-0.418375132187779,0.0254383464618585,NA,NA,NA,NA,NA,NA,NA,NA
-0.5,-0.625,-0.630241360107477,0.0313789900055923,-0.550846596606135,0.047709826582299,-0.510902169929388,0.0323164511595501,-0.5,-0.481965513154685,0.0248963204153457,-0.493819015418979,0.0569353284154091,-0.384126168245549,0.025485205826065,NA,NA,NA,NA,NA,NA,NA,NA
-0.5,-0.625,-0.611905736343433,0.0316423547032794,-0.704256066126929,0.0674878953544713,-0.516335345590184,0.0322974949919961,-0.5,-0.520182340366431,0.0246560038117094,-0.56989893553028,0.0469602424537382,-0.436405525231201,0.0255621973208919,NA,NA,NA,NA,NA,NA,NA,NA
-0.5,-0.625,-0.598537537269107,0.0335978603647606,-0.545929315037079,0.0489670664575081,-0.517333905085051,0.0338320262853699,-0.5,-0.485696328662691,0.0223701550918761,-0.428902688708013,0.0364750281964249,-0.378489233959979,0.023488729568669,NA,NA,NA,NA,NA,NA,NA,NA
-0.5,-0.625,-0.60274706124027,0.0312045346048161,-0.606743846208277,0.0572419970435046,-0.497203601609287,0.0318438982066202,-0.5,-0.479137009380075,0.0238252994712574,-0.462832327880526,0.0388917722561064,-0.363606515887746,0.0246120578290422,NA,NA,NA,NA,NA,NA,NA,NA
-0.5,-0.625,-0.619453089581773,0.0340106635242784,-0.590710572041811,0.0556116764991919,-0.517761243980654,0.0343398751895548,-0.5,-0.465075696146991,0.0228560270247245,-0.522465838758195,0.0467792488021966,-0.362680302799462,0.0236708978093106,NA,NA,NA,NA,NA,NA,NA,NA
-0.5,-0.625,-0.624929498950903,0.0327849110956735,-0.67692188186351,0.0754910476098822,-0.491376772390097,0.0333325280202536,-0.5,-0.506606694813247,0.0248133163206803,-0.463498561162332,0.0428126535395377,-0.408778826618573,0.025631502151442,NA,NA,NA,NA,NA,NA,NA,NA
-0.5,-0.625,-0.582292304818519,0.029683672753568,-0.621214649241647,0.0754912631631127,-0.464417427843096,0.030381942548175,-0.5,-0.488059846887456,0.0238555342829411,-0.537628521134724,0.0500027383810216,-0.421267012368098,0.0245331424459287,NA,NA,NA,NA,NA,NA,NA,NA
-0.5,-0.625,-0.59215885280664,0.0318371186117111,-0.565291632340525,0.0491161118691226,-0.477985778177111,0.0322317890444983,-0.5,-0.52016928922832,0.0250929150323248,-0.577825922612937,0.0534435449041404,-0.428744920073158,0.0259628904463312,NA,NA,NA,NA,NA,NA,NA,NA
-0.5,-0.625,-0.603073644021782,0.0304697871290462,-0.568760816959053,0.0513218969412634,-0.489444924616811,0.031254174543174,-0.5,-0.417994338712253,0.0220593993926038,-0.439712905018633,0.0401161681968897,-0.344326878604825,0.0225642225523504,NA,NA,NA,NA,NA,NA,NA,NA
-0.5,-0.625,-0.597426661546697,0.0322759609648488,-0.570351135186229,0.0500165650919609,-0.518786095809762,0.0326836023370614,-0.5,-0.51381491003831,0.0243077482805429,-0.600911872405255,0.0839858299586296,-0.431689993531675,0.0252063647639313,NA,NA,NA,NA,NA,NA,NA,NA
-0.5,-0.625,-0.713085511512416,0.0368768592758313,-0.709273549990675,0.0610648244431033,-0.557709777585017,0.0377263987173355,-0.5,-0.545883532723147,0.0249592515752283,-0.556667870125541,0.0612039189431972,-0.458446333362489,0.0260722835524432,NA,NA,NA,NA,NA,NA,NA,NA
-0.5,-0.625,-0.714039147619566,0.04317972073898,-0.747542490776704,0.0667350300221085,-0.626127665339504,0.0431368886316606,-0.5,-0.539508421673117,0.0262611098558252,-0.677220899740505,0.080787244119834,-0.451047371141549,0.0270970415089982,NA,NA,NA,NA,NA,NA,NA,NA
-0.5,-0.625,-0.650893745301625,0.0399124148540406,-0.7168677170901,0.0813410480411115,-0.515826775325865,0.0393111405856676,-0.5,-0.489350509105783,0.0237843505508696,-0.544365829848154,0.0575705010851087,-0.40686780311541,0.024567391715883,NA,NA,NA,NA,NA,NA,NA,NA
-0.5,-0.625,-0.575488538744254,0.0330658217667294,-0.540554543700853,0.0542654173914537,-0.447786163377004,0.0329864358396505,-0.5,-0.497792462694412,0.0241884654528904,-0.522205006624822,0.0495382781290486,-0.384172240875135,0.0250815900384069,NA,NA,NA,NA,NA,NA,NA,NA
-0.5,-0.625,-0.603888501428772,0.029857704823639,-0.59152766959595,0.0587597786886122,-0.482328440922562,0.0307809188664568,-0.5,-0.487884093085328,0.0245891774626234,-0.51478199732148,0.0471200474575068,-0.411754530798875,0.0252130427354476,NA,NA,NA,NA,NA,NA,NA,NA
-0.5,-0.625,-0.562048723469702,0.0283286912930588,-0.616392921257138,0.0664859096055314,-0.447845890804667,0.029069881488376,-0.5,-0.537578750434999,0.0264355925105598,-0.544212989695377,0.051825587588456,-0.418347830726253,0.027295329670414,NA,NA,NA,NA,NA,NA,NA,NA
-0.5,-0.625,-0.629514470386226,0.0360403554540589,-0.593660642879483,0.057948864935803,-0.469957255905532,0.035761739544592,-0.5,-0.489230875439905,0.0258969071077946,-0.455801041094262,0.0399786075315694,-0.389846001965569,0.0263786276793857,NA,NA,NA,NA,NA,NA,NA,NA
-0.5,-0.625,-0.69126647787083,0.038780110453409,-0.778371816500954,0.0917805254315013,-0.593522924353283,0.0391128439849318,-0.5,-0.507150781170874,0.0230586549125901,-0.557745556448067,0.0487142244494959,-0.436731428608854,0.0240116090415892,NA,NA,NA,NA,NA,NA,NA,NA
-0.5,-0.625,-0.589224707719221,0.0304034774308638,-0.65324793511827,0.0639328750199058,-0.466811322347963,0.0310320905204418,-0.5,-0.512204731849503,0.0240086464381945,-0.46711052314537,0.041181016511842,-0.388698062108061,0.0251155601074026,NA,NA,NA,NA,NA,NA,NA,NA
-0.5,-0.625,-0.665213369178798,0.0378555201588732,-0.616802714384003,0.0608767820129961,-0.493199471263737,0.0375549562385705,-0.5,-0.482660766894711,0.0232692126513144,-0.492771292806006,0.0511596857720306,-0.38694827233466,0.0241403063873711,NA,NA,NA,NA,NA,NA,NA,NA
-0.5,-0.625,-0.574338745035286,0.0293375738736177,-0.614919799513803,0.0551707764466307,-0.468977215531749,0.0300142143545445,-0.5,-0.481662345213129,0.0222931353398031,-0.564253173021606,0.0652433370617564,-0.406847389533695,0.0231998248176526,NA,NA,NA,NA,NA,NA,NA,NA
-0.5,-0.625,-0.601005502695458,0.0338030885294604,-0.60831965628982,0.0528039178383909,-0.527950906754352,0.0340396559613027,-0.5,-0.474099736674487,0.0238778726080951,-0.515358557313586,0.0508104754587749,-0.381536976010945,0.0245618791829689,NA,NA,NA,NA,NA,NA,NA,NA
-0.5,-0.625,-0.615219439239109,0.0309935118710202,-0.599289262696167,0.0626043921748177,-0.471190432730194,0.0317906640256582,-0.5,-0.483108156442012,0.0233446040578828,-0.538038572741055,0.0537166510603316,-0.408671251229707,0.0241036613913461,NA,NA,NA,NA,NA,NA,NA,NA
-0.5,-0.625,-0.719787004277766,0.0417659065039017,-0.71178476719071,0.0673805771051804,-0.612890004718975,0.0419050581714123,-0.5,-0.488700442173988,0.0279742279843738,-0.488633110048509,0.0466153403523682,-0.390095694038533,0.0281169735571035,NA,NA,NA,NA,NA,NA,NA,NA
-0.5,-0.625,-0.799422975508213,0.0442010007365586,-0.729927696355873,0.0634005126462246,-0.628221128245261,0.0446910047187492,-0.5,-0.496529240780844,0.0243443887243104,-0.47920541843284,0.0415147561661581,-0.411534081917528,0.0251079380968393,NA,NA,NA,NA,NA,NA,NA,NA
-0.5,-0.625,-0.615492942625428,0.0358327320593047,-0.630017203995661,0.0626125519754848,-0.489994872094356,0.035679558520531,-0.5,-0.533890827540348,0.0269629213356299,-0.545910976106975,0.0513672969833856,-0.425081113799243,0.0276690172407382,NA,NA,NA,NA,NA,NA,NA,NA
-0.5,-0.625,-0.672439648251774,0.0384763151610015,-0.654778599649282,0.0672599462273531,-0.513353309906938,0.0382538840876468,-0.5,-0.494001203263772,0.023241518170506,-0.471334259954613,0.0422789632897521,-0.3626151506583,0.0243344141580603,NA,NA,NA,NA,NA,NA,NA,NA
-0.5,-0.625,-0.622977637776987,0.033559180116065,-0.609571532680909,0.0641322325283211,-0.474590118028456,0.0338444761431181,-0.5,-0.46121031295521,0.0210130376581501,-0.372190939921449,0.0343682193731007,-0.36242702642164,0.0221229103427294,NA,NA,NA,NA,NA,NA,NA,NA
-0.5,-0.625,-0.609975260962944,0.0342896122487013,-0.547857379148592,0.0538610990743985,-0.502642927044737,0.0344541473305955,-0.5,-0.474189067491681,0.0226958554939236,-0.472727078121559,0.0425926878207285,-0.369421933684964,0.0236301530929238,NA,NA,NA,NA,NA,NA,NA,NA
-0.5,-0.625,-0.613604613541701,0.0345661137965016,-0.62648892482555,0.0717800699634107,-0.447515908719861,0.0343646078019012,-0.5,-0.463815460798968,0.021242048764942,-0.451996687880224,0.0445293969342841,-0.394208524990322,0.0221322373392286,NA,NA,NA,NA,NA,NA,NA,NA
-0.5,-0.625,-0.619357052854022,0.0313001789800912,-0.597043763731022,0.0574994982137312,-0.478124057469394,0.0320889436661663,-0.5,-0.517321066505825,0.0247135500947812,-0.553224007128104,0.0415097002631769,-0.432568030508314,0.0255908160162346,NA,NA,NA,NA,NA,NA,NA,NA
-0.5,-0.625,-0.609169745874682,0.0312210997380178,-0.5677302220624,0.0519664748953104,-0.480775550361932,0.0319148295812463,-0.5,-0.496778833985055,0.0239447278601556,-0.488124445779857,0.0466352671983905,-0.396744923597469,0.024837117652402,NA,NA,NA,NA,NA,NA,NA,NA
-0.5,-0.625,-0.650438408337665,0.03298968900051,-0.626515776702566,0.0718495578358255,-0.490807542694693,0.0337732219760814,-0.5,-0.521153857140473,0.0237310446362972,-0.468961417990579,0.0396162385379683,-0.403857163502473,0.0249814563969435,NA,NA,NA,NA,NA,NA,NA,NA
-0.5,-0.625,-0.538298194112589,0.0302624179058323,-0.509242739265777,0.0551677672369116,-0.414733752856144,0.0303591852867317,-0.5,-0.496289619145405,0.0260437832623564,-0.563902839203618,0.066240271422913,-0.401138093151162,0.0265566265553442,NA,NA,NA,NA,NA,NA,NA,NA
-0.5,-0.625,-0.675802868886493,0.0387347068513149,-0.63259575574015,0.061199618909646,-0.563048557583257,0.038834778452643,-0.5,-0.482331689135985,0.0229669396711073,-0.450542553165633,0.0498685027307188,-0.361262758746223,0.0239735783518768,NA,NA,NA,NA,NA,NA,NA,NA
-0.5,-0.625,-0.646799838061272,0.0337251752311463,-0.611007494692308,0.056309023444759,-0.517548142135635,0.0343744376096251,-0.5,-0.512524401820517,0.0239248770794265,-0.546428230933212,0.0452012954915521,-0.4469111898942,0.0247549541022333,NA,NA,NA,NA,NA,NA,NA,NA
-0.5,-0.625,-0.630177180287677,0.0344762240696339,-0.591089605012448,0.0587025888403592,-0.491603778552276,0.0347038435611809,-0.5,-0.541893424046698,0.0269056967956787,-0.525545393787479,0.0487144817506896,-0.419639512738072,0.0277168504254838,NA,NA,NA,NA,NA,NA,NA,NA
-0.5,-0.625,-0.53424425272435,0.0277279297357304,-0.567171462359836,0.0626655717376231,-0.432815479152618,0.0282930622278734,-0.5,-0.519974598483094,0.0235749319695481,-0.455072794922977,0.0364220810145114,-0.412756628616133,0.0248018643635942,NA,NA,NA,NA,NA,NA,NA,NA
-0.5,-0.625,-0.569824169333365,0.0308682969238832,-0.584364167530534,0.0594487697688225,-0.44134577766574,0.0311610910454707,-0.5,-0.502912273980222,0.0225510330079174,-0.484314634866824,0.0531700285479345,-0.391687090868966,0.0238292175750186,NA,NA,NA,NA,NA,NA,NA,NA
-0.5,-0.625,-0.55996686753235,0.0312957485545392,-0.545085885537354,0.0486665171192117,-0.466127375344823,0.0315124511717586,-0.5,-0.502968175935244,0.0265454708368921,-0.495028589306539,0.0426580003364077,-0.422518327447427,0.0270140561819349,NA,NA,NA,NA,NA,NA,NA,NA
-0.5,-0.625,-0.522737980036312,0.0268939040203053,-0.506384112577323,0.0449174587347455,-0.418611579275107,0.02750054138097,-0.5,-0.515620399986154,0.025436062871099,-0.581014023171037,0.105310694622337,-0.406359357322712,0.0262523164704269,NA,NA,NA,NA,NA,NA,NA,NA
-0.5,-0.625,-0.589640129994156,0.0322320058358998,-0.562814522351396,0.0459888722001842,-0.484018709398193,0.0325484820543717,-0.5,-0.480705418644196,0.0224010544885044,-0.426605100078297,0.040299540551432,-0.36496637525228,0.023496265762802,NA,NA,NA,NA,NA,NA,NA,NA
-0.5,-0.625,-0.670790507338384,0.0344184970033285,-0.692139286390884,0.0624132685808939,-0.577905529344933,0.0352391190301158,-0.5,-0.474257933368431,0.0215218821498646,-0.469427977654086,0.045528345452533,-0.389007084692117,0.0225688737283934,NA,NA,NA,NA,NA,NA,NA,NA
-0.5,-0.625,-0.606630922801484,0.0360833139906406,-0.569544657518856,0.0524235344936475,-0.46549561570486,0.035655896272961,-0.5,-0.48760264636392,0.0211579527780406,-0.473255970860301,0.0397534424232941,-0.403047009240043,0.0223798346996304,NA,NA,NA,NA,NA,NA,NA,NA
-0.5,-0.625,-0.568954092549871,0.0298493567101966,-0.57653406116616,0.0509251065175066,-0.454620357402687,0.0303689606711767,-0.5,-0.491147959577052,0.0227036861333733,-0.469500859617959,0.0395219585372026,-0.377643273200779,0.0238346775454593,NA,NA,NA,NA,NA,NA,NA,NA
-0.5,-0.625,-0.588995984468046,0.0305488803187971,-0.58303252790884,0.0552860817511421,-0.470343837869017,0.0311500984106646,-0.5,-0.546693032084545,0.0258490520173528,-0.545930666993666,0.042866620974714,-0.458601219426364,0.0268195262565686,NA,NA,NA,NA,NA,NA,NA,NA
-0.5,-0.625,-0.545057764962891,0.0288368273497173,-0.551471802234403,0.0621912089805062,-0.457212445019447,0.0293084628474311,-0.5,-0.527162376716809,0.0240258313219584,-0.486444712818596,0.0395032747612434,-0.415915726255548,0.0252554889798434,NA,NA,NA,NA,NA,NA,NA,NA
-0.5,-0.625,-0.613358390192931,0.0343115670133687,-0.706875264085061,0.108004641770871,-0.504817654397878,0.0345035793652135,-0.5,-0.480485825770354,0.0231266177341103,-0.537307739734736,0.0485233575033897,-0.390794773714867,0.0239782124937449,NA,NA,NA,NA,NA,NA,NA,NA
-0.5,-0.625,-0.626988023707062,0.0366730086763796,-0.624570085750553,0.067282321779764,-0.530012371337865,0.0366655004097735,-0.5,-0.550149433956729,0.027881693588531,-0.564773239207147,0.0492009112736116,-0.454056038112356,0.0285646110826941,NA,NA,NA,NA,NA,NA,NA,NA
-0.5,-0.625,-0.676326456590631,0.03692262615136,-0.651643151779306,0.0754570469015013,-0.572646552130098,0.0373813185089766,-0.5,-0.527081438483059,0.0240786128639063,-0.513579808378377,0.045387287707158,-0.420180591895483,0.0252768573573327,NA,NA,NA,NA,NA,NA,NA,NA
-0.5,-0.625,-0.617543935612741,0.0319860908347292,-0.584138645246716,0.0628389030237129,-0.495497570824687,0.032634311103014,-0.5,-0.523135643273181,0.0254435998776728,-0.583240511711015,0.0495940636567372,-0.449910138291847,0.0261941259549971,NA,NA,NA,NA,NA,NA,NA,NA
-0.5,-0.625,-0.67713011408035,0.035424364618607,-0.707535406945426,0.0972717734995763,-0.566064462865689,0.0361570788759708,-0.5,-0.526863628763654,0.0238098115088205,-0.495543244637616,0.0417563116603196,-0.444126547031215,0.0249093584667069,NA,NA,NA,NA,NA,NA,NA,NA
-0.5,-0.625,-0.674324227099928,0.0395041113277397,-0.689575751099761,0.0732811722078818,-0.56838868817141,0.0394917307373179,-0.5,-0.462214936777836,0.0226560814495866,-0.461629729122328,0.0442162235505725,-0.367942390219499,0.0234552408355839,NA,NA,NA,NA,NA,NA,NA,NA
-0.5,-0.625,-0.646800068846284,0.0360724788953504,-0.640519294229009,0.0559478186479016,-0.507511985915597,0.0361729986354063,-0.5,-0.491701304860608,0.0241568294243411,-0.483659411898552,0.0394498361116245,-0.399482105530508,0.0249389810476825,NA,NA,NA,NA,NA,NA,NA,NA
-0.5,-0.625,-0.6529704954262,0.0358399392302625,-0.668974058875282,0.0754275310253108,-0.528334215659333,0.0361469539771655,-0.5,-0.488307172735575,0.0248193985899133,-0.48330139944537,0.0464024625697241,-0.393764776769067,0.0254679158335855,NA,NA,NA,NA,NA,NA,NA,NA
-0.5,-0.625,-0.630876511445302,0.0330621007697922,-0.592782955599111,0.0511306340105332,-0.525436529494362,0.0336776650594222,-0.5,-0.510524017743893,0.0236994584869455,-0.513579593060583,0.0403664602577462,-0.424987339123538,0.0246904895445859,NA,NA,NA,NA,NA,NA,NA,NA
-0.5,-0.625,-0.589532871466591,0.0323100915493213,-0.632349992684937,0.0743593519420002,-0.448249276838109,0.0324754597637209,-0.5,-0.535460285067919,0.0259966594414692,-0.563639665077426,0.0563076933352331,-0.442179373961492,0.0268589817888606,NA,NA,NA,NA,NA,NA,NA,NA
-0.5,-0.625,-0.592230631022304,0.0303381024415783,-0.62268510600277,0.0521918159684707,-0.513837266944981,0.0309743915980582,-0.5,-0.480838757124537,0.0227001660865056,-0.482052279994848,0.0424581358619823,-0.35861020514001,0.0237518141995929,NA,NA,NA,NA,NA,NA,NA,NA
-0.5,-0.625,-0.62275556316867,0.0372522687709166,-0.600046206076249,0.059219896598448,-0.488912192376268,0.0368437869599799,-0.5,-0.520211368938838,0.0243598030080619,-0.521030832271053,0.0448803510297254,-0.428726027521121,0.0253585467597408,NA,NA,NA,NA,NA,NA,NA,NA
-0.5,-0.625,-0.604152545477732,0.0313349193115351,-0.620535455934563,0.0516990524456786,-0.492523574575524,0.0319635885214948,-0.5,-0.563620451011368,0.0262061284511358,-0.565501595322881,0.0515437917723531,-0.441455901874543,0.0274259270888957,NA,NA,NA,NA,NA,NA,NA,NA
-0.5,-0.625,-0.602611113888717,0.0328020893258485,-0.64807684773732,0.0622690718739509,-0.497932211337638,0.0331556084543935,-0.5,-0.527664587872059,0.0260975192449076,-0.594269228440694,0.0662716607394041,-0.42177550244631,0.0269010541708963,NA,NA,NA,NA,NA,NA,NA,NA
-0.5,-0.625,-0.638012193062855,0.0346474756146692,-0.600561512097024,0.054362279525021,-0.51000643941323,0.0349902222642845,-0.5,-0.504346159793566,0.0260919566866774,-0.541198773411186,0.0505358721893287,-0.413907202482769,0.0266569563102229,NA,NA,NA,NA,NA,NA,NA,NA
-0.5,-0.625,-0.699321997052725,0.0362542513051811,-0.680849353264209,0.0587372468113167,-0.565337860582109,0.0370948534690322,-0.5,-0.485612470250198,0.0227302178061521,-0.461774869883623,0.0442895671727955,-0.375104983663191,0.0237881488918122,NA,NA,NA,NA,NA,NA,NA,NA
-0.5,-0.625,-0.596646364874002,0.0329280050046478,-0.627615951195134,0.0541955964495343,-0.481720482865698,0.033165690427651,-0.5,-0.487319595341428,0.023278843995761,-0.46209057076648,0.0429041140487808,-0.383950194649495,0.0242193459163345,NA,NA,NA,NA,NA,NA,NA,NA
-0.5,-0.625,-0.597652854577958,0.034735537100164,-0.59588150407733,0.0694302848270358,-0.496670614261373,0.0347298510587882,-0.5,-0.489660975353006,0.0248304983794951,-0.492549425253876,0.0406355988821281,-0.391932962042941,0.0254952077950179,NA,NA,NA,NA,NA,NA,NA,NA
-0.5,-0.625,-0.716565892460864,0.0382854086748553,-0.697248831447524,0.0638151594582177,-0.599063707020017,0.0389837345337137,-0.5,-0.483028101526851,0.0244333997207026,-0.515367050599602,0.0464110570291812,-0.390775362452845,0.0250971163337495,NA,NA,NA,NA,NA,NA,NA,NA
-0.5,-0.625,-0.569303767937832,0.0295307503192918,-0.526982077950266,0.0538448843746838,-0.433547829195026,0.0300806658728471,-0.5,-0.529787251573497,0.024915082987275,-0.525152335857454,0.0404761909763924,-0.424869353270264,0.0259655849057104,NA,NA,NA,NA,NA,NA,NA,NA
-0.5,-0.625,-0.642919303257177,0.0363769077298104,-0.56514703548359,0.0489134785554658,-0.500716671448776,0.0363400475335016,-0.5,-0.535518958171777,0.0246692889751594,-0.581555433502007,0.0443171926587002,-0.442353292171594,0.0257687568128826,NA,NA,NA,NA,NA,NA,NA,NA
-0.5,-0.625,-0.577415417831244,0.0309172185057134,-0.517082246950026,0.0490079317870035,-0.491280298388356,0.0313516299204382,-0.5,-0.532364908565927,0.0265181003016053,-0.589931152183614,0.0503269320273083,-0.455427743481489,0.0272046040461172,NA,NA,NA,NA,NA,NA,NA,NA
-0.5,-0.625,-0.544626349345497,0.0291385342474816,-0.526514236031808,0.0469990166189194,-0.448837008265364,0.02956002788692,-0.5,-0.519656427132681,0.025382252484774,-0.521486231755553,0.0535245706332203,-0.44829573574258,0.0261044746539599,NA,NA,NA,NA,NA,NA,NA,NA
-0.5,-0.625,-0.650683911468927,0.0333573774941582,-0.765642753144584,0.0868708490386012,-0.538742620865108,0.0341533534767614,-0.5,-0.482439501196324,0.0225007833153652,-0.527457691251868,0.0575153036607962,-0.378782249308335,0.0235459814825138,NA,NA,NA,NA,NA,NA,NA,NA
-0.5,-0.625,-0.660429155461353,0.0376924675937062,-0.603366626148116,0.0632895147395894,-0.530352690077414,0.0376947995790443,-0.5,-0.504267490881785,0.0243956803635226,-0.470663293509352,0.0481461486962447,-0.399924290603654,0.0252884715355191,NA,NA,NA,NA,NA,NA,NA,NA
-0.5,-0.625,-0.678611128960217,0.0365062349764263,-0.672641364804204,0.0596479745707804,-0.593098352835872,0.037067781758961,-0.5,-0.531337371962004,0.0265961950707444,-0.556528217280054,0.0607573416340959,-0.400485921312917,0.0273543484337768,NA,NA,NA,NA,NA,NA,NA,NA
-0.5,-0.625,-0.644480724681598,0.0338038005822155,-0.691063791572991,0.0632864029451337,-0.528473926536911,0.0344318616477653,-0.5,-0.539459253633495,0.025146079357747,-0.565598667489515,0.0605997867708657,-0.440015018631314,0.02622893926035,NA,NA,NA,NA,NA,NA,NA,NA
-0.5,-0.625,-0.66038354049362,0.0354812496678471,-0.787114335820716,0.106129148103038,-0.543601915147669,0.0359805755690839,-0.5,-0.516511092860641,0.0255430268724797,-0.478880321392783,0.0429062130318128,-0.413902424653223,0.0263342710458677,NA,NA,NA,NA,NA,NA,NA,NA
-0.5,-0.625,-0.533756857974968,0.0302534723785524,-0.558055454389388,0.0511217301457524,-0.428379584461155,0.0303766396108841,-0.5,-0.460882151352403,0.0217135081246534,-0.475570960402601,0.0355643150808808,-0.369044134956658,0.0226544387096624,NA,NA,NA,NA,NA,NA,NA,NA
-0.5,-0.625,-0.624269760773628,0.0341122255249246,-0.68414577405534,0.0717375795570423,-0.482650401202812,0.0343252035956119,-0.5,-0.492979710710796,0.0227507333148066,-0.496419377088313,0.0581754421027232,-0.394402634426725,0.0238244108025696,NA,NA,NA,NA,NA,NA,NA,NA
-0.5,-0.625,-0.586350563744187,0.0296400294197681,-0.521798184872687,0.0482180553104665,-0.412945624643488,0.0302689613542288,-0.5,-0.499681189638502,0.0218466004544262,-0.488485915908228,0.0398354370757274,-0.392692446553507,0.0232172149880801,NA,NA,NA,NA,NA,NA,NA,NA
-0.5,-0.625,-0.648444277106025,0.0373417678654994,-0.641106556045785,0.0623159816534433,-0.509929879634009,0.0371995339001528,-0.5,-0.534562369621113,0.0261076704402507,-0.574159360942189,0.0488287889273462,-0.441337092013889,0.0269420678426146,NA,NA,NA,NA,NA,NA,NA,NA
-0.5,-0.625,-0.587925311294169,0.0340077995911709,-0.62406560771692,0.0616774520570914,-0.484661659225333,0.0340160336389878,-0.5,-0.482020879055846,0.0260421031120509,-0.50500757029089,0.041136423778905,-0.392923376984084,0.026439712842648,NA,NA,NA,NA,NA,NA,NA,NA
-0.5,-0.625,-0.62450467199692,0.0332998752132076,-0.737859621947856,0.0752949572958942,-0.494720593862975,0.0337432988222112,-0.5,-0.447305242958541,0.0245707067111394,-0.425090646200261,0.0457275598707039,-0.347544654080368,0.0249453994529608,NA,NA,NA,NA,NA,NA,NA,NA
-0.5,-0.625,-0.624400544046299,0.032065140528694,-0.641745443843876,0.063880563129087,-0.500054743544665,0.0327805712927369,-0.5,-0.487122740505859,0.0248011249503315,-0.472976084643774,0.0488183262049706,-0.403735727029688,0.0254140684657704,NA,NA,NA,NA,NA,NA,NA,NA
-0.5,-0.625,-0.646323931449848,0.0363471156457124,-0.68368597633193,0.0902319699278123,-0.494999689756007,0.0362987632574744,-0.5,-0.529794683438468,0.0261102958606423,-0.532490412987786,0.0400355501109985,-0.420235842975823,0.0269396261776841,NA,NA,NA,NA,NA,NA,NA,NA
-0.5,-0.625,-0.611862825897841,0.030890461989487,-0.591084066443456,0.0561473008014162,-0.470201404335403,0.0316701708886467,-0.5,-0.502368541243191,0.023433763800748,-0.532234598033448,0.0524047206628962,-0.39376157683858,0.024510957376581,NA,NA,NA,NA,NA,NA,NA,NA
-0.5,-0.625,-0.573855201469341,0.0289496018047563,-0.569554849435497,0.0520776704520845,-0.471982657028338,0.0296887827937136,-0.5,-0.47791627533634,0.0227027547909322,-0.547601214662075,0.0639094950447833,-0.397642273524483,0.0235535220924132,NA,NA,NA,NA,NA,NA,NA,NA
-0.5,-0.625,-0.630240691710123,0.0305430175965346,-0.630207992606767,0.0587824073591067,-0.484095173087294,0.0316667055368269,-0.5,-0.451113984645759,0.0222523310961708,-0.441816725962662,0.0370448132891189,-0.376927326316265,0.0229414638369075,NA,NA,NA,NA,NA,NA,NA,NA
-0.5,-0.625,-0.65017224494475,0.0313230368785128,-0.725729654382994,0.0920340300315599,-0.519577078859199,0.0325554475279564,-0.5,-0.485014913063204,0.0231888332492521,-0.505841786917373,0.050324350128845,-0.406374068968275,0.0240098430917337,NA,NA,NA,NA,NA,NA,NA,NA
-0.5,-0.625,-0.618996952601139,0.0336214494757782,-0.614068168153707,0.0623539033468432,-0.501589468927033,0.0339728846794539,-0.5,-0.507576061445825,0.0246465188578409,-0.553215435332141,0.0648914210169271,-0.413756829975367,0.0254893487444185,NA,NA,NA,NA,NA,NA,NA,NA
-0.5,-0.625,-0.664426199664622,0.0334417084010707,-0.575513834279423,0.0494185553618231,-0.50595776870225,0.0343387219849169,-0.5,-0.552778224817854,0.0243877328769407,-0.591430130300574,0.0454819603342165,-0.473033749006341,0.0256040799960173,NA,NA,NA,NA,NA,NA,NA,NA
-0.5,-0.625,-0.666905119967691,0.0342012011183608,-0.763694538300691,0.0661424492824933,-0.574027463585618,0.0350146346264953,-0.5,-0.444514234539108,0.0229719816662569,-0.476964431526731,0.0472699593643716,-0.34602185479089,0.0235882162137167,NA,NA,NA,NA,NA,NA,NA,NA
-0.5,-0.625,-0.603252328619592,0.0309693580240498,-0.647663097046776,0.066341720923929,-0.463548784206908,0.0316180047400748,-0.5,-0.475066374497579,0.0235307740849842,-0.474408144826048,0.0387185813755734,-0.37602362880723,0.0243007141355877,NA,NA,NA,NA,NA,NA,NA,NA
-0.5,-0.625,-0.588971744994436,0.0302309896832058,-0.606007003451772,0.0574122935641059,-0.463771544966477,0.0308887634699325,-0.5,-0.479914238279224,0.0234305885946122,-0.439089226179806,0.0416355606099916,-0.343418453155532,0.0243316934888506,NA,NA,NA,NA,NA,NA,NA,NA
-0.5,-0.625,-0.596831871995367,0.0328326311095898,-0.583004673560758,0.0545595921256537,-0.482839398239315,0.0330932217183041,-0.5,-0.51559248299768,0.0246586430031856,-0.552850512374295,0.0463467807679633,-0.454228445479421,0.0253808881748333,NA,NA,NA,NA,NA,NA,NA,NA
-0.5,-0.625,-0.636576962112402,0.0328172574048446,-0.597814222916744,0.0542655506145125,-0.475211089116671,0.0334201711442135,-0.5,-0.487009677953039,0.0234046772188668,-0.504559578476361,0.0402684584115353,-0.415979938019597,0.02416259380616,NA,NA,NA,NA,NA,NA,NA,NA
-0.5,-0.625,-0.618706015557616,0.0321651112400584,-0.649053489676692,0.0706994681698257,-0.508802539284803,0.0328046116682097,-0.5,-0.528404490989155,0.0256453957627506,-0.5371835415471,0.0443057249464692,-0.421191163122185,0.0265459988719241,NA,NA,NA,NA,NA,NA,NA,NA
NA,NA,NA,NA,NA,NA,NA,NA,NA,NA,NA,NA,NA,NA,NA,NA,NA,NA,NA,NA,NA,NA,NA
